make --no-print-directory -C "build" mission-all
/usr/bin/cmake -S/home/hj/Documents/COSMIC_FSW/cfe -B/home/hj/Documents/COSMIC_FSW/build --check-build-system CMakeFiles/Makefile.cmake 0
make  -f CMakeFiles/Makefile2 mission-all
/usr/bin/cmake -S/home/hj/Documents/COSMIC_FSW/cfe -B/home/hj/Documents/COSMIC_FSW/build --check-build-system CMakeFiles/Makefile.cmake 0
/usr/bin/cmake -E cmake_progress_start /home/hj/Documents/COSMIC_FSW/build/CMakeFiles 12
make  -f CMakeFiles/Makefile2 CMakeFiles/mission-all.dir/all
make  -f tools/elf2cfetbl/CMakeFiles/elf2cfetbl.dir/build.make tools/elf2cfetbl/CMakeFiles/elf2cfetbl.dir/depend
cd /home/hj/Documents/COSMIC_FSW/build && /usr/bin/cmake -E cmake_depends "Unix Makefiles" /home/hj/Documents/COSMIC_FSW/cfe /home/hj/Documents/COSMIC_FSW/tools/elf2cfetbl /home/hj/Documents/COSMIC_FSW/build /home/hj/Documents/COSMIC_FSW/build/tools/elf2cfetbl /home/hj/Documents/COSMIC_FSW/build/tools/elf2cfetbl/CMakeFiles/elf2cfetbl.dir/DependInfo.cmake --color=
Dependencies file "tools/elf2cfetbl/CMakeFiles/elf2cfetbl.dir/elf2cfetbl.c.o.d" is newer than depends file "/home/hj/Documents/COSMIC_FSW/build/tools/elf2cfetbl/CMakeFiles/elf2cfetbl.dir/compiler_depend.internal".
Consolidate compiler generated dependencies of target elf2cfetbl
make  -f tools/elf2cfetbl/CMakeFiles/elf2cfetbl.dir/build.make tools/elf2cfetbl/CMakeFiles/elf2cfetbl.dir/build
make[4]: 'tools/elf2cfetbl/CMakeFiles/elf2cfetbl.dir/build'을(를) 위해 할 일이 없습니다.
[ 16%] Built target elf2cfetbl
make  -f CMakeFiles/cfe-build-env.dir/build.make CMakeFiles/cfe-build-env.dir/depend
cd /home/hj/Documents/COSMIC_FSW/build && /usr/bin/cmake -E cmake_depends "Unix Makefiles" /home/hj/Documents/COSMIC_FSW/cfe /home/hj/Documents/COSMIC_FSW/cfe /home/hj/Documents/COSMIC_FSW/build /home/hj/Documents/COSMIC_FSW/build /home/hj/Documents/COSMIC_FSW/build/CMakeFiles/cfe-build-env.dir/DependInfo.cmake --color=
make  -f CMakeFiles/cfe-build-env.dir/build.make CMakeFiles/cfe-build-env.dir/build
cd /home/hj/Documents/COSMIC_FSW/cfe && /usr/bin/cmake -D BIN=/home/hj/Documents/COSMIC_FSW/build -P /home/hj/Documents/COSMIC_FSW/cfe/cmake/generate_build_env.cmake
[ 16%] Built target cfe-build-env
make  -f CMakeFiles/cfe-module-version.dir/build.make CMakeFiles/cfe-module-version.dir/depend
cd /home/hj/Documents/COSMIC_FSW/build && /usr/bin/cmake -E cmake_depends "Unix Makefiles" /home/hj/Documents/COSMIC_FSW/cfe /home/hj/Documents/COSMIC_FSW/cfe /home/hj/Documents/COSMIC_FSW/build /home/hj/Documents/COSMIC_FSW/build /home/hj/Documents/COSMIC_FSW/build/CMakeFiles/cfe-module-version.dir/DependInfo.cmake --color=
make  -f CMakeFiles/cfe-module-version.dir/build.make CMakeFiles/cfe-module-version.dir/build
cd /home/hj/Documents/COSMIC_FSW/cfe && /usr/bin/cmake -D BIN=/home/hj/Documents/COSMIC_FSW/build -P /home/hj/Documents/COSMIC_FSW/cfe/cmake/generate_git_module_version.cmake
[ 16%] Built target cfe-module-version
make  -f CMakeFiles/mission-version.dir/build.make CMakeFiles/mission-version.dir/depend
cd /home/hj/Documents/COSMIC_FSW/build && /usr/bin/cmake -E cmake_depends "Unix Makefiles" /home/hj/Documents/COSMIC_FSW/cfe /home/hj/Documents/COSMIC_FSW/cfe /home/hj/Documents/COSMIC_FSW/build /home/hj/Documents/COSMIC_FSW/build /home/hj/Documents/COSMIC_FSW/build/CMakeFiles/mission-version.dir/DependInfo.cmake --color=
make  -f CMakeFiles/mission-version.dir/build.make CMakeFiles/mission-version.dir/build
make[4]: 'CMakeFiles/mission-version.dir/build'을(를) 위해 할 일이 없습니다.
[ 16%] Built target mission-version
make  -f cfeconfig_platformdata_tool/CMakeFiles/cfeconfig_platformdata_obc_default_obc.dir/build.make cfeconfig_platformdata_tool/CMakeFiles/cfeconfig_platformdata_obc_default_obc.dir/depend
cd /home/hj/Documents/COSMIC_FSW/build && /usr/bin/cmake -E cmake_depends "Unix Makefiles" /home/hj/Documents/COSMIC_FSW/cfe /home/hj/Documents/COSMIC_FSW/cfe/modules/config/tool /home/hj/Documents/COSMIC_FSW/build /home/hj/Documents/COSMIC_FSW/build/cfeconfig_platformdata_tool /home/hj/Documents/COSMIC_FSW/build/cfeconfig_platformdata_tool/CMakeFiles/cfeconfig_platformdata_obc_default_obc.dir/DependInfo.cmake --color=
Dependencies file "cfeconfig_platformdata_tool/CMakeFiles/cfeconfig_platformdata_obc_default_obc.dir/cfeconfig_platformdata_table.c.o.d" is newer than depends file "/home/hj/Documents/COSMIC_FSW/build/cfeconfig_platformdata_tool/CMakeFiles/cfeconfig_platformdata_obc_default_obc.dir/compiler_depend.internal".
Consolidate compiler generated dependencies of target cfeconfig_platformdata_obc_default_obc
make  -f cfeconfig_platformdata_tool/CMakeFiles/cfeconfig_platformdata_obc_default_obc.dir/build.make cfeconfig_platformdata_tool/CMakeFiles/cfeconfig_platformdata_obc_default_obc.dir/build
[ 25%] Building C object cfeconfig_platformdata_tool/CMakeFiles/cfeconfig_platformdata_obc_default_obc.dir/cfeconfig_platformdata_table.c.o
cd /home/hj/Documents/COSMIC_FSW/build/cfeconfig_platformdata_tool && /usr/bin/cc -DMAP_ENTRY_LIST=CFECONFIG_PLATFORMDATA_obc_default_obc -D_XOPEN_SOURCE=600 -I/home/hj/Documents/COSMIC_FSW/build/inc -I/home/hj/Documents/COSMIC_FSW/cfe/modules/config/tool/../fsw/inc -I/home/hj/Documents/COSMIC_FSW/build/obc/default_obc/inc -g -std=c99 -pedantic -Wall -Wstrict-prototypes -Wwrite-strings -Wpointer-arith -Wcast-align -Werror -MD -MT cfeconfig_platformdata_tool/CMakeFiles/cfeconfig_platformdata_obc_default_obc.dir/cfeconfig_platformdata_table.c.o -MF CMakeFiles/cfeconfig_platformdata_obc_default_obc.dir/cfeconfig_platformdata_table.c.o.d -o CMakeFiles/cfeconfig_platformdata_obc_default_obc.dir/cfeconfig_platformdata_table.c.o -c /home/hj/Documents/COSMIC_FSW/cfe/modules/config/tool/cfeconfig_platformdata_table.c
[ 25%] Built target cfeconfig_platformdata_obc_default_obc
make  -f cfeconfig_platformdata_tool/CMakeFiles/cfeconfig_platformdata_i686_linux_gnu_default_cpu1.dir/build.make cfeconfig_platformdata_tool/CMakeFiles/cfeconfig_platformdata_i686_linux_gnu_default_cpu1.dir/depend
cd /home/hj/Documents/COSMIC_FSW/build && /usr/bin/cmake -E cmake_depends "Unix Makefiles" /home/hj/Documents/COSMIC_FSW/cfe /home/hj/Documents/COSMIC_FSW/cfe/modules/config/tool /home/hj/Documents/COSMIC_FSW/build /home/hj/Documents/COSMIC_FSW/build/cfeconfig_platformdata_tool /home/hj/Documents/COSMIC_FSW/build/cfeconfig_platformdata_tool/CMakeFiles/cfeconfig_platformdata_i686_linux_gnu_default_cpu1.dir/DependInfo.cmake --color=
Dependencies file "cfeconfig_platformdata_tool/CMakeFiles/cfeconfig_platformdata_i686_linux_gnu_default_cpu1.dir/cfeconfig_platformdata_table.c.o.d" is newer than depends file "/home/hj/Documents/COSMIC_FSW/build/cfeconfig_platformdata_tool/CMakeFiles/cfeconfig_platformdata_i686_linux_gnu_default_cpu1.dir/compiler_depend.internal".
Consolidate compiler generated dependencies of target cfeconfig_platformdata_i686_linux_gnu_default_cpu1
make  -f cfeconfig_platformdata_tool/CMakeFiles/cfeconfig_platformdata_i686_linux_gnu_default_cpu1.dir/build.make cfeconfig_platformdata_tool/CMakeFiles/cfeconfig_platformdata_i686_linux_gnu_default_cpu1.dir/build
[ 33%] Building C object cfeconfig_platformdata_tool/CMakeFiles/cfeconfig_platformdata_i686_linux_gnu_default_cpu1.dir/cfeconfig_platformdata_table.c.o
cd /home/hj/Documents/COSMIC_FSW/build/cfeconfig_platformdata_tool && /usr/bin/cc -DMAP_ENTRY_LIST=CFECONFIG_PLATFORMDATA_i686_linux_gnu_default_cpu1 -D_XOPEN_SOURCE=600 -I/home/hj/Documents/COSMIC_FSW/build/inc -I/home/hj/Documents/COSMIC_FSW/cfe/modules/config/tool/../fsw/inc -I/home/hj/Documents/COSMIC_FSW/build/i686-linux-gnu/default_cpu1/inc -g -std=c99 -pedantic -Wall -Wstrict-prototypes -Wwrite-strings -Wpointer-arith -Wcast-align -Werror -MD -MT cfeconfig_platformdata_tool/CMakeFiles/cfeconfig_platformdata_i686_linux_gnu_default_cpu1.dir/cfeconfig_platformdata_table.c.o -MF CMakeFiles/cfeconfig_platformdata_i686_linux_gnu_default_cpu1.dir/cfeconfig_platformdata_table.c.o.d -o CMakeFiles/cfeconfig_platformdata_i686_linux_gnu_default_cpu1.dir/cfeconfig_platformdata_table.c.o -c /home/hj/Documents/COSMIC_FSW/cfe/modules/config/tool/cfeconfig_platformdata_table.c
[ 33%] Built target cfeconfig_platformdata_i686_linux_gnu_default_cpu1
make  -f cfeconfig_platformdata_tool/CMakeFiles/cfeconfig_platformdata_tool.dir/build.make cfeconfig_platformdata_tool/CMakeFiles/cfeconfig_platformdata_tool.dir/depend
cd /home/hj/Documents/COSMIC_FSW/build && /usr/bin/cmake -E cmake_depends "Unix Makefiles" /home/hj/Documents/COSMIC_FSW/cfe /home/hj/Documents/COSMIC_FSW/cfe/modules/config/tool /home/hj/Documents/COSMIC_FSW/build /home/hj/Documents/COSMIC_FSW/build/cfeconfig_platformdata_tool /home/hj/Documents/COSMIC_FSW/build/cfeconfig_platformdata_tool/CMakeFiles/cfeconfig_platformdata_tool.dir/DependInfo.cmake --color=
Dependencies file "cfeconfig_platformdata_tool/CMakeFiles/cfeconfig_platformdata_tool.dir/__/src/cfe_configid_nametable.c.o.d" is newer than depends file "/home/hj/Documents/COSMIC_FSW/build/cfeconfig_platformdata_tool/CMakeFiles/cfeconfig_platformdata_tool.dir/compiler_depend.internal".
Dependencies file "cfeconfig_platformdata_tool/CMakeFiles/cfeconfig_platformdata_tool.dir/__/src/cfe_platform_list.c.o.d" is newer than depends file "/home/hj/Documents/COSMIC_FSW/build/cfeconfig_platformdata_tool/CMakeFiles/cfeconfig_platformdata_tool.dir/compiler_depend.internal".
Dependencies file "cfeconfig_platformdata_tool/CMakeFiles/cfeconfig_platformdata_tool.dir/cfeconfig_platformdata_tool.c.o.d" is newer than depends file "/home/hj/Documents/COSMIC_FSW/build/cfeconfig_platformdata_tool/CMakeFiles/cfeconfig_platformdata_tool.dir/compiler_depend.internal".
Consolidate compiler generated dependencies of target cfeconfig_platformdata_tool
make  -f cfeconfig_platformdata_tool/CMakeFiles/cfeconfig_platformdata_tool.dir/build.make cfeconfig_platformdata_tool/CMakeFiles/cfeconfig_platformdata_tool.dir/build
[ 41%] Building C object cfeconfig_platformdata_tool/CMakeFiles/cfeconfig_platformdata_tool.dir/cfeconfig_platformdata_tool.c.o
cd /home/hj/Documents/COSMIC_FSW/build/cfeconfig_platformdata_tool && /usr/bin/cc -D_XOPEN_SOURCE=600 -I/home/hj/Documents/COSMIC_FSW/build/inc -I/home/hj/Documents/COSMIC_FSW/cfe/modules/config/tool/../fsw/inc -I/home/hj/Documents/COSMIC_FSW/cfe/modules/config/tool -g -std=c99 -pedantic -Wall -Wstrict-prototypes -Wwrite-strings -Wpointer-arith -Wcast-align -Werror -MD -MT cfeconfig_platformdata_tool/CMakeFiles/cfeconfig_platformdata_tool.dir/cfeconfig_platformdata_tool.c.o -MF CMakeFiles/cfeconfig_platformdata_tool.dir/cfeconfig_platformdata_tool.c.o.d -o CMakeFiles/cfeconfig_platformdata_tool.dir/cfeconfig_platformdata_tool.c.o -c /home/hj/Documents/COSMIC_FSW/cfe/modules/config/tool/cfeconfig_platformdata_tool.c
[ 50%] Building C object cfeconfig_platformdata_tool/CMakeFiles/cfeconfig_platformdata_tool.dir/__/src/cfe_configid_nametable.c.o
cd /home/hj/Documents/COSMIC_FSW/build/cfeconfig_platformdata_tool && /usr/bin/cc -D_XOPEN_SOURCE=600 -I/home/hj/Documents/COSMIC_FSW/build/inc -I/home/hj/Documents/COSMIC_FSW/cfe/modules/config/tool/../fsw/inc -I/home/hj/Documents/COSMIC_FSW/cfe/modules/config/tool -g -std=c99 -pedantic -Wall -Wstrict-prototypes -Wwrite-strings -Wpointer-arith -Wcast-align -Werror -MD -MT cfeconfig_platformdata_tool/CMakeFiles/cfeconfig_platformdata_tool.dir/__/src/cfe_configid_nametable.c.o -MF CMakeFiles/cfeconfig_platformdata_tool.dir/__/src/cfe_configid_nametable.c.o.d -o CMakeFiles/cfeconfig_platformdata_tool.dir/__/src/cfe_configid_nametable.c.o -c /home/hj/Documents/COSMIC_FSW/build/src/cfe_configid_nametable.c
[ 58%] Building C object cfeconfig_platformdata_tool/CMakeFiles/cfeconfig_platformdata_tool.dir/__/src/cfe_platform_list.c.o
cd /home/hj/Documents/COSMIC_FSW/build/cfeconfig_platformdata_tool && /usr/bin/cc -D_XOPEN_SOURCE=600 -I/home/hj/Documents/COSMIC_FSW/build/inc -I/home/hj/Documents/COSMIC_FSW/cfe/modules/config/tool/../fsw/inc -I/home/hj/Documents/COSMIC_FSW/cfe/modules/config/tool -g -std=c99 -pedantic -Wall -Wstrict-prototypes -Wwrite-strings -Wpointer-arith -Wcast-align -Werror -MD -MT cfeconfig_platformdata_tool/CMakeFiles/cfeconfig_platformdata_tool.dir/__/src/cfe_platform_list.c.o -MF CMakeFiles/cfeconfig_platformdata_tool.dir/__/src/cfe_platform_list.c.o.d -o CMakeFiles/cfeconfig_platformdata_tool.dir/__/src/cfe_platform_list.c.o -c /home/hj/Documents/COSMIC_FSW/build/src/cfe_platform_list.c
[ 66%] Linking C executable cfeconfig_platformdata_tool
cd /home/hj/Documents/COSMIC_FSW/build/cfeconfig_platformdata_tool && /usr/bin/cmake -E cmake_link_script CMakeFiles/cfeconfig_platformdata_tool.dir/link.txt --verbose=1
/usr/bin/cc -g CMakeFiles/cfeconfig_platformdata_tool.dir/cfeconfig_platformdata_tool.c.o CMakeFiles/cfeconfig_platformdata_tool.dir/__/src/cfe_configid_nametable.c.o CMakeFiles/cfeconfig_platformdata_tool.dir/__/src/cfe_platform_list.c.o CMakeFiles/cfeconfig_platformdata_i686_linux_gnu_default_cpu1.dir/cfeconfig_platformdata_table.c.o CMakeFiles/cfeconfig_platformdata_obc_default_obc.dir/cfeconfig_platformdata_table.c.o -o cfeconfig_platformdata_tool 
[ 66%] Built target cfeconfig_platformdata_tool
make  -f cfeconfig_platformdata_tool/CMakeFiles/cfgtool-execute-i686_linux_gnu_default_cpu1.dir/build.make cfeconfig_platformdata_tool/CMakeFiles/cfgtool-execute-i686_linux_gnu_default_cpu1.dir/depend
cd /home/hj/Documents/COSMIC_FSW/build && /usr/bin/cmake -E cmake_depends "Unix Makefiles" /home/hj/Documents/COSMIC_FSW/cfe /home/hj/Documents/COSMIC_FSW/cfe/modules/config/tool /home/hj/Documents/COSMIC_FSW/build /home/hj/Documents/COSMIC_FSW/build/cfeconfig_platformdata_tool /home/hj/Documents/COSMIC_FSW/build/cfeconfig_platformdata_tool/CMakeFiles/cfgtool-execute-i686_linux_gnu_default_cpu1.dir/DependInfo.cmake --color=
make  -f cfeconfig_platformdata_tool/CMakeFiles/cfgtool-execute-i686_linux_gnu_default_cpu1.dir/build.make cfeconfig_platformdata_tool/CMakeFiles/cfgtool-execute-i686_linux_gnu_default_cpu1.dir/build
[ 75%] Generating ../src/cfeconfig_platformdata_i686_linux_gnu_default_cpu1.c
cd /home/hj/Documents/COSMIC_FSW/build/cfeconfig_platformdata_tool && ./cfeconfig_platformdata_tool initcode i686_linux_gnu_default_cpu1 > /home/hj/Documents/COSMIC_FSW/build/src/cfeconfig_platformdata_i686_linux_gnu_default_cpu1.c
[ 83%] Generating ../src/cfeconfig_platformdata_i686_linux_gnu_default_cpu1.list
cd /home/hj/Documents/COSMIC_FSW/build/cfeconfig_platformdata_tool && ./cfeconfig_platformdata_tool entrylist i686_linux_gnu_default_cpu1 > /home/hj/Documents/COSMIC_FSW/build/src/cfeconfig_platformdata_i686_linux_gnu_default_cpu1.list
[ 83%] Built target cfgtool-execute-i686_linux_gnu_default_cpu1
make  -f cfeconfig_platformdata_tool/CMakeFiles/cfgtool-execute-obc_default_obc.dir/build.make cfeconfig_platformdata_tool/CMakeFiles/cfgtool-execute-obc_default_obc.dir/depend
cd /home/hj/Documents/COSMIC_FSW/build && /usr/bin/cmake -E cmake_depends "Unix Makefiles" /home/hj/Documents/COSMIC_FSW/cfe /home/hj/Documents/COSMIC_FSW/cfe/modules/config/tool /home/hj/Documents/COSMIC_FSW/build /home/hj/Documents/COSMIC_FSW/build/cfeconfig_platformdata_tool /home/hj/Documents/COSMIC_FSW/build/cfeconfig_platformdata_tool/CMakeFiles/cfgtool-execute-obc_default_obc.dir/DependInfo.cmake --color=
make  -f cfeconfig_platformdata_tool/CMakeFiles/cfgtool-execute-obc_default_obc.dir/build.make cfeconfig_platformdata_tool/CMakeFiles/cfgtool-execute-obc_default_obc.dir/build
[ 91%] Generating ../src/cfeconfig_platformdata_obc_default_obc.c
cd /home/hj/Documents/COSMIC_FSW/build/cfeconfig_platformdata_tool && ./cfeconfig_platformdata_tool initcode obc_default_obc > /home/hj/Documents/COSMIC_FSW/build/src/cfeconfig_platformdata_obc_default_obc.c
[100%] Generating ../src/cfeconfig_platformdata_obc_default_obc.list
cd /home/hj/Documents/COSMIC_FSW/build/cfeconfig_platformdata_tool && ./cfeconfig_platformdata_tool entrylist obc_default_obc > /home/hj/Documents/COSMIC_FSW/build/src/cfeconfig_platformdata_obc_default_obc.list
[100%] Built target cfgtool-execute-obc_default_obc
make  -f CMakeFiles/mission-prebuild.dir/build.make CMakeFiles/mission-prebuild.dir/depend
cd /home/hj/Documents/COSMIC_FSW/build && /usr/bin/cmake -E cmake_depends "Unix Makefiles" /home/hj/Documents/COSMIC_FSW/cfe /home/hj/Documents/COSMIC_FSW/cfe /home/hj/Documents/COSMIC_FSW/build /home/hj/Documents/COSMIC_FSW/build /home/hj/Documents/COSMIC_FSW/build/CMakeFiles/mission-prebuild.dir/DependInfo.cmake --color=
make  -f CMakeFiles/mission-prebuild.dir/build.make CMakeFiles/mission-prebuild.dir/build
make[4]: 'CMakeFiles/mission-prebuild.dir/build'을(를) 위해 할 일이 없습니다.
[100%] Built target mission-prebuild
make  -f CMakeFiles/obc_default_obc-cfetables.dir/build.make CMakeFiles/obc_default_obc-cfetables.dir/depend
cd /home/hj/Documents/COSMIC_FSW/build && /usr/bin/cmake -E cmake_depends "Unix Makefiles" /home/hj/Documents/COSMIC_FSW/cfe /home/hj/Documents/COSMIC_FSW/cfe /home/hj/Documents/COSMIC_FSW/build /home/hj/Documents/COSMIC_FSW/build /home/hj/Documents/COSMIC_FSW/build/CMakeFiles/obc_default_obc-cfetables.dir/DependInfo.cmake --color=
make  -f CMakeFiles/obc_default_obc-cfetables.dir/build.make CMakeFiles/obc_default_obc-cfetables.dir/build
cd /home/hj/Documents/COSMIC_FSW/build/obc/default_obc && make cfetables
/usr/bin/cmake -S/home/hj/Documents/COSMIC_FSW/cfe -B/home/hj/Documents/COSMIC_FSW/build/obc/default_obc --check-build-system CMakeFiles/Makefile.cmake 0
make  -f CMakeFiles/Makefile2 cfetables
/usr/bin/cmake -S/home/hj/Documents/COSMIC_FSW/cfe -B/home/hj/Documents/COSMIC_FSW/build/obc/default_obc --check-build-system CMakeFiles/Makefile.cmake 0
/usr/bin/cmake -E cmake_progress_start /home/hj/Documents/COSMIC_FSW/build/obc/default_obc/CMakeFiles 8
make  -f CMakeFiles/Makefile2 CMakeFiles/cfetables.dir/all
make  -f apps/rpt/CMakeFiles/tblobj_obc_rpt.tblf6091a782b6827a521068acdb75e50b5236b6440.dir/build.make apps/rpt/CMakeFiles/tblobj_obc_rpt.tblf6091a782b6827a521068acdb75e50b5236b6440.dir/depend
cd /home/hj/Documents/COSMIC_FSW/build/obc/default_obc && /usr/bin/cmake -E cmake_depends "Unix Makefiles" /home/hj/Documents/COSMIC_FSW/cfe /home/hj/Documents/COSMIC_FSW/apps/rpt /home/hj/Documents/COSMIC_FSW/build/obc/default_obc /home/hj/Documents/COSMIC_FSW/build/obc/default_obc/apps/rpt /home/hj/Documents/COSMIC_FSW/build/obc/default_obc/apps/rpt/CMakeFiles/tblobj_obc_rpt.tblf6091a782b6827a521068acdb75e50b5236b6440.dir/DependInfo.cmake --color=
Dependencies file "apps/rpt/CMakeFiles/tblobj_obc_rpt.tblf6091a782b6827a521068acdb75e50b5236b6440.dir/fsw/tables/rpt_tbl.c.o.d" is newer than depends file "/home/hj/Documents/COSMIC_FSW/build/obc/default_obc/apps/rpt/CMakeFiles/tblobj_obc_rpt.tblf6091a782b6827a521068acdb75e50b5236b6440.dir/compiler_depend.internal".
Consolidate compiler generated dependencies of target tblobj_obc_rpt.tblf6091a782b6827a521068acdb75e50b5236b6440
make  -f apps/rpt/CMakeFiles/tblobj_obc_rpt.tblf6091a782b6827a521068acdb75e50b5236b6440.dir/build.make apps/rpt/CMakeFiles/tblobj_obc_rpt.tblf6091a782b6827a521068acdb75e50b5236b6440.dir/build
[  0%] Building C object apps/rpt/CMakeFiles/tblobj_obc_rpt.tblf6091a782b6827a521068acdb75e50b5236b6440.dir/fsw/tables/rpt_tbl.c.o
cd /home/hj/Documents/COSMIC_FSW/build/obc/default_obc/apps/rpt && /home/hj/Documents/COSMIC_FSW/cfe/../submodules/toolchain/bin/arm-buildroot-linux-gnueabi-gcc -DCFE_APP_NAME=\"rpt\" -DCFE_CPU_NAME=obc -D_LINUX_OS_ -D_POSIX_OS_ -D_XOPEN_SOURCE=600 -DCFE_TABLE_NAME=rpt_tbl -I/home/hj/Documents/COSMIC_FSW/build/inc -I/home/hj/Documents/COSMIC_FSW/build/obc/default_obc/inc -I/home/hj/Documents/COSMIC_FSW/cfe/modules/core_api/fsw/inc -I/home/hj/Documents/COSMIC_FSW/cfe/modules/es/fsw/inc -I/home/hj/Documents/COSMIC_FSW/cfe/modules/evs/fsw/inc -I/home/hj/Documents/COSMIC_FSW/cfe/modules/fs/fsw/inc -I/home/hj/Documents/COSMIC_FSW/cfe/modules/sb/fsw/inc -I/home/hj/Documents/COSMIC_FSW/cfe/modules/tbl/fsw/inc -I/home/hj/Documents/COSMIC_FSW/cfe/modules/time/fsw/inc -I/home/hj/Documents/COSMIC_FSW/osal/src/os/inc -I/home/hj/Documents/COSMIC_FSW/build/obc/default_obc/osal/inc -I/home/hj/Documents/COSMIC_FSW/psp/fsw/inc -I/home/hj/Documents/COSMIC_FSW/psp/fsw/modules/iodriver/inc -I/home/hj/Documents/COSMIC_FSW/cfe/modules/msg/fsw/inc -I/home/hj/Documents/COSMIC_FSW/cfe/modules/resourceid/fsw/inc -I/home/hj/Documents/COSMIC_FSW/cfe/modules/config/fsw/inc -I/home/hj/Documents/COSMIC_FSW/cfe/modules/srl/fsw/inc -I/home/hj/Documents/COSMIC_FSW/cfe/modules/rf/fsw/inc -I/home/hj/Documents/COSMIC_FSW/apps/rpt/fsw/inc -g -std=c99 -pedantic -Wall -Wstrict-prototypes -Wwrite-strings -Wpointer-arith -Werror -Wno-format-truncation -Wno-stringop-truncation -MD -MT apps/rpt/CMakeFiles/tblobj_obc_rpt.tblf6091a782b6827a521068acdb75e50b5236b6440.dir/fsw/tables/rpt_tbl.c.o -MF CMakeFiles/tblobj_obc_rpt.tblf6091a782b6827a521068acdb75e50b5236b6440.dir/fsw/tables/rpt_tbl.c.o.d -o CMakeFiles/tblobj_obc_rpt.tblf6091a782b6827a521068acdb75e50b5236b6440.dir/fsw/tables/rpt_tbl.c.o -c /home/hj/Documents/COSMIC_FSW/apps/rpt/fsw/tables/rpt_tbl.c
[  0%] Linking C static library libtblobj_obc_rpt.tblf6091a782b6827a521068acdb75e50b5236b6440.a
cd /home/hj/Documents/COSMIC_FSW/build/obc/default_obc/apps/rpt && /usr/bin/cmake -P CMakeFiles/tblobj_obc_rpt.tblf6091a782b6827a521068acdb75e50b5236b6440.dir/cmake_clean_target.cmake
cd /home/hj/Documents/COSMIC_FSW/build/obc/default_obc/apps/rpt && /usr/bin/cmake -E cmake_link_script CMakeFiles/tblobj_obc_rpt.tblf6091a782b6827a521068acdb75e50b5236b6440.dir/link.txt --verbose=1
/home/hj/Documents/COSMIC_FSW/submodules/toolchain/bin/arm-buildroot-linux-gnueabi-ar qc libtblobj_obc_rpt.tblf6091a782b6827a521068acdb75e50b5236b6440.a CMakeFiles/tblobj_obc_rpt.tblf6091a782b6827a521068acdb75e50b5236b6440.dir/fsw/tables/rpt_tbl.c.o
/home/hj/Documents/COSMIC_FSW/submodules/toolchain/bin/arm-buildroot-linux-gnueabi-ranlib libtblobj_obc_rpt.tblf6091a782b6827a521068acdb75e50b5236b6440.a
[  0%] Built target tblobj_obc_rpt.tblf6091a782b6827a521068acdb75e50b5236b6440
make  -f apps/rpt/CMakeFiles/generate_table_obc_rpt_rpt_tbl.dir/build.make apps/rpt/CMakeFiles/generate_table_obc_rpt_rpt_tbl.dir/depend
cd /home/hj/Documents/COSMIC_FSW/build/obc/default_obc && /usr/bin/cmake -E cmake_depends "Unix Makefiles" /home/hj/Documents/COSMIC_FSW/cfe /home/hj/Documents/COSMIC_FSW/apps/rpt /home/hj/Documents/COSMIC_FSW/build/obc/default_obc /home/hj/Documents/COSMIC_FSW/build/obc/default_obc/apps/rpt /home/hj/Documents/COSMIC_FSW/build/obc/default_obc/apps/rpt/CMakeFiles/generate_table_obc_rpt_rpt_tbl.dir/DependInfo.cmake --color=
make  -f apps/rpt/CMakeFiles/generate_table_obc_rpt_rpt_tbl.dir/build.make apps/rpt/CMakeFiles/generate_table_obc_rpt_rpt_tbl.dir/build
[  0%] Generating /home/hj/Documents/COSMIC_FSW/build/tables/obc_rpt.tblf6091a782b6827a521068acdb75e50b5236b6440.rpt_tbl.d
cd /home/hj/Documents/COSMIC_FSW/build/tables && /usr/bin/cmake -DTEMPLATE_FILE="/home/hj/Documents/COSMIC_FSW/tools/elf2cfetbl/scripts/table_rule_template.d.in" -DTARGET_SCID="0x42" -DTARGET_PRID="2" -DAPP_NAME="rpt" -DTARGET_NAME="obc" -DARCHIVE_FILE=""/home/hj/Documents/COSMIC_FSW/build/obc/default_obc/apps/rpt/libtblobj_obc_rpt.tblf6091a782b6827a521068acdb75e50b5236b6440.a"" -DINSTALL_SUBDIR="cf" -DOUTPUT_FILE="/home/hj/Documents/COSMIC_FSW/build/tables/obc_rpt.tblf6091a782b6827a521068acdb75e50b5236b6440.rpt_tbl.d" -DTABLE_NAME="rpt_tbl" -DSOURCES="/home/hj/Documents/COSMIC_FSW/apps/rpt/fsw/tables/rpt_tbl.c" -DOBJEXT=".o" -P /home/hj/Documents/COSMIC_FSW/tools/elf2cfetbl/scripts/generate_elf_table_rules.cmake
[  0%] Built target generate_table_obc_rpt_rpt_tbl
make  -f apps/to_lab/CMakeFiles/tblobj_obc_to_lab.tbl58a46b2371a8048a79b882ab091c862d69cb473a.dir/build.make apps/to_lab/CMakeFiles/tblobj_obc_to_lab.tbl58a46b2371a8048a79b882ab091c862d69cb473a.dir/depend
cd /home/hj/Documents/COSMIC_FSW/build/obc/default_obc && /usr/bin/cmake -E cmake_depends "Unix Makefiles" /home/hj/Documents/COSMIC_FSW/cfe /home/hj/Documents/COSMIC_FSW/apps/to_lab /home/hj/Documents/COSMIC_FSW/build/obc/default_obc /home/hj/Documents/COSMIC_FSW/build/obc/default_obc/apps/to_lab /home/hj/Documents/COSMIC_FSW/build/obc/default_obc/apps/to_lab/CMakeFiles/tblobj_obc_to_lab.tbl58a46b2371a8048a79b882ab091c862d69cb473a.dir/DependInfo.cmake --color=
Dependencies file "apps/to_lab/CMakeFiles/tblobj_obc_to_lab.tbl58a46b2371a8048a79b882ab091c862d69cb473a.dir/fsw/tables/to_lab_sub.c.o.d" is newer than depends file "/home/hj/Documents/COSMIC_FSW/build/obc/default_obc/apps/to_lab/CMakeFiles/tblobj_obc_to_lab.tbl58a46b2371a8048a79b882ab091c862d69cb473a.dir/compiler_depend.internal".
Consolidate compiler generated dependencies of target tblobj_obc_to_lab.tbl58a46b2371a8048a79b882ab091c862d69cb473a
make  -f apps/to_lab/CMakeFiles/tblobj_obc_to_lab.tbl58a46b2371a8048a79b882ab091c862d69cb473a.dir/build.make apps/to_lab/CMakeFiles/tblobj_obc_to_lab.tbl58a46b2371a8048a79b882ab091c862d69cb473a.dir/build
[  0%] Building C object apps/to_lab/CMakeFiles/tblobj_obc_to_lab.tbl58a46b2371a8048a79b882ab091c862d69cb473a.dir/fsw/tables/to_lab_sub.c.o
cd /home/hj/Documents/COSMIC_FSW/build/obc/default_obc/apps/to_lab && /home/hj/Documents/COSMIC_FSW/cfe/../submodules/toolchain/bin/arm-buildroot-linux-gnueabi-gcc -DCFE_APP_NAME=\"to_lab\" -DCFE_CPU_NAME=obc -DHAVE_CI_LAB -DHAVE_LC -DHAVE_SAMPLE_APP -DHAVE_SC -D_LINUX_OS_ -D_POSIX_OS_ -D_XOPEN_SOURCE=600 -DCFE_TABLE_NAME=to_lab_sub -I/home/hj/Documents/COSMIC_FSW/build/inc -I/home/hj/Documents/COSMIC_FSW/build/obc/default_obc/inc -I/home/hj/Documents/COSMIC_FSW/apps/ci_lab/fsw/inc -I/home/hj/Documents/COSMIC_FSW/cfe/modules/core_api/fsw/inc -I/home/hj/Documents/COSMIC_FSW/cfe/modules/es/fsw/inc -I/home/hj/Documents/COSMIC_FSW/cfe/modules/evs/fsw/inc -I/home/hj/Documents/COSMIC_FSW/cfe/modules/fs/fsw/inc -I/home/hj/Documents/COSMIC_FSW/cfe/modules/sb/fsw/inc -I/home/hj/Documents/COSMIC_FSW/cfe/modules/tbl/fsw/inc -I/home/hj/Documents/COSMIC_FSW/cfe/modules/time/fsw/inc -I/home/hj/Documents/COSMIC_FSW/osal/src/os/inc -I/home/hj/Documents/COSMIC_FSW/build/obc/default_obc/osal/inc -I/home/hj/Documents/COSMIC_FSW/psp/fsw/inc -I/home/hj/Documents/COSMIC_FSW/psp/fsw/modules/iodriver/inc -I/home/hj/Documents/COSMIC_FSW/cfe/modules/msg/fsw/inc -I/home/hj/Documents/COSMIC_FSW/cfe/modules/resourceid/fsw/inc -I/home/hj/Documents/COSMIC_FSW/cfe/modules/config/fsw/inc -I/home/hj/Documents/COSMIC_FSW/cfe/modules/srl/fsw/inc -I/home/hj/Documents/COSMIC_FSW/cfe/modules/rf/fsw/inc -I/home/hj/Documents/COSMIC_FSW/apps/sample_app/fsw/inc -I/home/hj/Documents/COSMIC_FSW/libs/sample_lib/fsw/public_inc -I/home/hj/Documents/COSMIC_FSW/apps/sc/fsw/inc -I/home/hj/Documents/COSMIC_FSW/apps/lc/fsw/inc -I/home/hj/Documents/COSMIC_FSW/apps/to_lab/fsw/inc -g -std=c99 -pedantic -Wall -Wstrict-prototypes -Wwrite-strings -Wpointer-arith -Werror -Wno-format-truncation -Wno-stringop-truncation -MD -MT apps/to_lab/CMakeFiles/tblobj_obc_to_lab.tbl58a46b2371a8048a79b882ab091c862d69cb473a.dir/fsw/tables/to_lab_sub.c.o -MF CMakeFiles/tblobj_obc_to_lab.tbl58a46b2371a8048a79b882ab091c862d69cb473a.dir/fsw/tables/to_lab_sub.c.o.d -o CMakeFiles/tblobj_obc_to_lab.tbl58a46b2371a8048a79b882ab091c862d69cb473a.dir/fsw/tables/to_lab_sub.c.o -c /home/hj/Documents/COSMIC_FSW/apps/to_lab/fsw/tables/to_lab_sub.c
[ 12%] Linking C static library libtblobj_obc_to_lab.tbl58a46b2371a8048a79b882ab091c862d69cb473a.a
cd /home/hj/Documents/COSMIC_FSW/build/obc/default_obc/apps/to_lab && /usr/bin/cmake -P CMakeFiles/tblobj_obc_to_lab.tbl58a46b2371a8048a79b882ab091c862d69cb473a.dir/cmake_clean_target.cmake
cd /home/hj/Documents/COSMIC_FSW/build/obc/default_obc/apps/to_lab && /usr/bin/cmake -E cmake_link_script CMakeFiles/tblobj_obc_to_lab.tbl58a46b2371a8048a79b882ab091c862d69cb473a.dir/link.txt --verbose=1
/home/hj/Documents/COSMIC_FSW/submodules/toolchain/bin/arm-buildroot-linux-gnueabi-ar qc libtblobj_obc_to_lab.tbl58a46b2371a8048a79b882ab091c862d69cb473a.a CMakeFiles/tblobj_obc_to_lab.tbl58a46b2371a8048a79b882ab091c862d69cb473a.dir/fsw/tables/to_lab_sub.c.o
/home/hj/Documents/COSMIC_FSW/submodules/toolchain/bin/arm-buildroot-linux-gnueabi-ranlib libtblobj_obc_to_lab.tbl58a46b2371a8048a79b882ab091c862d69cb473a.a
[ 12%] Built target tblobj_obc_to_lab.tbl58a46b2371a8048a79b882ab091c862d69cb473a
make  -f apps/to_lab/CMakeFiles/generate_table_obc_to_lab_to_lab_sub.dir/build.make apps/to_lab/CMakeFiles/generate_table_obc_to_lab_to_lab_sub.dir/depend
cd /home/hj/Documents/COSMIC_FSW/build/obc/default_obc && /usr/bin/cmake -E cmake_depends "Unix Makefiles" /home/hj/Documents/COSMIC_FSW/cfe /home/hj/Documents/COSMIC_FSW/apps/to_lab /home/hj/Documents/COSMIC_FSW/build/obc/default_obc /home/hj/Documents/COSMIC_FSW/build/obc/default_obc/apps/to_lab /home/hj/Documents/COSMIC_FSW/build/obc/default_obc/apps/to_lab/CMakeFiles/generate_table_obc_to_lab_to_lab_sub.dir/DependInfo.cmake --color=
make  -f apps/to_lab/CMakeFiles/generate_table_obc_to_lab_to_lab_sub.dir/build.make apps/to_lab/CMakeFiles/generate_table_obc_to_lab_to_lab_sub.dir/build
[ 25%] Generating /home/hj/Documents/COSMIC_FSW/build/tables/obc_to_lab.tbl58a46b2371a8048a79b882ab091c862d69cb473a.to_lab_sub.d
cd /home/hj/Documents/COSMIC_FSW/build/tables && /usr/bin/cmake -DTEMPLATE_FILE="/home/hj/Documents/COSMIC_FSW/tools/elf2cfetbl/scripts/table_rule_template.d.in" -DTARGET_SCID="0x42" -DTARGET_PRID="2" -DAPP_NAME="to_lab" -DTARGET_NAME="obc" -DARCHIVE_FILE=""/home/hj/Documents/COSMIC_FSW/build/obc/default_obc/apps/to_lab/libtblobj_obc_to_lab.tbl58a46b2371a8048a79b882ab091c862d69cb473a.a"" -DINSTALL_SUBDIR="cf" -DOUTPUT_FILE="/home/hj/Documents/COSMIC_FSW/build/tables/obc_to_lab.tbl58a46b2371a8048a79b882ab091c862d69cb473a.to_lab_sub.d" -DTABLE_NAME="to_lab_sub" -DSOURCES="/home/hj/Documents/COSMIC_FSW/apps/to_lab/fsw/tables/to_lab_sub.c" -DOBJEXT=".o" -P /home/hj/Documents/COSMIC_FSW/tools/elf2cfetbl/scripts/generate_elf_table_rules.cmake
[ 25%] Built target generate_table_obc_to_lab_to_lab_sub
make  -f apps/sch_lab/CMakeFiles/tblobj_obc_sch_lab.tbl7d62b9de13426b225530624889b44a3e3db9f0b3.dir/build.make apps/sch_lab/CMakeFiles/tblobj_obc_sch_lab.tbl7d62b9de13426b225530624889b44a3e3db9f0b3.dir/depend
cd /home/hj/Documents/COSMIC_FSW/build/obc/default_obc && /usr/bin/cmake -E cmake_depends "Unix Makefiles" /home/hj/Documents/COSMIC_FSW/cfe /home/hj/Documents/COSMIC_FSW/apps/sch_lab /home/hj/Documents/COSMIC_FSW/build/obc/default_obc /home/hj/Documents/COSMIC_FSW/build/obc/default_obc/apps/sch_lab /home/hj/Documents/COSMIC_FSW/build/obc/default_obc/apps/sch_lab/CMakeFiles/tblobj_obc_sch_lab.tbl7d62b9de13426b225530624889b44a3e3db9f0b3.dir/DependInfo.cmake --color=
Dependencies file "apps/sch_lab/CMakeFiles/tblobj_obc_sch_lab.tbl7d62b9de13426b225530624889b44a3e3db9f0b3.dir/fsw/tables/sch_lab_table.c.o.d" is newer than depends file "/home/hj/Documents/COSMIC_FSW/build/obc/default_obc/apps/sch_lab/CMakeFiles/tblobj_obc_sch_lab.tbl7d62b9de13426b225530624889b44a3e3db9f0b3.dir/compiler_depend.internal".
Consolidate compiler generated dependencies of target tblobj_obc_sch_lab.tbl7d62b9de13426b225530624889b44a3e3db9f0b3
make  -f apps/sch_lab/CMakeFiles/tblobj_obc_sch_lab.tbl7d62b9de13426b225530624889b44a3e3db9f0b3.dir/build.make apps/sch_lab/CMakeFiles/tblobj_obc_sch_lab.tbl7d62b9de13426b225530624889b44a3e3db9f0b3.dir/build
[ 25%] Building C object apps/sch_lab/CMakeFiles/tblobj_obc_sch_lab.tbl7d62b9de13426b225530624889b44a3e3db9f0b3.dir/fsw/tables/sch_lab_table.c.o
cd /home/hj/Documents/COSMIC_FSW/build/obc/default_obc/apps/sch_lab && /home/hj/Documents/COSMIC_FSW/cfe/../submodules/toolchain/bin/arm-buildroot-linux-gnueabi-gcc -DCFE_APP_NAME=\"sch_lab\" -DCFE_CPU_NAME=obc -DHAVE_CI_LAB -DHAVE_LC -DHAVE_SAMPLE_APP -DHAVE_SC -DHAVE_TO_LAB -D_LINUX_OS_ -D_POSIX_OS_ -D_XOPEN_SOURCE=600 -DCFE_TABLE_NAME=sch_lab_table -I/home/hj/Documents/COSMIC_FSW/build/inc -I/home/hj/Documents/COSMIC_FSW/build/obc/default_obc/inc -I/home/hj/Documents/COSMIC_FSW/apps/ci_lab/fsw/inc -I/home/hj/Documents/COSMIC_FSW/cfe/modules/core_api/fsw/inc -I/home/hj/Documents/COSMIC_FSW/cfe/modules/es/fsw/inc -I/home/hj/Documents/COSMIC_FSW/cfe/modules/evs/fsw/inc -I/home/hj/Documents/COSMIC_FSW/cfe/modules/fs/fsw/inc -I/home/hj/Documents/COSMIC_FSW/cfe/modules/sb/fsw/inc -I/home/hj/Documents/COSMIC_FSW/cfe/modules/tbl/fsw/inc -I/home/hj/Documents/COSMIC_FSW/cfe/modules/time/fsw/inc -I/home/hj/Documents/COSMIC_FSW/osal/src/os/inc -I/home/hj/Documents/COSMIC_FSW/build/obc/default_obc/osal/inc -I/home/hj/Documents/COSMIC_FSW/psp/fsw/inc -I/home/hj/Documents/COSMIC_FSW/psp/fsw/modules/iodriver/inc -I/home/hj/Documents/COSMIC_FSW/cfe/modules/msg/fsw/inc -I/home/hj/Documents/COSMIC_FSW/cfe/modules/resourceid/fsw/inc -I/home/hj/Documents/COSMIC_FSW/cfe/modules/config/fsw/inc -I/home/hj/Documents/COSMIC_FSW/cfe/modules/srl/fsw/inc -I/home/hj/Documents/COSMIC_FSW/cfe/modules/rf/fsw/inc -I/home/hj/Documents/COSMIC_FSW/apps/to_lab/fsw/inc -I/home/hj/Documents/COSMIC_FSW/apps/sample_app/fsw/inc -I/home/hj/Documents/COSMIC_FSW/libs/sample_lib/fsw/public_inc -I/home/hj/Documents/COSMIC_FSW/apps/sc/fsw/inc -I/home/hj/Documents/COSMIC_FSW/apps/lc/fsw/inc -g -std=c99 -pedantic -Wall -Wstrict-prototypes -Wwrite-strings -Wpointer-arith -Werror -Wno-format-truncation -Wno-stringop-truncation -MD -MT apps/sch_lab/CMakeFiles/tblobj_obc_sch_lab.tbl7d62b9de13426b225530624889b44a3e3db9f0b3.dir/fsw/tables/sch_lab_table.c.o -MF CMakeFiles/tblobj_obc_sch_lab.tbl7d62b9de13426b225530624889b44a3e3db9f0b3.dir/fsw/tables/sch_lab_table.c.o.d -o CMakeFiles/tblobj_obc_sch_lab.tbl7d62b9de13426b225530624889b44a3e3db9f0b3.dir/fsw/tables/sch_lab_table.c.o -c /home/hj/Documents/COSMIC_FSW/apps/sch_lab/fsw/tables/sch_lab_table.c
[ 25%] Linking C static library libtblobj_obc_sch_lab.tbl7d62b9de13426b225530624889b44a3e3db9f0b3.a
cd /home/hj/Documents/COSMIC_FSW/build/obc/default_obc/apps/sch_lab && /usr/bin/cmake -P CMakeFiles/tblobj_obc_sch_lab.tbl7d62b9de13426b225530624889b44a3e3db9f0b3.dir/cmake_clean_target.cmake
cd /home/hj/Documents/COSMIC_FSW/build/obc/default_obc/apps/sch_lab && /usr/bin/cmake -E cmake_link_script CMakeFiles/tblobj_obc_sch_lab.tbl7d62b9de13426b225530624889b44a3e3db9f0b3.dir/link.txt --verbose=1
/home/hj/Documents/COSMIC_FSW/submodules/toolchain/bin/arm-buildroot-linux-gnueabi-ar qc libtblobj_obc_sch_lab.tbl7d62b9de13426b225530624889b44a3e3db9f0b3.a CMakeFiles/tblobj_obc_sch_lab.tbl7d62b9de13426b225530624889b44a3e3db9f0b3.dir/fsw/tables/sch_lab_table.c.o
/home/hj/Documents/COSMIC_FSW/submodules/toolchain/bin/arm-buildroot-linux-gnueabi-ranlib libtblobj_obc_sch_lab.tbl7d62b9de13426b225530624889b44a3e3db9f0b3.a
[ 25%] Built target tblobj_obc_sch_lab.tbl7d62b9de13426b225530624889b44a3e3db9f0b3
make  -f apps/sch_lab/CMakeFiles/generate_table_obc_sch_lab_sch_lab_table.dir/build.make apps/sch_lab/CMakeFiles/generate_table_obc_sch_lab_sch_lab_table.dir/depend
cd /home/hj/Documents/COSMIC_FSW/build/obc/default_obc && /usr/bin/cmake -E cmake_depends "Unix Makefiles" /home/hj/Documents/COSMIC_FSW/cfe /home/hj/Documents/COSMIC_FSW/apps/sch_lab /home/hj/Documents/COSMIC_FSW/build/obc/default_obc /home/hj/Documents/COSMIC_FSW/build/obc/default_obc/apps/sch_lab /home/hj/Documents/COSMIC_FSW/build/obc/default_obc/apps/sch_lab/CMakeFiles/generate_table_obc_sch_lab_sch_lab_table.dir/DependInfo.cmake --color=
make  -f apps/sch_lab/CMakeFiles/generate_table_obc_sch_lab_sch_lab_table.dir/build.make apps/sch_lab/CMakeFiles/generate_table_obc_sch_lab_sch_lab_table.dir/build
[ 25%] Generating /home/hj/Documents/COSMIC_FSW/build/tables/obc_sch_lab.tbl7d62b9de13426b225530624889b44a3e3db9f0b3.sch_lab_table.d
cd /home/hj/Documents/COSMIC_FSW/build/tables && /usr/bin/cmake -DTEMPLATE_FILE="/home/hj/Documents/COSMIC_FSW/tools/elf2cfetbl/scripts/table_rule_template.d.in" -DTARGET_SCID="0x42" -DTARGET_PRID="2" -DAPP_NAME="sch_lab" -DTARGET_NAME="obc" -DARCHIVE_FILE=""/home/hj/Documents/COSMIC_FSW/build/obc/default_obc/apps/sch_lab/libtblobj_obc_sch_lab.tbl7d62b9de13426b225530624889b44a3e3db9f0b3.a"" -DINSTALL_SUBDIR="cf" -DOUTPUT_FILE="/home/hj/Documents/COSMIC_FSW/build/tables/obc_sch_lab.tbl7d62b9de13426b225530624889b44a3e3db9f0b3.sch_lab_table.d" -DTABLE_NAME="sch_lab_table" -DSOURCES="/home/hj/Documents/COSMIC_FSW/apps/sch_lab/fsw/tables/sch_lab_table.c" -DOBJEXT=".o" -P /home/hj/Documents/COSMIC_FSW/tools/elf2cfetbl/scripts/generate_elf_table_rules.cmake
[ 25%] Built target generate_table_obc_sch_lab_sch_lab_table
make  -f apps/sc/CMakeFiles/tblobj_obc_sc.tbl810812b8b0f92126d65d27382e5f122302fa468f.dir/build.make apps/sc/CMakeFiles/tblobj_obc_sc.tbl810812b8b0f92126d65d27382e5f122302fa468f.dir/depend
cd /home/hj/Documents/COSMIC_FSW/build/obc/default_obc && /usr/bin/cmake -E cmake_depends "Unix Makefiles" /home/hj/Documents/COSMIC_FSW/cfe /home/hj/Documents/COSMIC_FSW/apps/sc /home/hj/Documents/COSMIC_FSW/build/obc/default_obc /home/hj/Documents/COSMIC_FSW/build/obc/default_obc/apps/sc /home/hj/Documents/COSMIC_FSW/build/obc/default_obc/apps/sc/CMakeFiles/tblobj_obc_sc.tbl810812b8b0f92126d65d27382e5f122302fa468f.dir/DependInfo.cmake --color=
Dependencies file "apps/sc/CMakeFiles/tblobj_obc_sc.tbl810812b8b0f92126d65d27382e5f122302fa468f.dir/fsw/tables/sc_ats1.c.o.d" is newer than depends file "/home/hj/Documents/COSMIC_FSW/build/obc/default_obc/apps/sc/CMakeFiles/tblobj_obc_sc.tbl810812b8b0f92126d65d27382e5f122302fa468f.dir/compiler_depend.internal".
Dependencies file "apps/sc/CMakeFiles/tblobj_obc_sc.tbl810812b8b0f92126d65d27382e5f122302fa468f.dir/fsw/tables/sc_rts001.c.o.d" is newer than depends file "/home/hj/Documents/COSMIC_FSW/build/obc/default_obc/apps/sc/CMakeFiles/tblobj_obc_sc.tbl810812b8b0f92126d65d27382e5f122302fa468f.dir/compiler_depend.internal".
Dependencies file "apps/sc/CMakeFiles/tblobj_obc_sc.tbl810812b8b0f92126d65d27382e5f122302fa468f.dir/fsw/tables/sc_rts002.c.o.d" is newer than depends file "/home/hj/Documents/COSMIC_FSW/build/obc/default_obc/apps/sc/CMakeFiles/tblobj_obc_sc.tbl810812b8b0f92126d65d27382e5f122302fa468f.dir/compiler_depend.internal".
Dependencies file "apps/sc/CMakeFiles/tblobj_obc_sc.tbl810812b8b0f92126d65d27382e5f122302fa468f.dir/fsw/tables/sc_rts003.c.o.d" is newer than depends file "/home/hj/Documents/COSMIC_FSW/build/obc/default_obc/apps/sc/CMakeFiles/tblobj_obc_sc.tbl810812b8b0f92126d65d27382e5f122302fa468f.dir/compiler_depend.internal".
Consolidate compiler generated dependencies of target tblobj_obc_sc.tbl810812b8b0f92126d65d27382e5f122302fa468f
make  -f apps/sc/CMakeFiles/tblobj_obc_sc.tbl810812b8b0f92126d65d27382e5f122302fa468f.dir/build.make apps/sc/CMakeFiles/tblobj_obc_sc.tbl810812b8b0f92126d65d27382e5f122302fa468f.dir/build
[ 25%] Building C object apps/sc/CMakeFiles/tblobj_obc_sc.tbl810812b8b0f92126d65d27382e5f122302fa468f.dir/fsw/tables/sc_rts001.c.o
cd /home/hj/Documents/COSMIC_FSW/build/obc/default_obc/apps/sc && /home/hj/Documents/COSMIC_FSW/cfe/../submodules/toolchain/bin/arm-buildroot-linux-gnueabi-gcc -DCFE_APP_NAME=\"sc\" -DCFE_CPU_NAME=obc -D_LINUX_OS_ -D_POSIX_OS_ -D_XOPEN_SOURCE=600 -DCFE_TABLE_NAME=sc_rts001 -I/home/hj/Documents/COSMIC_FSW/build/inc -I/home/hj/Documents/COSMIC_FSW/build/obc/default_obc/inc -I/home/hj/Documents/COSMIC_FSW/cfe/modules/core_api/fsw/inc -I/home/hj/Documents/COSMIC_FSW/cfe/modules/es/fsw/inc -I/home/hj/Documents/COSMIC_FSW/cfe/modules/evs/fsw/inc -I/home/hj/Documents/COSMIC_FSW/cfe/modules/fs/fsw/inc -I/home/hj/Documents/COSMIC_FSW/cfe/modules/sb/fsw/inc -I/home/hj/Documents/COSMIC_FSW/cfe/modules/tbl/fsw/inc -I/home/hj/Documents/COSMIC_FSW/cfe/modules/time/fsw/inc -I/home/hj/Documents/COSMIC_FSW/osal/src/os/inc -I/home/hj/Documents/COSMIC_FSW/build/obc/default_obc/osal/inc -I/home/hj/Documents/COSMIC_FSW/psp/fsw/inc -I/home/hj/Documents/COSMIC_FSW/psp/fsw/modules/iodriver/inc -I/home/hj/Documents/COSMIC_FSW/cfe/modules/msg/fsw/inc -I/home/hj/Documents/COSMIC_FSW/cfe/modules/resourceid/fsw/inc -I/home/hj/Documents/COSMIC_FSW/cfe/modules/config/fsw/inc -I/home/hj/Documents/COSMIC_FSW/cfe/modules/srl/fsw/inc -I/home/hj/Documents/COSMIC_FSW/cfe/modules/rf/fsw/inc -I/home/hj/Documents/COSMIC_FSW/apps/sc/fsw/inc -g -std=c99 -pedantic -Wall -Wstrict-prototypes -Wwrite-strings -Wpointer-arith -Werror -Wno-format-truncation -Wno-stringop-truncation -MD -MT apps/sc/CMakeFiles/tblobj_obc_sc.tbl810812b8b0f92126d65d27382e5f122302fa468f.dir/fsw/tables/sc_rts001.c.o -MF CMakeFiles/tblobj_obc_sc.tbl810812b8b0f92126d65d27382e5f122302fa468f.dir/fsw/tables/sc_rts001.c.o.d -o CMakeFiles/tblobj_obc_sc.tbl810812b8b0f92126d65d27382e5f122302fa468f.dir/fsw/tables/sc_rts001.c.o -c /home/hj/Documents/COSMIC_FSW/apps/sc/fsw/tables/sc_rts001.c
[ 25%] Building C object apps/sc/CMakeFiles/tblobj_obc_sc.tbl810812b8b0f92126d65d27382e5f122302fa468f.dir/fsw/tables/sc_ats1.c.o
cd /home/hj/Documents/COSMIC_FSW/build/obc/default_obc/apps/sc && /home/hj/Documents/COSMIC_FSW/cfe/../submodules/toolchain/bin/arm-buildroot-linux-gnueabi-gcc -DCFE_APP_NAME=\"sc\" -DCFE_CPU_NAME=obc -D_LINUX_OS_ -D_POSIX_OS_ -D_XOPEN_SOURCE=600 -DCFE_TABLE_NAME=sc_ats1 -I/home/hj/Documents/COSMIC_FSW/build/inc -I/home/hj/Documents/COSMIC_FSW/build/obc/default_obc/inc -I/home/hj/Documents/COSMIC_FSW/cfe/modules/core_api/fsw/inc -I/home/hj/Documents/COSMIC_FSW/cfe/modules/es/fsw/inc -I/home/hj/Documents/COSMIC_FSW/cfe/modules/evs/fsw/inc -I/home/hj/Documents/COSMIC_FSW/cfe/modules/fs/fsw/inc -I/home/hj/Documents/COSMIC_FSW/cfe/modules/sb/fsw/inc -I/home/hj/Documents/COSMIC_FSW/cfe/modules/tbl/fsw/inc -I/home/hj/Documents/COSMIC_FSW/cfe/modules/time/fsw/inc -I/home/hj/Documents/COSMIC_FSW/osal/src/os/inc -I/home/hj/Documents/COSMIC_FSW/build/obc/default_obc/osal/inc -I/home/hj/Documents/COSMIC_FSW/psp/fsw/inc -I/home/hj/Documents/COSMIC_FSW/psp/fsw/modules/iodriver/inc -I/home/hj/Documents/COSMIC_FSW/cfe/modules/msg/fsw/inc -I/home/hj/Documents/COSMIC_FSW/cfe/modules/resourceid/fsw/inc -I/home/hj/Documents/COSMIC_FSW/cfe/modules/config/fsw/inc -I/home/hj/Documents/COSMIC_FSW/cfe/modules/srl/fsw/inc -I/home/hj/Documents/COSMIC_FSW/cfe/modules/rf/fsw/inc -I/home/hj/Documents/COSMIC_FSW/apps/sc/fsw/inc -g -std=c99 -pedantic -Wall -Wstrict-prototypes -Wwrite-strings -Wpointer-arith -Werror -Wno-format-truncation -Wno-stringop-truncation -MD -MT apps/sc/CMakeFiles/tblobj_obc_sc.tbl810812b8b0f92126d65d27382e5f122302fa468f.dir/fsw/tables/sc_ats1.c.o -MF CMakeFiles/tblobj_obc_sc.tbl810812b8b0f92126d65d27382e5f122302fa468f.dir/fsw/tables/sc_ats1.c.o.d -o CMakeFiles/tblobj_obc_sc.tbl810812b8b0f92126d65d27382e5f122302fa468f.dir/fsw/tables/sc_ats1.c.o -c /home/hj/Documents/COSMIC_FSW/apps/sc/fsw/tables/sc_ats1.c
[ 25%] Building C object apps/sc/CMakeFiles/tblobj_obc_sc.tbl810812b8b0f92126d65d27382e5f122302fa468f.dir/fsw/tables/sc_rts002.c.o
cd /home/hj/Documents/COSMIC_FSW/build/obc/default_obc/apps/sc && /home/hj/Documents/COSMIC_FSW/cfe/../submodules/toolchain/bin/arm-buildroot-linux-gnueabi-gcc -DCFE_APP_NAME=\"sc\" -DCFE_CPU_NAME=obc -D_LINUX_OS_ -D_POSIX_OS_ -D_XOPEN_SOURCE=600 -DCFE_TABLE_NAME=sc_rts002 -I/home/hj/Documents/COSMIC_FSW/build/inc -I/home/hj/Documents/COSMIC_FSW/build/obc/default_obc/inc -I/home/hj/Documents/COSMIC_FSW/cfe/modules/core_api/fsw/inc -I/home/hj/Documents/COSMIC_FSW/cfe/modules/es/fsw/inc -I/home/hj/Documents/COSMIC_FSW/cfe/modules/evs/fsw/inc -I/home/hj/Documents/COSMIC_FSW/cfe/modules/fs/fsw/inc -I/home/hj/Documents/COSMIC_FSW/cfe/modules/sb/fsw/inc -I/home/hj/Documents/COSMIC_FSW/cfe/modules/tbl/fsw/inc -I/home/hj/Documents/COSMIC_FSW/cfe/modules/time/fsw/inc -I/home/hj/Documents/COSMIC_FSW/osal/src/os/inc -I/home/hj/Documents/COSMIC_FSW/build/obc/default_obc/osal/inc -I/home/hj/Documents/COSMIC_FSW/psp/fsw/inc -I/home/hj/Documents/COSMIC_FSW/psp/fsw/modules/iodriver/inc -I/home/hj/Documents/COSMIC_FSW/cfe/modules/msg/fsw/inc -I/home/hj/Documents/COSMIC_FSW/cfe/modules/resourceid/fsw/inc -I/home/hj/Documents/COSMIC_FSW/cfe/modules/config/fsw/inc -I/home/hj/Documents/COSMIC_FSW/cfe/modules/srl/fsw/inc -I/home/hj/Documents/COSMIC_FSW/cfe/modules/rf/fsw/inc -I/home/hj/Documents/COSMIC_FSW/apps/sc/fsw/inc -g -std=c99 -pedantic -Wall -Wstrict-prototypes -Wwrite-strings -Wpointer-arith -Werror -Wno-format-truncation -Wno-stringop-truncation -MD -MT apps/sc/CMakeFiles/tblobj_obc_sc.tbl810812b8b0f92126d65d27382e5f122302fa468f.dir/fsw/tables/sc_rts002.c.o -MF CMakeFiles/tblobj_obc_sc.tbl810812b8b0f92126d65d27382e5f122302fa468f.dir/fsw/tables/sc_rts002.c.o.d -o CMakeFiles/tblobj_obc_sc.tbl810812b8b0f92126d65d27382e5f122302fa468f.dir/fsw/tables/sc_rts002.c.o -c /home/hj/Documents/COSMIC_FSW/apps/sc/fsw/tables/sc_rts002.c
[ 25%] Building C object apps/sc/CMakeFiles/tblobj_obc_sc.tbl810812b8b0f92126d65d27382e5f122302fa468f.dir/fsw/tables/sc_rts003.c.o
cd /home/hj/Documents/COSMIC_FSW/build/obc/default_obc/apps/sc && /home/hj/Documents/COSMIC_FSW/cfe/../submodules/toolchain/bin/arm-buildroot-linux-gnueabi-gcc -DCFE_APP_NAME=\"sc\" -DCFE_CPU_NAME=obc -D_LINUX_OS_ -D_POSIX_OS_ -D_XOPEN_SOURCE=600 -DCFE_TABLE_NAME=sc_rts003 -I/home/hj/Documents/COSMIC_FSW/build/inc -I/home/hj/Documents/COSMIC_FSW/build/obc/default_obc/inc -I/home/hj/Documents/COSMIC_FSW/cfe/modules/core_api/fsw/inc -I/home/hj/Documents/COSMIC_FSW/cfe/modules/es/fsw/inc -I/home/hj/Documents/COSMIC_FSW/cfe/modules/evs/fsw/inc -I/home/hj/Documents/COSMIC_FSW/cfe/modules/fs/fsw/inc -I/home/hj/Documents/COSMIC_FSW/cfe/modules/sb/fsw/inc -I/home/hj/Documents/COSMIC_FSW/cfe/modules/tbl/fsw/inc -I/home/hj/Documents/COSMIC_FSW/cfe/modules/time/fsw/inc -I/home/hj/Documents/COSMIC_FSW/osal/src/os/inc -I/home/hj/Documents/COSMIC_FSW/build/obc/default_obc/osal/inc -I/home/hj/Documents/COSMIC_FSW/psp/fsw/inc -I/home/hj/Documents/COSMIC_FSW/psp/fsw/modules/iodriver/inc -I/home/hj/Documents/COSMIC_FSW/cfe/modules/msg/fsw/inc -I/home/hj/Documents/COSMIC_FSW/cfe/modules/resourceid/fsw/inc -I/home/hj/Documents/COSMIC_FSW/cfe/modules/config/fsw/inc -I/home/hj/Documents/COSMIC_FSW/cfe/modules/srl/fsw/inc -I/home/hj/Documents/COSMIC_FSW/cfe/modules/rf/fsw/inc -I/home/hj/Documents/COSMIC_FSW/apps/sc/fsw/inc -g -std=c99 -pedantic -Wall -Wstrict-prototypes -Wwrite-strings -Wpointer-arith -Werror -Wno-format-truncation -Wno-stringop-truncation -MD -MT apps/sc/CMakeFiles/tblobj_obc_sc.tbl810812b8b0f92126d65d27382e5f122302fa468f.dir/fsw/tables/sc_rts003.c.o -MF CMakeFiles/tblobj_obc_sc.tbl810812b8b0f92126d65d27382e5f122302fa468f.dir/fsw/tables/sc_rts003.c.o.d -o CMakeFiles/tblobj_obc_sc.tbl810812b8b0f92126d65d27382e5f122302fa468f.dir/fsw/tables/sc_rts003.c.o -c /home/hj/Documents/COSMIC_FSW/apps/sc/fsw/tables/sc_rts003.c
[ 37%] Linking C static library libtblobj_obc_sc.tbl810812b8b0f92126d65d27382e5f122302fa468f.a
cd /home/hj/Documents/COSMIC_FSW/build/obc/default_obc/apps/sc && /usr/bin/cmake -P CMakeFiles/tblobj_obc_sc.tbl810812b8b0f92126d65d27382e5f122302fa468f.dir/cmake_clean_target.cmake
cd /home/hj/Documents/COSMIC_FSW/build/obc/default_obc/apps/sc && /usr/bin/cmake -E cmake_link_script CMakeFiles/tblobj_obc_sc.tbl810812b8b0f92126d65d27382e5f122302fa468f.dir/link.txt --verbose=1
/home/hj/Documents/COSMIC_FSW/submodules/toolchain/bin/arm-buildroot-linux-gnueabi-ar qc libtblobj_obc_sc.tbl810812b8b0f92126d65d27382e5f122302fa468f.a CMakeFiles/tblobj_obc_sc.tbl810812b8b0f92126d65d27382e5f122302fa468f.dir/fsw/tables/sc_rts001.c.o CMakeFiles/tblobj_obc_sc.tbl810812b8b0f92126d65d27382e5f122302fa468f.dir/fsw/tables/sc_ats1.c.o CMakeFiles/tblobj_obc_sc.tbl810812b8b0f92126d65d27382e5f122302fa468f.dir/fsw/tables/sc_rts002.c.o CMakeFiles/tblobj_obc_sc.tbl810812b8b0f92126d65d27382e5f122302fa468f.dir/fsw/tables/sc_rts003.c.o
/home/hj/Documents/COSMIC_FSW/submodules/toolchain/bin/arm-buildroot-linux-gnueabi-ranlib libtblobj_obc_sc.tbl810812b8b0f92126d65d27382e5f122302fa468f.a
[ 37%] Built target tblobj_obc_sc.tbl810812b8b0f92126d65d27382e5f122302fa468f
make  -f apps/sc/CMakeFiles/generate_table_obc_sc_sc_rts001.dir/build.make apps/sc/CMakeFiles/generate_table_obc_sc_sc_rts001.dir/depend
cd /home/hj/Documents/COSMIC_FSW/build/obc/default_obc && /usr/bin/cmake -E cmake_depends "Unix Makefiles" /home/hj/Documents/COSMIC_FSW/cfe /home/hj/Documents/COSMIC_FSW/apps/sc /home/hj/Documents/COSMIC_FSW/build/obc/default_obc /home/hj/Documents/COSMIC_FSW/build/obc/default_obc/apps/sc /home/hj/Documents/COSMIC_FSW/build/obc/default_obc/apps/sc/CMakeFiles/generate_table_obc_sc_sc_rts001.dir/DependInfo.cmake --color=
make  -f apps/sc/CMakeFiles/generate_table_obc_sc_sc_rts001.dir/build.make apps/sc/CMakeFiles/generate_table_obc_sc_sc_rts001.dir/build
[ 37%] Generating /home/hj/Documents/COSMIC_FSW/build/tables/obc_sc.tbl810812b8b0f92126d65d27382e5f122302fa468f.sc_rts001.d
cd /home/hj/Documents/COSMIC_FSW/build/tables && /usr/bin/cmake -DTEMPLATE_FILE="/home/hj/Documents/COSMIC_FSW/tools/elf2cfetbl/scripts/table_rule_template.d.in" -DTARGET_SCID="0x42" -DTARGET_PRID="2" -DAPP_NAME="sc" -DTARGET_NAME="obc" -DARCHIVE_FILE=""/home/hj/Documents/COSMIC_FSW/build/obc/default_obc/apps/sc/libtblobj_obc_sc.tbl810812b8b0f92126d65d27382e5f122302fa468f.a"" -DINSTALL_SUBDIR="cf" -DOUTPUT_FILE="/home/hj/Documents/COSMIC_FSW/build/tables/obc_sc.tbl810812b8b0f92126d65d27382e5f122302fa468f.sc_rts001.d" -DTABLE_NAME="sc_rts001" -DSOURCES="/home/hj/Documents/COSMIC_FSW/apps/sc/fsw/tables/sc_rts001.c" -DOBJEXT=".o" -P /home/hj/Documents/COSMIC_FSW/tools/elf2cfetbl/scripts/generate_elf_table_rules.cmake
[ 37%] Built target generate_table_obc_sc_sc_rts001
make  -f apps/sc/CMakeFiles/generate_table_obc_sc_sc_ats1.dir/build.make apps/sc/CMakeFiles/generate_table_obc_sc_sc_ats1.dir/depend
cd /home/hj/Documents/COSMIC_FSW/build/obc/default_obc && /usr/bin/cmake -E cmake_depends "Unix Makefiles" /home/hj/Documents/COSMIC_FSW/cfe /home/hj/Documents/COSMIC_FSW/apps/sc /home/hj/Documents/COSMIC_FSW/build/obc/default_obc /home/hj/Documents/COSMIC_FSW/build/obc/default_obc/apps/sc /home/hj/Documents/COSMIC_FSW/build/obc/default_obc/apps/sc/CMakeFiles/generate_table_obc_sc_sc_ats1.dir/DependInfo.cmake --color=
make  -f apps/sc/CMakeFiles/generate_table_obc_sc_sc_ats1.dir/build.make apps/sc/CMakeFiles/generate_table_obc_sc_sc_ats1.dir/build
[ 50%] Generating /home/hj/Documents/COSMIC_FSW/build/tables/obc_sc.tbl810812b8b0f92126d65d27382e5f122302fa468f.sc_ats1.d
cd /home/hj/Documents/COSMIC_FSW/build/tables && /usr/bin/cmake -DTEMPLATE_FILE="/home/hj/Documents/COSMIC_FSW/tools/elf2cfetbl/scripts/table_rule_template.d.in" -DTARGET_SCID="0x42" -DTARGET_PRID="2" -DAPP_NAME="sc" -DTARGET_NAME="obc" -DARCHIVE_FILE=""/home/hj/Documents/COSMIC_FSW/build/obc/default_obc/apps/sc/libtblobj_obc_sc.tbl810812b8b0f92126d65d27382e5f122302fa468f.a"" -DINSTALL_SUBDIR="cf" -DOUTPUT_FILE="/home/hj/Documents/COSMIC_FSW/build/tables/obc_sc.tbl810812b8b0f92126d65d27382e5f122302fa468f.sc_ats1.d" -DTABLE_NAME="sc_ats1" -DSOURCES="/home/hj/Documents/COSMIC_FSW/apps/sc/fsw/tables/sc_ats1.c" -DOBJEXT=".o" -P /home/hj/Documents/COSMIC_FSW/tools/elf2cfetbl/scripts/generate_elf_table_rules.cmake
[ 50%] Built target generate_table_obc_sc_sc_ats1
make  -f apps/sc/CMakeFiles/generate_table_obc_sc_sc_rts002.dir/build.make apps/sc/CMakeFiles/generate_table_obc_sc_sc_rts002.dir/depend
cd /home/hj/Documents/COSMIC_FSW/build/obc/default_obc && /usr/bin/cmake -E cmake_depends "Unix Makefiles" /home/hj/Documents/COSMIC_FSW/cfe /home/hj/Documents/COSMIC_FSW/apps/sc /home/hj/Documents/COSMIC_FSW/build/obc/default_obc /home/hj/Documents/COSMIC_FSW/build/obc/default_obc/apps/sc /home/hj/Documents/COSMIC_FSW/build/obc/default_obc/apps/sc/CMakeFiles/generate_table_obc_sc_sc_rts002.dir/DependInfo.cmake --color=
make  -f apps/sc/CMakeFiles/generate_table_obc_sc_sc_rts002.dir/build.make apps/sc/CMakeFiles/generate_table_obc_sc_sc_rts002.dir/build
[ 50%] Generating /home/hj/Documents/COSMIC_FSW/build/tables/obc_sc.tbl810812b8b0f92126d65d27382e5f122302fa468f.sc_rts002.d
cd /home/hj/Documents/COSMIC_FSW/build/tables && /usr/bin/cmake -DTEMPLATE_FILE="/home/hj/Documents/COSMIC_FSW/tools/elf2cfetbl/scripts/table_rule_template.d.in" -DTARGET_SCID="0x42" -DTARGET_PRID="2" -DAPP_NAME="sc" -DTARGET_NAME="obc" -DARCHIVE_FILE=""/home/hj/Documents/COSMIC_FSW/build/obc/default_obc/apps/sc/libtblobj_obc_sc.tbl810812b8b0f92126d65d27382e5f122302fa468f.a"" -DINSTALL_SUBDIR="cf" -DOUTPUT_FILE="/home/hj/Documents/COSMIC_FSW/build/tables/obc_sc.tbl810812b8b0f92126d65d27382e5f122302fa468f.sc_rts002.d" -DTABLE_NAME="sc_rts002" -DSOURCES="/home/hj/Documents/COSMIC_FSW/apps/sc/fsw/tables/sc_rts002.c" -DOBJEXT=".o" -P /home/hj/Documents/COSMIC_FSW/tools/elf2cfetbl/scripts/generate_elf_table_rules.cmake
[ 50%] Built target generate_table_obc_sc_sc_rts002
make  -f apps/sc/CMakeFiles/generate_table_obc_sc_sc_rts003.dir/build.make apps/sc/CMakeFiles/generate_table_obc_sc_sc_rts003.dir/depend
cd /home/hj/Documents/COSMIC_FSW/build/obc/default_obc && /usr/bin/cmake -E cmake_depends "Unix Makefiles" /home/hj/Documents/COSMIC_FSW/cfe /home/hj/Documents/COSMIC_FSW/apps/sc /home/hj/Documents/COSMIC_FSW/build/obc/default_obc /home/hj/Documents/COSMIC_FSW/build/obc/default_obc/apps/sc /home/hj/Documents/COSMIC_FSW/build/obc/default_obc/apps/sc/CMakeFiles/generate_table_obc_sc_sc_rts003.dir/DependInfo.cmake --color=
make  -f apps/sc/CMakeFiles/generate_table_obc_sc_sc_rts003.dir/build.make apps/sc/CMakeFiles/generate_table_obc_sc_sc_rts003.dir/build
[ 50%] Generating /home/hj/Documents/COSMIC_FSW/build/tables/obc_sc.tbl810812b8b0f92126d65d27382e5f122302fa468f.sc_rts003.d
cd /home/hj/Documents/COSMIC_FSW/build/tables && /usr/bin/cmake -DTEMPLATE_FILE="/home/hj/Documents/COSMIC_FSW/tools/elf2cfetbl/scripts/table_rule_template.d.in" -DTARGET_SCID="0x42" -DTARGET_PRID="2" -DAPP_NAME="sc" -DTARGET_NAME="obc" -DARCHIVE_FILE=""/home/hj/Documents/COSMIC_FSW/build/obc/default_obc/apps/sc/libtblobj_obc_sc.tbl810812b8b0f92126d65d27382e5f122302fa468f.a"" -DINSTALL_SUBDIR="cf" -DOUTPUT_FILE="/home/hj/Documents/COSMIC_FSW/build/tables/obc_sc.tbl810812b8b0f92126d65d27382e5f122302fa468f.sc_rts003.d" -DTABLE_NAME="sc_rts003" -DSOURCES="/home/hj/Documents/COSMIC_FSW/apps/sc/fsw/tables/sc_rts003.c" -DOBJEXT=".o" -P /home/hj/Documents/COSMIC_FSW/tools/elf2cfetbl/scripts/generate_elf_table_rules.cmake
[ 50%] Built target generate_table_obc_sc_sc_rts003
make  -f apps/lc/CMakeFiles/tblobj_obc_lc.tbla865809aa8fb699b4338174db0a15f52dd2ac3a2.dir/build.make apps/lc/CMakeFiles/tblobj_obc_lc.tbla865809aa8fb699b4338174db0a15f52dd2ac3a2.dir/depend
cd /home/hj/Documents/COSMIC_FSW/build/obc/default_obc && /usr/bin/cmake -E cmake_depends "Unix Makefiles" /home/hj/Documents/COSMIC_FSW/cfe /home/hj/Documents/COSMIC_FSW/apps/lc /home/hj/Documents/COSMIC_FSW/build/obc/default_obc /home/hj/Documents/COSMIC_FSW/build/obc/default_obc/apps/lc /home/hj/Documents/COSMIC_FSW/build/obc/default_obc/apps/lc/CMakeFiles/tblobj_obc_lc.tbla865809aa8fb699b4338174db0a15f52dd2ac3a2.dir/DependInfo.cmake --color=
Dependencies file "apps/lc/CMakeFiles/tblobj_obc_lc.tbla865809aa8fb699b4338174db0a15f52dd2ac3a2.dir/fsw/tables/lc_def_adt.c.o.d" is newer than depends file "/home/hj/Documents/COSMIC_FSW/build/obc/default_obc/apps/lc/CMakeFiles/tblobj_obc_lc.tbla865809aa8fb699b4338174db0a15f52dd2ac3a2.dir/compiler_depend.internal".
Dependencies file "apps/lc/CMakeFiles/tblobj_obc_lc.tbla865809aa8fb699b4338174db0a15f52dd2ac3a2.dir/fsw/tables/lc_def_wdt.c.o.d" is newer than depends file "/home/hj/Documents/COSMIC_FSW/build/obc/default_obc/apps/lc/CMakeFiles/tblobj_obc_lc.tbla865809aa8fb699b4338174db0a15f52dd2ac3a2.dir/compiler_depend.internal".
Consolidate compiler generated dependencies of target tblobj_obc_lc.tbla865809aa8fb699b4338174db0a15f52dd2ac3a2
make  -f apps/lc/CMakeFiles/tblobj_obc_lc.tbla865809aa8fb699b4338174db0a15f52dd2ac3a2.dir/build.make apps/lc/CMakeFiles/tblobj_obc_lc.tbla865809aa8fb699b4338174db0a15f52dd2ac3a2.dir/build
[ 50%] Building C object apps/lc/CMakeFiles/tblobj_obc_lc.tbla865809aa8fb699b4338174db0a15f52dd2ac3a2.dir/fsw/tables/lc_def_wdt.c.o
cd /home/hj/Documents/COSMIC_FSW/build/obc/default_obc/apps/lc && /home/hj/Documents/COSMIC_FSW/cfe/../submodules/toolchain/bin/arm-buildroot-linux-gnueabi-gcc -DCFE_APP_NAME=\"lc\" -DCFE_CPU_NAME=obc -D_LINUX_OS_ -D_POSIX_OS_ -D_XOPEN_SOURCE=600 -DCFE_TABLE_NAME=lc_def_wdt -I/home/hj/Documents/COSMIC_FSW/build/inc -I/home/hj/Documents/COSMIC_FSW/build/obc/default_obc/inc -I/home/hj/Documents/COSMIC_FSW/cfe/modules/core_api/fsw/inc -I/home/hj/Documents/COSMIC_FSW/cfe/modules/es/fsw/inc -I/home/hj/Documents/COSMIC_FSW/cfe/modules/evs/fsw/inc -I/home/hj/Documents/COSMIC_FSW/cfe/modules/fs/fsw/inc -I/home/hj/Documents/COSMIC_FSW/cfe/modules/sb/fsw/inc -I/home/hj/Documents/COSMIC_FSW/cfe/modules/tbl/fsw/inc -I/home/hj/Documents/COSMIC_FSW/cfe/modules/time/fsw/inc -I/home/hj/Documents/COSMIC_FSW/osal/src/os/inc -I/home/hj/Documents/COSMIC_FSW/build/obc/default_obc/osal/inc -I/home/hj/Documents/COSMIC_FSW/psp/fsw/inc -I/home/hj/Documents/COSMIC_FSW/psp/fsw/modules/iodriver/inc -I/home/hj/Documents/COSMIC_FSW/cfe/modules/msg/fsw/inc -I/home/hj/Documents/COSMIC_FSW/cfe/modules/resourceid/fsw/inc -I/home/hj/Documents/COSMIC_FSW/cfe/modules/config/fsw/inc -I/home/hj/Documents/COSMIC_FSW/cfe/modules/srl/fsw/inc -I/home/hj/Documents/COSMIC_FSW/cfe/modules/rf/fsw/inc -I/home/hj/Documents/COSMIC_FSW/apps/lc/fsw/inc -g -std=c99 -pedantic -Wall -Wstrict-prototypes -Wwrite-strings -Wpointer-arith -Werror -Wno-format-truncation -Wno-stringop-truncation -MD -MT apps/lc/CMakeFiles/tblobj_obc_lc.tbla865809aa8fb699b4338174db0a15f52dd2ac3a2.dir/fsw/tables/lc_def_wdt.c.o -MF CMakeFiles/tblobj_obc_lc.tbla865809aa8fb699b4338174db0a15f52dd2ac3a2.dir/fsw/tables/lc_def_wdt.c.o.d -o CMakeFiles/tblobj_obc_lc.tbla865809aa8fb699b4338174db0a15f52dd2ac3a2.dir/fsw/tables/lc_def_wdt.c.o -c /home/hj/Documents/COSMIC_FSW/apps/lc/fsw/tables/lc_def_wdt.c
[ 62%] Linking C static library libtblobj_obc_lc.tbla865809aa8fb699b4338174db0a15f52dd2ac3a2.a
cd /home/hj/Documents/COSMIC_FSW/build/obc/default_obc/apps/lc && /usr/bin/cmake -P CMakeFiles/tblobj_obc_lc.tbla865809aa8fb699b4338174db0a15f52dd2ac3a2.dir/cmake_clean_target.cmake
cd /home/hj/Documents/COSMIC_FSW/build/obc/default_obc/apps/lc && /usr/bin/cmake -E cmake_link_script CMakeFiles/tblobj_obc_lc.tbla865809aa8fb699b4338174db0a15f52dd2ac3a2.dir/link.txt --verbose=1
/home/hj/Documents/COSMIC_FSW/submodules/toolchain/bin/arm-buildroot-linux-gnueabi-ar qc libtblobj_obc_lc.tbla865809aa8fb699b4338174db0a15f52dd2ac3a2.a CMakeFiles/tblobj_obc_lc.tbla865809aa8fb699b4338174db0a15f52dd2ac3a2.dir/fsw/tables/lc_def_wdt.c.o CMakeFiles/tblobj_obc_lc.tbla865809aa8fb699b4338174db0a15f52dd2ac3a2.dir/fsw/tables/lc_def_adt.c.o
/home/hj/Documents/COSMIC_FSW/submodules/toolchain/bin/arm-buildroot-linux-gnueabi-ranlib libtblobj_obc_lc.tbla865809aa8fb699b4338174db0a15f52dd2ac3a2.a
[ 62%] Built target tblobj_obc_lc.tbla865809aa8fb699b4338174db0a15f52dd2ac3a2
make  -f apps/lc/CMakeFiles/generate_table_obc_lc_lc_def_wdt.dir/build.make apps/lc/CMakeFiles/generate_table_obc_lc_lc_def_wdt.dir/depend
cd /home/hj/Documents/COSMIC_FSW/build/obc/default_obc && /usr/bin/cmake -E cmake_depends "Unix Makefiles" /home/hj/Documents/COSMIC_FSW/cfe /home/hj/Documents/COSMIC_FSW/apps/lc /home/hj/Documents/COSMIC_FSW/build/obc/default_obc /home/hj/Documents/COSMIC_FSW/build/obc/default_obc/apps/lc /home/hj/Documents/COSMIC_FSW/build/obc/default_obc/apps/lc/CMakeFiles/generate_table_obc_lc_lc_def_wdt.dir/DependInfo.cmake --color=
make  -f apps/lc/CMakeFiles/generate_table_obc_lc_lc_def_wdt.dir/build.make apps/lc/CMakeFiles/generate_table_obc_lc_lc_def_wdt.dir/build
[ 62%] Generating /home/hj/Documents/COSMIC_FSW/build/tables/obc_lc.tbla865809aa8fb699b4338174db0a15f52dd2ac3a2.lc_def_wdt.d
cd /home/hj/Documents/COSMIC_FSW/build/tables && /usr/bin/cmake -DTEMPLATE_FILE="/home/hj/Documents/COSMIC_FSW/tools/elf2cfetbl/scripts/table_rule_template.d.in" -DTARGET_SCID="0x42" -DTARGET_PRID="2" -DAPP_NAME="lc" -DTARGET_NAME="obc" -DARCHIVE_FILE=""/home/hj/Documents/COSMIC_FSW/build/obc/default_obc/apps/lc/libtblobj_obc_lc.tbla865809aa8fb699b4338174db0a15f52dd2ac3a2.a"" -DINSTALL_SUBDIR="cf" -DOUTPUT_FILE="/home/hj/Documents/COSMIC_FSW/build/tables/obc_lc.tbla865809aa8fb699b4338174db0a15f52dd2ac3a2.lc_def_wdt.d" -DTABLE_NAME="lc_def_wdt" -DSOURCES="/home/hj/Documents/COSMIC_FSW/apps/lc/fsw/tables/lc_def_wdt.c" -DOBJEXT=".o" -P /home/hj/Documents/COSMIC_FSW/tools/elf2cfetbl/scripts/generate_elf_table_rules.cmake
[ 62%] Built target generate_table_obc_lc_lc_def_wdt
make  -f apps/lc/CMakeFiles/generate_table_obc_lc_lc_def_adt.dir/build.make apps/lc/CMakeFiles/generate_table_obc_lc_lc_def_adt.dir/depend
cd /home/hj/Documents/COSMIC_FSW/build/obc/default_obc && /usr/bin/cmake -E cmake_depends "Unix Makefiles" /home/hj/Documents/COSMIC_FSW/cfe /home/hj/Documents/COSMIC_FSW/apps/lc /home/hj/Documents/COSMIC_FSW/build/obc/default_obc /home/hj/Documents/COSMIC_FSW/build/obc/default_obc/apps/lc /home/hj/Documents/COSMIC_FSW/build/obc/default_obc/apps/lc/CMakeFiles/generate_table_obc_lc_lc_def_adt.dir/DependInfo.cmake --color=
make  -f apps/lc/CMakeFiles/generate_table_obc_lc_lc_def_adt.dir/build.make apps/lc/CMakeFiles/generate_table_obc_lc_lc_def_adt.dir/build
[ 75%] Generating /home/hj/Documents/COSMIC_FSW/build/tables/obc_lc.tbla865809aa8fb699b4338174db0a15f52dd2ac3a2.lc_def_adt.d
cd /home/hj/Documents/COSMIC_FSW/build/tables && /usr/bin/cmake -DTEMPLATE_FILE="/home/hj/Documents/COSMIC_FSW/tools/elf2cfetbl/scripts/table_rule_template.d.in" -DTARGET_SCID="0x42" -DTARGET_PRID="2" -DAPP_NAME="lc" -DTARGET_NAME="obc" -DARCHIVE_FILE=""/home/hj/Documents/COSMIC_FSW/build/obc/default_obc/apps/lc/libtblobj_obc_lc.tbla865809aa8fb699b4338174db0a15f52dd2ac3a2.a"" -DINSTALL_SUBDIR="cf" -DOUTPUT_FILE="/home/hj/Documents/COSMIC_FSW/build/tables/obc_lc.tbla865809aa8fb699b4338174db0a15f52dd2ac3a2.lc_def_adt.d" -DTABLE_NAME="lc_def_adt" -DSOURCES="/home/hj/Documents/COSMIC_FSW/apps/lc/fsw/tables/lc_def_adt.c" -DOBJEXT=".o" -P /home/hj/Documents/COSMIC_FSW/tools/elf2cfetbl/scripts/generate_elf_table_rules.cmake
[ 75%] Built target generate_table_obc_lc_lc_def_adt
make  -f apps/hk/CMakeFiles/tblobj_obc_hk.tblad7b340d3e5786041587a5b46792278763028e24.dir/build.make apps/hk/CMakeFiles/tblobj_obc_hk.tblad7b340d3e5786041587a5b46792278763028e24.dir/depend
cd /home/hj/Documents/COSMIC_FSW/build/obc/default_obc && /usr/bin/cmake -E cmake_depends "Unix Makefiles" /home/hj/Documents/COSMIC_FSW/cfe /home/hj/Documents/COSMIC_FSW/apps/hk /home/hj/Documents/COSMIC_FSW/build/obc/default_obc /home/hj/Documents/COSMIC_FSW/build/obc/default_obc/apps/hk /home/hj/Documents/COSMIC_FSW/build/obc/default_obc/apps/hk/CMakeFiles/tblobj_obc_hk.tblad7b340d3e5786041587a5b46792278763028e24.dir/DependInfo.cmake --color=
Dependencies file "apps/hk/CMakeFiles/tblobj_obc_hk.tblad7b340d3e5786041587a5b46792278763028e24.dir/fsw/tables/hk_cpy_tbl.c.o.d" is newer than depends file "/home/hj/Documents/COSMIC_FSW/build/obc/default_obc/apps/hk/CMakeFiles/tblobj_obc_hk.tblad7b340d3e5786041587a5b46792278763028e24.dir/compiler_depend.internal".
Consolidate compiler generated dependencies of target tblobj_obc_hk.tblad7b340d3e5786041587a5b46792278763028e24
make  -f apps/hk/CMakeFiles/tblobj_obc_hk.tblad7b340d3e5786041587a5b46792278763028e24.dir/build.make apps/hk/CMakeFiles/tblobj_obc_hk.tblad7b340d3e5786041587a5b46792278763028e24.dir/build
[ 87%] Building C object apps/hk/CMakeFiles/tblobj_obc_hk.tblad7b340d3e5786041587a5b46792278763028e24.dir/fsw/tables/hk_cpy_tbl.c.o
cd /home/hj/Documents/COSMIC_FSW/build/obc/default_obc/apps/hk && /home/hj/Documents/COSMIC_FSW/cfe/../submodules/toolchain/bin/arm-buildroot-linux-gnueabi-gcc -DCFE_APP_NAME=\"hk\" -DCFE_CPU_NAME=obc -D_LINUX_OS_ -D_POSIX_OS_ -D_XOPEN_SOURCE=600 -DCFE_TABLE_NAME=hk_cpy_tbl -I/home/hj/Documents/COSMIC_FSW/build/inc -I/home/hj/Documents/COSMIC_FSW/build/obc/default_obc/inc -I/home/hj/Documents/COSMIC_FSW/cfe/modules/core_api/fsw/inc -I/home/hj/Documents/COSMIC_FSW/cfe/modules/es/fsw/inc -I/home/hj/Documents/COSMIC_FSW/cfe/modules/evs/fsw/inc -I/home/hj/Documents/COSMIC_FSW/cfe/modules/fs/fsw/inc -I/home/hj/Documents/COSMIC_FSW/cfe/modules/sb/fsw/inc -I/home/hj/Documents/COSMIC_FSW/cfe/modules/tbl/fsw/inc -I/home/hj/Documents/COSMIC_FSW/cfe/modules/time/fsw/inc -I/home/hj/Documents/COSMIC_FSW/osal/src/os/inc -I/home/hj/Documents/COSMIC_FSW/build/obc/default_obc/osal/inc -I/home/hj/Documents/COSMIC_FSW/psp/fsw/inc -I/home/hj/Documents/COSMIC_FSW/psp/fsw/modules/iodriver/inc -I/home/hj/Documents/COSMIC_FSW/cfe/modules/msg/fsw/inc -I/home/hj/Documents/COSMIC_FSW/cfe/modules/resourceid/fsw/inc -I/home/hj/Documents/COSMIC_FSW/cfe/modules/config/fsw/inc -I/home/hj/Documents/COSMIC_FSW/cfe/modules/srl/fsw/inc -I/home/hj/Documents/COSMIC_FSW/cfe/modules/rf/fsw/inc -I/home/hj/Documents/COSMIC_FSW/apps/hk/fsw/inc -g -std=c99 -pedantic -Wall -Wstrict-prototypes -Wwrite-strings -Wpointer-arith -Werror -Wno-format-truncation -Wno-stringop-truncation -MD -MT apps/hk/CMakeFiles/tblobj_obc_hk.tblad7b340d3e5786041587a5b46792278763028e24.dir/fsw/tables/hk_cpy_tbl.c.o -MF CMakeFiles/tblobj_obc_hk.tblad7b340d3e5786041587a5b46792278763028e24.dir/fsw/tables/hk_cpy_tbl.c.o.d -o CMakeFiles/tblobj_obc_hk.tblad7b340d3e5786041587a5b46792278763028e24.dir/fsw/tables/hk_cpy_tbl.c.o -c /home/hj/Documents/COSMIC_FSW/apps/hk/fsw/tables/hk_cpy_tbl.c
[ 87%] Linking C static library libtblobj_obc_hk.tblad7b340d3e5786041587a5b46792278763028e24.a
cd /home/hj/Documents/COSMIC_FSW/build/obc/default_obc/apps/hk && /usr/bin/cmake -P CMakeFiles/tblobj_obc_hk.tblad7b340d3e5786041587a5b46792278763028e24.dir/cmake_clean_target.cmake
cd /home/hj/Documents/COSMIC_FSW/build/obc/default_obc/apps/hk && /usr/bin/cmake -E cmake_link_script CMakeFiles/tblobj_obc_hk.tblad7b340d3e5786041587a5b46792278763028e24.dir/link.txt --verbose=1
/home/hj/Documents/COSMIC_FSW/submodules/toolchain/bin/arm-buildroot-linux-gnueabi-ar qc libtblobj_obc_hk.tblad7b340d3e5786041587a5b46792278763028e24.a CMakeFiles/tblobj_obc_hk.tblad7b340d3e5786041587a5b46792278763028e24.dir/fsw/tables/hk_cpy_tbl.c.o
/home/hj/Documents/COSMIC_FSW/submodules/toolchain/bin/arm-buildroot-linux-gnueabi-ranlib libtblobj_obc_hk.tblad7b340d3e5786041587a5b46792278763028e24.a
[ 87%] Built target tblobj_obc_hk.tblad7b340d3e5786041587a5b46792278763028e24
make  -f apps/hk/CMakeFiles/generate_table_obc_hk_hk_cpy_tbl.dir/build.make apps/hk/CMakeFiles/generate_table_obc_hk_hk_cpy_tbl.dir/depend
cd /home/hj/Documents/COSMIC_FSW/build/obc/default_obc && /usr/bin/cmake -E cmake_depends "Unix Makefiles" /home/hj/Documents/COSMIC_FSW/cfe /home/hj/Documents/COSMIC_FSW/apps/hk /home/hj/Documents/COSMIC_FSW/build/obc/default_obc /home/hj/Documents/COSMIC_FSW/build/obc/default_obc/apps/hk /home/hj/Documents/COSMIC_FSW/build/obc/default_obc/apps/hk/CMakeFiles/generate_table_obc_hk_hk_cpy_tbl.dir/DependInfo.cmake --color=
make  -f apps/hk/CMakeFiles/generate_table_obc_hk_hk_cpy_tbl.dir/build.make apps/hk/CMakeFiles/generate_table_obc_hk_hk_cpy_tbl.dir/build
[ 87%] Generating /home/hj/Documents/COSMIC_FSW/build/tables/obc_hk.tblad7b340d3e5786041587a5b46792278763028e24.hk_cpy_tbl.d
cd /home/hj/Documents/COSMIC_FSW/build/tables && /usr/bin/cmake -DTEMPLATE_FILE="/home/hj/Documents/COSMIC_FSW/tools/elf2cfetbl/scripts/table_rule_template.d.in" -DTARGET_SCID="0x42" -DTARGET_PRID="2" -DAPP_NAME="hk" -DTARGET_NAME="obc" -DARCHIVE_FILE=""/home/hj/Documents/COSMIC_FSW/build/obc/default_obc/apps/hk/libtblobj_obc_hk.tblad7b340d3e5786041587a5b46792278763028e24.a"" -DINSTALL_SUBDIR="cf" -DOUTPUT_FILE="/home/hj/Documents/COSMIC_FSW/build/tables/obc_hk.tblad7b340d3e5786041587a5b46792278763028e24.hk_cpy_tbl.d" -DTABLE_NAME="hk_cpy_tbl" -DSOURCES="/home/hj/Documents/COSMIC_FSW/apps/hk/fsw/tables/hk_cpy_tbl.c" -DOBJEXT=".o" -P /home/hj/Documents/COSMIC_FSW/tools/elf2cfetbl/scripts/generate_elf_table_rules.cmake
[ 87%] Built target generate_table_obc_hk_hk_cpy_tbl
make  -f apps/sample_app/CMakeFiles/tblobj_obc_sample_app.tbl174d84b7893fc822358201b9c610301038938e04.dir/build.make apps/sample_app/CMakeFiles/tblobj_obc_sample_app.tbl174d84b7893fc822358201b9c610301038938e04.dir/depend
cd /home/hj/Documents/COSMIC_FSW/build/obc/default_obc && /usr/bin/cmake -E cmake_depends "Unix Makefiles" /home/hj/Documents/COSMIC_FSW/cfe /home/hj/Documents/COSMIC_FSW/apps/sample_app /home/hj/Documents/COSMIC_FSW/build/obc/default_obc /home/hj/Documents/COSMIC_FSW/build/obc/default_obc/apps/sample_app /home/hj/Documents/COSMIC_FSW/build/obc/default_obc/apps/sample_app/CMakeFiles/tblobj_obc_sample_app.tbl174d84b7893fc822358201b9c610301038938e04.dir/DependInfo.cmake --color=
Dependencies file "apps/sample_app/CMakeFiles/tblobj_obc_sample_app.tbl174d84b7893fc822358201b9c610301038938e04.dir/fsw/tables/sample_app_tbl.c.o.d" is newer than depends file "/home/hj/Documents/COSMIC_FSW/build/obc/default_obc/apps/sample_app/CMakeFiles/tblobj_obc_sample_app.tbl174d84b7893fc822358201b9c610301038938e04.dir/compiler_depend.internal".
Consolidate compiler generated dependencies of target tblobj_obc_sample_app.tbl174d84b7893fc822358201b9c610301038938e04
make  -f apps/sample_app/CMakeFiles/tblobj_obc_sample_app.tbl174d84b7893fc822358201b9c610301038938e04.dir/build.make apps/sample_app/CMakeFiles/tblobj_obc_sample_app.tbl174d84b7893fc822358201b9c610301038938e04.dir/build
make[8]: 'apps/sample_app/CMakeFiles/tblobj_obc_sample_app.tbl174d84b7893fc822358201b9c610301038938e04.dir/build'을(를) 위해 할 일이 없습니다.
[100%] Built target tblobj_obc_sample_app.tbl174d84b7893fc822358201b9c610301038938e04
make  -f apps/sample_app/CMakeFiles/generate_table_obc_sample_app_sample_app_tbl.dir/build.make apps/sample_app/CMakeFiles/generate_table_obc_sample_app_sample_app_tbl.dir/depend
cd /home/hj/Documents/COSMIC_FSW/build/obc/default_obc && /usr/bin/cmake -E cmake_depends "Unix Makefiles" /home/hj/Documents/COSMIC_FSW/cfe /home/hj/Documents/COSMIC_FSW/apps/sample_app /home/hj/Documents/COSMIC_FSW/build/obc/default_obc /home/hj/Documents/COSMIC_FSW/build/obc/default_obc/apps/sample_app /home/hj/Documents/COSMIC_FSW/build/obc/default_obc/apps/sample_app/CMakeFiles/generate_table_obc_sample_app_sample_app_tbl.dir/DependInfo.cmake --color=
make  -f apps/sample_app/CMakeFiles/generate_table_obc_sample_app_sample_app_tbl.dir/build.make apps/sample_app/CMakeFiles/generate_table_obc_sample_app_sample_app_tbl.dir/build
[100%] Generating /home/hj/Documents/COSMIC_FSW/build/tables/obc_sample_app.tbl174d84b7893fc822358201b9c610301038938e04.sample_app_tbl.d
cd /home/hj/Documents/COSMIC_FSW/build/tables && /usr/bin/cmake -DTEMPLATE_FILE="/home/hj/Documents/COSMIC_FSW/tools/elf2cfetbl/scripts/table_rule_template.d.in" -DTARGET_SCID="0x42" -DTARGET_PRID="2" -DAPP_NAME="sample_app" -DTARGET_NAME="obc" -DARCHIVE_FILE=""/home/hj/Documents/COSMIC_FSW/build/obc/default_obc/apps/sample_app/libtblobj_obc_sample_app.tbl174d84b7893fc822358201b9c610301038938e04.a"" -DINSTALL_SUBDIR="cf" -DOUTPUT_FILE="/home/hj/Documents/COSMIC_FSW/build/tables/obc_sample_app.tbl174d84b7893fc822358201b9c610301038938e04.sample_app_tbl.d" -DTABLE_NAME="sample_app_tbl" -DSOURCES="/home/hj/Documents/COSMIC_FSW/apps/sample_app/fsw/tables/sample_app_tbl.c" -DOBJEXT=".o" -P /home/hj/Documents/COSMIC_FSW/tools/elf2cfetbl/scripts/generate_elf_table_rules.cmake
[100%] Built target generate_table_obc_sample_app_sample_app_tbl
make  -f CMakeFiles/cfetables.dir/build.make CMakeFiles/cfetables.dir/depend
cd /home/hj/Documents/COSMIC_FSW/build/obc/default_obc && /usr/bin/cmake -E cmake_depends "Unix Makefiles" /home/hj/Documents/COSMIC_FSW/cfe /home/hj/Documents/COSMIC_FSW/cfe /home/hj/Documents/COSMIC_FSW/build/obc/default_obc /home/hj/Documents/COSMIC_FSW/build/obc/default_obc /home/hj/Documents/COSMIC_FSW/build/obc/default_obc/CMakeFiles/cfetables.dir/DependInfo.cmake --color=
make  -f CMakeFiles/cfetables.dir/build.make CMakeFiles/cfetables.dir/build
make[8]: 'CMakeFiles/cfetables.dir/build'을(를) 위해 할 일이 없습니다.
[100%] Built target cfetables
/usr/bin/cmake -E cmake_progress_start /home/hj/Documents/COSMIC_FSW/build/obc/default_obc/CMakeFiles 0
[100%] Built target obc_default_obc-cfetables
make  -f CMakeFiles/i686_linux_gnu_default_cpu1-cfetables.dir/build.make CMakeFiles/i686_linux_gnu_default_cpu1-cfetables.dir/depend
cd /home/hj/Documents/COSMIC_FSW/build && /usr/bin/cmake -E cmake_depends "Unix Makefiles" /home/hj/Documents/COSMIC_FSW/cfe /home/hj/Documents/COSMIC_FSW/cfe /home/hj/Documents/COSMIC_FSW/build /home/hj/Documents/COSMIC_FSW/build /home/hj/Documents/COSMIC_FSW/build/CMakeFiles/i686_linux_gnu_default_cpu1-cfetables.dir/DependInfo.cmake --color=
make  -f CMakeFiles/i686_linux_gnu_default_cpu1-cfetables.dir/build.make CMakeFiles/i686_linux_gnu_default_cpu1-cfetables.dir/build
cd /home/hj/Documents/COSMIC_FSW/build/i686-linux-gnu/default_cpu1 && make cfetables
/usr/bin/cmake -S/home/hj/Documents/COSMIC_FSW/cfe -B/home/hj/Documents/COSMIC_FSW/build/i686-linux-gnu/default_cpu1 --check-build-system CMakeFiles/Makefile.cmake 0
make  -f CMakeFiles/Makefile2 cfetables
/usr/bin/cmake -S/home/hj/Documents/COSMIC_FSW/cfe -B/home/hj/Documents/COSMIC_FSW/build/i686-linux-gnu/default_cpu1 --check-build-system CMakeFiles/Makefile.cmake 0
/usr/bin/cmake -E cmake_progress_start /home/hj/Documents/COSMIC_FSW/build/i686-linux-gnu/default_cpu1/CMakeFiles 7
make  -f CMakeFiles/Makefile2 CMakeFiles/cfetables.dir/all
make  -f apps/rpt/CMakeFiles/tblobj_cpu1_rpt.tblf6091a782b6827a521068acdb75e50b5236b6440.dir/build.make apps/rpt/CMakeFiles/tblobj_cpu1_rpt.tblf6091a782b6827a521068acdb75e50b5236b6440.dir/depend
cd /home/hj/Documents/COSMIC_FSW/build/i686-linux-gnu/default_cpu1 && /usr/bin/cmake -E cmake_depends "Unix Makefiles" /home/hj/Documents/COSMIC_FSW/cfe /home/hj/Documents/COSMIC_FSW/apps/rpt /home/hj/Documents/COSMIC_FSW/build/i686-linux-gnu/default_cpu1 /home/hj/Documents/COSMIC_FSW/build/i686-linux-gnu/default_cpu1/apps/rpt /home/hj/Documents/COSMIC_FSW/build/i686-linux-gnu/default_cpu1/apps/rpt/CMakeFiles/tblobj_cpu1_rpt.tblf6091a782b6827a521068acdb75e50b5236b6440.dir/DependInfo.cmake --color=
Dependencies file "apps/rpt/CMakeFiles/tblobj_cpu1_rpt.tblf6091a782b6827a521068acdb75e50b5236b6440.dir/fsw/tables/rpt_tbl.c.o.d" is newer than depends file "/home/hj/Documents/COSMIC_FSW/build/i686-linux-gnu/default_cpu1/apps/rpt/CMakeFiles/tblobj_cpu1_rpt.tblf6091a782b6827a521068acdb75e50b5236b6440.dir/compiler_depend.internal".
Consolidate compiler generated dependencies of target tblobj_cpu1_rpt.tblf6091a782b6827a521068acdb75e50b5236b6440
make  -f apps/rpt/CMakeFiles/tblobj_cpu1_rpt.tblf6091a782b6827a521068acdb75e50b5236b6440.dir/build.make apps/rpt/CMakeFiles/tblobj_cpu1_rpt.tblf6091a782b6827a521068acdb75e50b5236b6440.dir/build
[  0%] Building C object apps/rpt/CMakeFiles/tblobj_cpu1_rpt.tblf6091a782b6827a521068acdb75e50b5236b6440.dir/fsw/tables/rpt_tbl.c.o
cd /home/hj/Documents/COSMIC_FSW/build/i686-linux-gnu/default_cpu1/apps/rpt && /usr/bin/gcc -DCFE_APP_NAME=\"rpt\" -DCFE_CPU_NAME=cpu1 -D_LINUX_OS_ -D_POSIX_OS_ -D_XOPEN_SOURCE=600 -DCFE_TABLE_NAME=rpt_tbl -I/home/hj/Documents/COSMIC_FSW/build/inc -I/home/hj/Documents/COSMIC_FSW/build/i686-linux-gnu/default_cpu1/inc -I/home/hj/Documents/COSMIC_FSW/cfe/modules/core_api/fsw/inc -I/home/hj/Documents/COSMIC_FSW/cfe/modules/es/fsw/inc -I/home/hj/Documents/COSMIC_FSW/cfe/modules/evs/fsw/inc -I/home/hj/Documents/COSMIC_FSW/cfe/modules/fs/fsw/inc -I/home/hj/Documents/COSMIC_FSW/cfe/modules/sb/fsw/inc -I/home/hj/Documents/COSMIC_FSW/cfe/modules/tbl/fsw/inc -I/home/hj/Documents/COSMIC_FSW/cfe/modules/time/fsw/inc -I/home/hj/Documents/COSMIC_FSW/osal/src/os/inc -I/home/hj/Documents/COSMIC_FSW/build/i686-linux-gnu/default_cpu1/osal/inc -I/home/hj/Documents/COSMIC_FSW/psp/fsw/inc -I/home/hj/Documents/COSMIC_FSW/psp/fsw/modules/iodriver/inc -I/home/hj/Documents/COSMIC_FSW/cfe/modules/msg/fsw/inc -I/home/hj/Documents/COSMIC_FSW/cfe/modules/resourceid/fsw/inc -I/home/hj/Documents/COSMIC_FSW/cfe/modules/config/fsw/inc -I/home/hj/Documents/COSMIC_FSW/cfe/modules/srl/fsw/inc -I/home/hj/Documents/COSMIC_FSW/cfe/modules/rf/fsw/inc -I/home/hj/Documents/COSMIC_FSW/apps/rpt/fsw/inc -g -std=c99 -pedantic -Wall -Wstrict-prototypes -Wwrite-strings -Wpointer-arith -Werror -Wno-format-truncation -Wno-stringop-truncation -MD -MT apps/rpt/CMakeFiles/tblobj_cpu1_rpt.tblf6091a782b6827a521068acdb75e50b5236b6440.dir/fsw/tables/rpt_tbl.c.o -MF CMakeFiles/tblobj_cpu1_rpt.tblf6091a782b6827a521068acdb75e50b5236b6440.dir/fsw/tables/rpt_tbl.c.o.d -o CMakeFiles/tblobj_cpu1_rpt.tblf6091a782b6827a521068acdb75e50b5236b6440.dir/fsw/tables/rpt_tbl.c.o -c /home/hj/Documents/COSMIC_FSW/apps/rpt/fsw/tables/rpt_tbl.c
[  0%] Linking C static library libtblobj_cpu1_rpt.tblf6091a782b6827a521068acdb75e50b5236b6440.a
cd /home/hj/Documents/COSMIC_FSW/build/i686-linux-gnu/default_cpu1/apps/rpt && /usr/bin/cmake -P CMakeFiles/tblobj_cpu1_rpt.tblf6091a782b6827a521068acdb75e50b5236b6440.dir/cmake_clean_target.cmake
cd /home/hj/Documents/COSMIC_FSW/build/i686-linux-gnu/default_cpu1/apps/rpt && /usr/bin/cmake -E cmake_link_script CMakeFiles/tblobj_cpu1_rpt.tblf6091a782b6827a521068acdb75e50b5236b6440.dir/link.txt --verbose=1
/usr/bin/ar qc libtblobj_cpu1_rpt.tblf6091a782b6827a521068acdb75e50b5236b6440.a CMakeFiles/tblobj_cpu1_rpt.tblf6091a782b6827a521068acdb75e50b5236b6440.dir/fsw/tables/rpt_tbl.c.o
/usr/bin/ranlib libtblobj_cpu1_rpt.tblf6091a782b6827a521068acdb75e50b5236b6440.a
[  0%] Built target tblobj_cpu1_rpt.tblf6091a782b6827a521068acdb75e50b5236b6440
make  -f apps/rpt/CMakeFiles/generate_table_cpu1_rpt_rpt_tbl.dir/build.make apps/rpt/CMakeFiles/generate_table_cpu1_rpt_rpt_tbl.dir/depend
cd /home/hj/Documents/COSMIC_FSW/build/i686-linux-gnu/default_cpu1 && /usr/bin/cmake -E cmake_depends "Unix Makefiles" /home/hj/Documents/COSMIC_FSW/cfe /home/hj/Documents/COSMIC_FSW/apps/rpt /home/hj/Documents/COSMIC_FSW/build/i686-linux-gnu/default_cpu1 /home/hj/Documents/COSMIC_FSW/build/i686-linux-gnu/default_cpu1/apps/rpt /home/hj/Documents/COSMIC_FSW/build/i686-linux-gnu/default_cpu1/apps/rpt/CMakeFiles/generate_table_cpu1_rpt_rpt_tbl.dir/DependInfo.cmake --color=
make  -f apps/rpt/CMakeFiles/generate_table_cpu1_rpt_rpt_tbl.dir/build.make apps/rpt/CMakeFiles/generate_table_cpu1_rpt_rpt_tbl.dir/build
[ 14%] Generating /home/hj/Documents/COSMIC_FSW/build/tables/cpu1_rpt.tblf6091a782b6827a521068acdb75e50b5236b6440.rpt_tbl.d
cd /home/hj/Documents/COSMIC_FSW/build/tables && /usr/bin/cmake -DTEMPLATE_FILE="/home/hj/Documents/COSMIC_FSW/tools/elf2cfetbl/scripts/table_rule_template.d.in" -DTARGET_SCID="0x42" -DTARGET_PRID="1" -DAPP_NAME="rpt" -DTARGET_NAME="cpu1" -DARCHIVE_FILE=""/home/hj/Documents/COSMIC_FSW/build/i686-linux-gnu/default_cpu1/apps/rpt/libtblobj_cpu1_rpt.tblf6091a782b6827a521068acdb75e50b5236b6440.a"" -DINSTALL_SUBDIR="cf" -DOUTPUT_FILE="/home/hj/Documents/COSMIC_FSW/build/tables/cpu1_rpt.tblf6091a782b6827a521068acdb75e50b5236b6440.rpt_tbl.d" -DTABLE_NAME="rpt_tbl" -DSOURCES="/home/hj/Documents/COSMIC_FSW/apps/rpt/fsw/tables/rpt_tbl.c" -DOBJEXT=".o" -P /home/hj/Documents/COSMIC_FSW/tools/elf2cfetbl/scripts/generate_elf_table_rules.cmake
[ 14%] Built target generate_table_cpu1_rpt_rpt_tbl
make  -f apps/to_lab/CMakeFiles/tblobj_cpu1_to_lab.tbl58a46b2371a8048a79b882ab091c862d69cb473a.dir/build.make apps/to_lab/CMakeFiles/tblobj_cpu1_to_lab.tbl58a46b2371a8048a79b882ab091c862d69cb473a.dir/depend
cd /home/hj/Documents/COSMIC_FSW/build/i686-linux-gnu/default_cpu1 && /usr/bin/cmake -E cmake_depends "Unix Makefiles" /home/hj/Documents/COSMIC_FSW/cfe /home/hj/Documents/COSMIC_FSW/apps/to_lab /home/hj/Documents/COSMIC_FSW/build/i686-linux-gnu/default_cpu1 /home/hj/Documents/COSMIC_FSW/build/i686-linux-gnu/default_cpu1/apps/to_lab /home/hj/Documents/COSMIC_FSW/build/i686-linux-gnu/default_cpu1/apps/to_lab/CMakeFiles/tblobj_cpu1_to_lab.tbl58a46b2371a8048a79b882ab091c862d69cb473a.dir/DependInfo.cmake --color=
Dependencies file "apps/to_lab/CMakeFiles/tblobj_cpu1_to_lab.tbl58a46b2371a8048a79b882ab091c862d69cb473a.dir/fsw/tables/to_lab_sub.c.o.d" is newer than depends file "/home/hj/Documents/COSMIC_FSW/build/i686-linux-gnu/default_cpu1/apps/to_lab/CMakeFiles/tblobj_cpu1_to_lab.tbl58a46b2371a8048a79b882ab091c862d69cb473a.dir/compiler_depend.internal".
Consolidate compiler generated dependencies of target tblobj_cpu1_to_lab.tbl58a46b2371a8048a79b882ab091c862d69cb473a
make  -f apps/to_lab/CMakeFiles/tblobj_cpu1_to_lab.tbl58a46b2371a8048a79b882ab091c862d69cb473a.dir/build.make apps/to_lab/CMakeFiles/tblobj_cpu1_to_lab.tbl58a46b2371a8048a79b882ab091c862d69cb473a.dir/build
[ 14%] Building C object apps/to_lab/CMakeFiles/tblobj_cpu1_to_lab.tbl58a46b2371a8048a79b882ab091c862d69cb473a.dir/fsw/tables/to_lab_sub.c.o
cd /home/hj/Documents/COSMIC_FSW/build/i686-linux-gnu/default_cpu1/apps/to_lab && /usr/bin/gcc -DCFE_APP_NAME=\"to_lab\" -DCFE_CPU_NAME=cpu1 -DHAVE_CI_LAB -DHAVE_LC -DHAVE_SAMPLE_APP -DHAVE_SC -D_LINUX_OS_ -D_POSIX_OS_ -D_XOPEN_SOURCE=600 -DCFE_TABLE_NAME=to_lab_sub -I/home/hj/Documents/COSMIC_FSW/build/inc -I/home/hj/Documents/COSMIC_FSW/build/i686-linux-gnu/default_cpu1/inc -I/home/hj/Documents/COSMIC_FSW/apps/ci_lab/fsw/inc -I/home/hj/Documents/COSMIC_FSW/cfe/modules/core_api/fsw/inc -I/home/hj/Documents/COSMIC_FSW/cfe/modules/es/fsw/inc -I/home/hj/Documents/COSMIC_FSW/cfe/modules/evs/fsw/inc -I/home/hj/Documents/COSMIC_FSW/cfe/modules/fs/fsw/inc -I/home/hj/Documents/COSMIC_FSW/cfe/modules/sb/fsw/inc -I/home/hj/Documents/COSMIC_FSW/cfe/modules/tbl/fsw/inc -I/home/hj/Documents/COSMIC_FSW/cfe/modules/time/fsw/inc -I/home/hj/Documents/COSMIC_FSW/osal/src/os/inc -I/home/hj/Documents/COSMIC_FSW/build/i686-linux-gnu/default_cpu1/osal/inc -I/home/hj/Documents/COSMIC_FSW/psp/fsw/inc -I/home/hj/Documents/COSMIC_FSW/psp/fsw/modules/iodriver/inc -I/home/hj/Documents/COSMIC_FSW/cfe/modules/msg/fsw/inc -I/home/hj/Documents/COSMIC_FSW/cfe/modules/resourceid/fsw/inc -I/home/hj/Documents/COSMIC_FSW/cfe/modules/config/fsw/inc -I/home/hj/Documents/COSMIC_FSW/cfe/modules/srl/fsw/inc -I/home/hj/Documents/COSMIC_FSW/cfe/modules/rf/fsw/inc -I/home/hj/Documents/COSMIC_FSW/apps/sample_app/fsw/inc -I/home/hj/Documents/COSMIC_FSW/libs/sample_lib/fsw/public_inc -I/home/hj/Documents/COSMIC_FSW/apps/sc/fsw/inc -I/home/hj/Documents/COSMIC_FSW/apps/lc/fsw/inc -I/home/hj/Documents/COSMIC_FSW/apps/to_lab/fsw/inc -g -std=c99 -pedantic -Wall -Wstrict-prototypes -Wwrite-strings -Wpointer-arith -Werror -Wno-format-truncation -Wno-stringop-truncation -MD -MT apps/to_lab/CMakeFiles/tblobj_cpu1_to_lab.tbl58a46b2371a8048a79b882ab091c862d69cb473a.dir/fsw/tables/to_lab_sub.c.o -MF CMakeFiles/tblobj_cpu1_to_lab.tbl58a46b2371a8048a79b882ab091c862d69cb473a.dir/fsw/tables/to_lab_sub.c.o.d -o CMakeFiles/tblobj_cpu1_to_lab.tbl58a46b2371a8048a79b882ab091c862d69cb473a.dir/fsw/tables/to_lab_sub.c.o -c /home/hj/Documents/COSMIC_FSW/apps/to_lab/fsw/tables/to_lab_sub.c
[ 14%] Linking C static library libtblobj_cpu1_to_lab.tbl58a46b2371a8048a79b882ab091c862d69cb473a.a
cd /home/hj/Documents/COSMIC_FSW/build/i686-linux-gnu/default_cpu1/apps/to_lab && /usr/bin/cmake -P CMakeFiles/tblobj_cpu1_to_lab.tbl58a46b2371a8048a79b882ab091c862d69cb473a.dir/cmake_clean_target.cmake
cd /home/hj/Documents/COSMIC_FSW/build/i686-linux-gnu/default_cpu1/apps/to_lab && /usr/bin/cmake -E cmake_link_script CMakeFiles/tblobj_cpu1_to_lab.tbl58a46b2371a8048a79b882ab091c862d69cb473a.dir/link.txt --verbose=1
/usr/bin/ar qc libtblobj_cpu1_to_lab.tbl58a46b2371a8048a79b882ab091c862d69cb473a.a CMakeFiles/tblobj_cpu1_to_lab.tbl58a46b2371a8048a79b882ab091c862d69cb473a.dir/fsw/tables/to_lab_sub.c.o
/usr/bin/ranlib libtblobj_cpu1_to_lab.tbl58a46b2371a8048a79b882ab091c862d69cb473a.a
[ 14%] Built target tblobj_cpu1_to_lab.tbl58a46b2371a8048a79b882ab091c862d69cb473a
make  -f apps/to_lab/CMakeFiles/generate_table_cpu1_to_lab_to_lab_sub.dir/build.make apps/to_lab/CMakeFiles/generate_table_cpu1_to_lab_to_lab_sub.dir/depend
cd /home/hj/Documents/COSMIC_FSW/build/i686-linux-gnu/default_cpu1 && /usr/bin/cmake -E cmake_depends "Unix Makefiles" /home/hj/Documents/COSMIC_FSW/cfe /home/hj/Documents/COSMIC_FSW/apps/to_lab /home/hj/Documents/COSMIC_FSW/build/i686-linux-gnu/default_cpu1 /home/hj/Documents/COSMIC_FSW/build/i686-linux-gnu/default_cpu1/apps/to_lab /home/hj/Documents/COSMIC_FSW/build/i686-linux-gnu/default_cpu1/apps/to_lab/CMakeFiles/generate_table_cpu1_to_lab_to_lab_sub.dir/DependInfo.cmake --color=
make  -f apps/to_lab/CMakeFiles/generate_table_cpu1_to_lab_to_lab_sub.dir/build.make apps/to_lab/CMakeFiles/generate_table_cpu1_to_lab_to_lab_sub.dir/build
[ 14%] Generating /home/hj/Documents/COSMIC_FSW/build/tables/cpu1_to_lab.tbl58a46b2371a8048a79b882ab091c862d69cb473a.to_lab_sub.d
cd /home/hj/Documents/COSMIC_FSW/build/tables && /usr/bin/cmake -DTEMPLATE_FILE="/home/hj/Documents/COSMIC_FSW/tools/elf2cfetbl/scripts/table_rule_template.d.in" -DTARGET_SCID="0x42" -DTARGET_PRID="1" -DAPP_NAME="to_lab" -DTARGET_NAME="cpu1" -DARCHIVE_FILE=""/home/hj/Documents/COSMIC_FSW/build/i686-linux-gnu/default_cpu1/apps/to_lab/libtblobj_cpu1_to_lab.tbl58a46b2371a8048a79b882ab091c862d69cb473a.a"" -DINSTALL_SUBDIR="cf" -DOUTPUT_FILE="/home/hj/Documents/COSMIC_FSW/build/tables/cpu1_to_lab.tbl58a46b2371a8048a79b882ab091c862d69cb473a.to_lab_sub.d" -DTABLE_NAME="to_lab_sub" -DSOURCES="/home/hj/Documents/COSMIC_FSW/apps/to_lab/fsw/tables/to_lab_sub.c" -DOBJEXT=".o" -P /home/hj/Documents/COSMIC_FSW/tools/elf2cfetbl/scripts/generate_elf_table_rules.cmake
[ 14%] Built target generate_table_cpu1_to_lab_to_lab_sub
make  -f apps/sch_lab/CMakeFiles/tblobj_cpu1_sch_lab.tbl7d62b9de13426b225530624889b44a3e3db9f0b3.dir/build.make apps/sch_lab/CMakeFiles/tblobj_cpu1_sch_lab.tbl7d62b9de13426b225530624889b44a3e3db9f0b3.dir/depend
cd /home/hj/Documents/COSMIC_FSW/build/i686-linux-gnu/default_cpu1 && /usr/bin/cmake -E cmake_depends "Unix Makefiles" /home/hj/Documents/COSMIC_FSW/cfe /home/hj/Documents/COSMIC_FSW/apps/sch_lab /home/hj/Documents/COSMIC_FSW/build/i686-linux-gnu/default_cpu1 /home/hj/Documents/COSMIC_FSW/build/i686-linux-gnu/default_cpu1/apps/sch_lab /home/hj/Documents/COSMIC_FSW/build/i686-linux-gnu/default_cpu1/apps/sch_lab/CMakeFiles/tblobj_cpu1_sch_lab.tbl7d62b9de13426b225530624889b44a3e3db9f0b3.dir/DependInfo.cmake --color=
Dependencies file "apps/sch_lab/CMakeFiles/tblobj_cpu1_sch_lab.tbl7d62b9de13426b225530624889b44a3e3db9f0b3.dir/fsw/tables/sch_lab_table.c.o.d" is newer than depends file "/home/hj/Documents/COSMIC_FSW/build/i686-linux-gnu/default_cpu1/apps/sch_lab/CMakeFiles/tblobj_cpu1_sch_lab.tbl7d62b9de13426b225530624889b44a3e3db9f0b3.dir/compiler_depend.internal".
Consolidate compiler generated dependencies of target tblobj_cpu1_sch_lab.tbl7d62b9de13426b225530624889b44a3e3db9f0b3
make  -f apps/sch_lab/CMakeFiles/tblobj_cpu1_sch_lab.tbl7d62b9de13426b225530624889b44a3e3db9f0b3.dir/build.make apps/sch_lab/CMakeFiles/tblobj_cpu1_sch_lab.tbl7d62b9de13426b225530624889b44a3e3db9f0b3.dir/build
[ 14%] Building C object apps/sch_lab/CMakeFiles/tblobj_cpu1_sch_lab.tbl7d62b9de13426b225530624889b44a3e3db9f0b3.dir/fsw/tables/sch_lab_table.c.o
cd /home/hj/Documents/COSMIC_FSW/build/i686-linux-gnu/default_cpu1/apps/sch_lab && /usr/bin/gcc -DCFE_APP_NAME=\"sch_lab\" -DCFE_CPU_NAME=cpu1 -DHAVE_CI_LAB -DHAVE_LC -DHAVE_SAMPLE_APP -DHAVE_SC -DHAVE_TO_LAB -D_LINUX_OS_ -D_POSIX_OS_ -D_XOPEN_SOURCE=600 -DCFE_TABLE_NAME=sch_lab_table -I/home/hj/Documents/COSMIC_FSW/build/inc -I/home/hj/Documents/COSMIC_FSW/build/i686-linux-gnu/default_cpu1/inc -I/home/hj/Documents/COSMIC_FSW/apps/ci_lab/fsw/inc -I/home/hj/Documents/COSMIC_FSW/cfe/modules/core_api/fsw/inc -I/home/hj/Documents/COSMIC_FSW/cfe/modules/es/fsw/inc -I/home/hj/Documents/COSMIC_FSW/cfe/modules/evs/fsw/inc -I/home/hj/Documents/COSMIC_FSW/cfe/modules/fs/fsw/inc -I/home/hj/Documents/COSMIC_FSW/cfe/modules/sb/fsw/inc -I/home/hj/Documents/COSMIC_FSW/cfe/modules/tbl/fsw/inc -I/home/hj/Documents/COSMIC_FSW/cfe/modules/time/fsw/inc -I/home/hj/Documents/COSMIC_FSW/osal/src/os/inc -I/home/hj/Documents/COSMIC_FSW/build/i686-linux-gnu/default_cpu1/osal/inc -I/home/hj/Documents/COSMIC_FSW/psp/fsw/inc -I/home/hj/Documents/COSMIC_FSW/psp/fsw/modules/iodriver/inc -I/home/hj/Documents/COSMIC_FSW/cfe/modules/msg/fsw/inc -I/home/hj/Documents/COSMIC_FSW/cfe/modules/resourceid/fsw/inc -I/home/hj/Documents/COSMIC_FSW/cfe/modules/config/fsw/inc -I/home/hj/Documents/COSMIC_FSW/cfe/modules/srl/fsw/inc -I/home/hj/Documents/COSMIC_FSW/cfe/modules/rf/fsw/inc -I/home/hj/Documents/COSMIC_FSW/apps/to_lab/fsw/inc -I/home/hj/Documents/COSMIC_FSW/apps/sample_app/fsw/inc -I/home/hj/Documents/COSMIC_FSW/libs/sample_lib/fsw/public_inc -I/home/hj/Documents/COSMIC_FSW/apps/sc/fsw/inc -I/home/hj/Documents/COSMIC_FSW/apps/lc/fsw/inc -g -std=c99 -pedantic -Wall -Wstrict-prototypes -Wwrite-strings -Wpointer-arith -Werror -Wno-format-truncation -Wno-stringop-truncation -MD -MT apps/sch_lab/CMakeFiles/tblobj_cpu1_sch_lab.tbl7d62b9de13426b225530624889b44a3e3db9f0b3.dir/fsw/tables/sch_lab_table.c.o -MF CMakeFiles/tblobj_cpu1_sch_lab.tbl7d62b9de13426b225530624889b44a3e3db9f0b3.dir/fsw/tables/sch_lab_table.c.o.d -o CMakeFiles/tblobj_cpu1_sch_lab.tbl7d62b9de13426b225530624889b44a3e3db9f0b3.dir/fsw/tables/sch_lab_table.c.o -c /home/hj/Documents/COSMIC_FSW/apps/sch_lab/fsw/tables/sch_lab_table.c
[ 14%] Linking C static library libtblobj_cpu1_sch_lab.tbl7d62b9de13426b225530624889b44a3e3db9f0b3.a
cd /home/hj/Documents/COSMIC_FSW/build/i686-linux-gnu/default_cpu1/apps/sch_lab && /usr/bin/cmake -P CMakeFiles/tblobj_cpu1_sch_lab.tbl7d62b9de13426b225530624889b44a3e3db9f0b3.dir/cmake_clean_target.cmake
cd /home/hj/Documents/COSMIC_FSW/build/i686-linux-gnu/default_cpu1/apps/sch_lab && /usr/bin/cmake -E cmake_link_script CMakeFiles/tblobj_cpu1_sch_lab.tbl7d62b9de13426b225530624889b44a3e3db9f0b3.dir/link.txt --verbose=1
/usr/bin/ar qc libtblobj_cpu1_sch_lab.tbl7d62b9de13426b225530624889b44a3e3db9f0b3.a CMakeFiles/tblobj_cpu1_sch_lab.tbl7d62b9de13426b225530624889b44a3e3db9f0b3.dir/fsw/tables/sch_lab_table.c.o
/usr/bin/ranlib libtblobj_cpu1_sch_lab.tbl7d62b9de13426b225530624889b44a3e3db9f0b3.a
[ 14%] Built target tblobj_cpu1_sch_lab.tbl7d62b9de13426b225530624889b44a3e3db9f0b3
make  -f apps/sch_lab/CMakeFiles/generate_table_cpu1_sch_lab_sch_lab_table.dir/build.make apps/sch_lab/CMakeFiles/generate_table_cpu1_sch_lab_sch_lab_table.dir/depend
cd /home/hj/Documents/COSMIC_FSW/build/i686-linux-gnu/default_cpu1 && /usr/bin/cmake -E cmake_depends "Unix Makefiles" /home/hj/Documents/COSMIC_FSW/cfe /home/hj/Documents/COSMIC_FSW/apps/sch_lab /home/hj/Documents/COSMIC_FSW/build/i686-linux-gnu/default_cpu1 /home/hj/Documents/COSMIC_FSW/build/i686-linux-gnu/default_cpu1/apps/sch_lab /home/hj/Documents/COSMIC_FSW/build/i686-linux-gnu/default_cpu1/apps/sch_lab/CMakeFiles/generate_table_cpu1_sch_lab_sch_lab_table.dir/DependInfo.cmake --color=
make  -f apps/sch_lab/CMakeFiles/generate_table_cpu1_sch_lab_sch_lab_table.dir/build.make apps/sch_lab/CMakeFiles/generate_table_cpu1_sch_lab_sch_lab_table.dir/build
[ 14%] Generating /home/hj/Documents/COSMIC_FSW/build/tables/cpu1_sch_lab.tbl7d62b9de13426b225530624889b44a3e3db9f0b3.sch_lab_table.d
cd /home/hj/Documents/COSMIC_FSW/build/tables && /usr/bin/cmake -DTEMPLATE_FILE="/home/hj/Documents/COSMIC_FSW/tools/elf2cfetbl/scripts/table_rule_template.d.in" -DTARGET_SCID="0x42" -DTARGET_PRID="1" -DAPP_NAME="sch_lab" -DTARGET_NAME="cpu1" -DARCHIVE_FILE=""/home/hj/Documents/COSMIC_FSW/build/i686-linux-gnu/default_cpu1/apps/sch_lab/libtblobj_cpu1_sch_lab.tbl7d62b9de13426b225530624889b44a3e3db9f0b3.a"" -DINSTALL_SUBDIR="cf" -DOUTPUT_FILE="/home/hj/Documents/COSMIC_FSW/build/tables/cpu1_sch_lab.tbl7d62b9de13426b225530624889b44a3e3db9f0b3.sch_lab_table.d" -DTABLE_NAME="sch_lab_table" -DSOURCES="/home/hj/Documents/COSMIC_FSW/apps/sch_lab/fsw/tables/sch_lab_table.c" -DOBJEXT=".o" -P /home/hj/Documents/COSMIC_FSW/tools/elf2cfetbl/scripts/generate_elf_table_rules.cmake
[ 14%] Built target generate_table_cpu1_sch_lab_sch_lab_table
make  -f apps/sc/CMakeFiles/tblobj_cpu1_sc.tbl810812b8b0f92126d65d27382e5f122302fa468f.dir/build.make apps/sc/CMakeFiles/tblobj_cpu1_sc.tbl810812b8b0f92126d65d27382e5f122302fa468f.dir/depend
cd /home/hj/Documents/COSMIC_FSW/build/i686-linux-gnu/default_cpu1 && /usr/bin/cmake -E cmake_depends "Unix Makefiles" /home/hj/Documents/COSMIC_FSW/cfe /home/hj/Documents/COSMIC_FSW/apps/sc /home/hj/Documents/COSMIC_FSW/build/i686-linux-gnu/default_cpu1 /home/hj/Documents/COSMIC_FSW/build/i686-linux-gnu/default_cpu1/apps/sc /home/hj/Documents/COSMIC_FSW/build/i686-linux-gnu/default_cpu1/apps/sc/CMakeFiles/tblobj_cpu1_sc.tbl810812b8b0f92126d65d27382e5f122302fa468f.dir/DependInfo.cmake --color=
Dependencies file "apps/sc/CMakeFiles/tblobj_cpu1_sc.tbl810812b8b0f92126d65d27382e5f122302fa468f.dir/fsw/tables/sc_ats1.c.o.d" is newer than depends file "/home/hj/Documents/COSMIC_FSW/build/i686-linux-gnu/default_cpu1/apps/sc/CMakeFiles/tblobj_cpu1_sc.tbl810812b8b0f92126d65d27382e5f122302fa468f.dir/compiler_depend.internal".
Dependencies file "apps/sc/CMakeFiles/tblobj_cpu1_sc.tbl810812b8b0f92126d65d27382e5f122302fa468f.dir/fsw/tables/sc_rts001.c.o.d" is newer than depends file "/home/hj/Documents/COSMIC_FSW/build/i686-linux-gnu/default_cpu1/apps/sc/CMakeFiles/tblobj_cpu1_sc.tbl810812b8b0f92126d65d27382e5f122302fa468f.dir/compiler_depend.internal".
Dependencies file "apps/sc/CMakeFiles/tblobj_cpu1_sc.tbl810812b8b0f92126d65d27382e5f122302fa468f.dir/fsw/tables/sc_rts002.c.o.d" is newer than depends file "/home/hj/Documents/COSMIC_FSW/build/i686-linux-gnu/default_cpu1/apps/sc/CMakeFiles/tblobj_cpu1_sc.tbl810812b8b0f92126d65d27382e5f122302fa468f.dir/compiler_depend.internal".
Dependencies file "apps/sc/CMakeFiles/tblobj_cpu1_sc.tbl810812b8b0f92126d65d27382e5f122302fa468f.dir/fsw/tables/sc_rts003.c.o.d" is newer than depends file "/home/hj/Documents/COSMIC_FSW/build/i686-linux-gnu/default_cpu1/apps/sc/CMakeFiles/tblobj_cpu1_sc.tbl810812b8b0f92126d65d27382e5f122302fa468f.dir/compiler_depend.internal".
Consolidate compiler generated dependencies of target tblobj_cpu1_sc.tbl810812b8b0f92126d65d27382e5f122302fa468f
make  -f apps/sc/CMakeFiles/tblobj_cpu1_sc.tbl810812b8b0f92126d65d27382e5f122302fa468f.dir/build.make apps/sc/CMakeFiles/tblobj_cpu1_sc.tbl810812b8b0f92126d65d27382e5f122302fa468f.dir/build
[ 28%] Building C object apps/sc/CMakeFiles/tblobj_cpu1_sc.tbl810812b8b0f92126d65d27382e5f122302fa468f.dir/fsw/tables/sc_rts001.c.o
cd /home/hj/Documents/COSMIC_FSW/build/i686-linux-gnu/default_cpu1/apps/sc && /usr/bin/gcc -DCFE_APP_NAME=\"sc\" -DCFE_CPU_NAME=cpu1 -D_LINUX_OS_ -D_POSIX_OS_ -D_XOPEN_SOURCE=600 -DCFE_TABLE_NAME=sc_rts001 -I/home/hj/Documents/COSMIC_FSW/build/inc -I/home/hj/Documents/COSMIC_FSW/build/i686-linux-gnu/default_cpu1/inc -I/home/hj/Documents/COSMIC_FSW/cfe/modules/core_api/fsw/inc -I/home/hj/Documents/COSMIC_FSW/cfe/modules/es/fsw/inc -I/home/hj/Documents/COSMIC_FSW/cfe/modules/evs/fsw/inc -I/home/hj/Documents/COSMIC_FSW/cfe/modules/fs/fsw/inc -I/home/hj/Documents/COSMIC_FSW/cfe/modules/sb/fsw/inc -I/home/hj/Documents/COSMIC_FSW/cfe/modules/tbl/fsw/inc -I/home/hj/Documents/COSMIC_FSW/cfe/modules/time/fsw/inc -I/home/hj/Documents/COSMIC_FSW/osal/src/os/inc -I/home/hj/Documents/COSMIC_FSW/build/i686-linux-gnu/default_cpu1/osal/inc -I/home/hj/Documents/COSMIC_FSW/psp/fsw/inc -I/home/hj/Documents/COSMIC_FSW/psp/fsw/modules/iodriver/inc -I/home/hj/Documents/COSMIC_FSW/cfe/modules/msg/fsw/inc -I/home/hj/Documents/COSMIC_FSW/cfe/modules/resourceid/fsw/inc -I/home/hj/Documents/COSMIC_FSW/cfe/modules/config/fsw/inc -I/home/hj/Documents/COSMIC_FSW/cfe/modules/srl/fsw/inc -I/home/hj/Documents/COSMIC_FSW/cfe/modules/rf/fsw/inc -I/home/hj/Documents/COSMIC_FSW/apps/sc/fsw/inc -g -std=c99 -pedantic -Wall -Wstrict-prototypes -Wwrite-strings -Wpointer-arith -Werror -Wno-format-truncation -Wno-stringop-truncation -MD -MT apps/sc/CMakeFiles/tblobj_cpu1_sc.tbl810812b8b0f92126d65d27382e5f122302fa468f.dir/fsw/tables/sc_rts001.c.o -MF CMakeFiles/tblobj_cpu1_sc.tbl810812b8b0f92126d65d27382e5f122302fa468f.dir/fsw/tables/sc_rts001.c.o.d -o CMakeFiles/tblobj_cpu1_sc.tbl810812b8b0f92126d65d27382e5f122302fa468f.dir/fsw/tables/sc_rts001.c.o -c /home/hj/Documents/COSMIC_FSW/apps/sc/fsw/tables/sc_rts001.c
[ 28%] Building C object apps/sc/CMakeFiles/tblobj_cpu1_sc.tbl810812b8b0f92126d65d27382e5f122302fa468f.dir/fsw/tables/sc_ats1.c.o
cd /home/hj/Documents/COSMIC_FSW/build/i686-linux-gnu/default_cpu1/apps/sc && /usr/bin/gcc -DCFE_APP_NAME=\"sc\" -DCFE_CPU_NAME=cpu1 -D_LINUX_OS_ -D_POSIX_OS_ -D_XOPEN_SOURCE=600 -DCFE_TABLE_NAME=sc_ats1 -I/home/hj/Documents/COSMIC_FSW/build/inc -I/home/hj/Documents/COSMIC_FSW/build/i686-linux-gnu/default_cpu1/inc -I/home/hj/Documents/COSMIC_FSW/cfe/modules/core_api/fsw/inc -I/home/hj/Documents/COSMIC_FSW/cfe/modules/es/fsw/inc -I/home/hj/Documents/COSMIC_FSW/cfe/modules/evs/fsw/inc -I/home/hj/Documents/COSMIC_FSW/cfe/modules/fs/fsw/inc -I/home/hj/Documents/COSMIC_FSW/cfe/modules/sb/fsw/inc -I/home/hj/Documents/COSMIC_FSW/cfe/modules/tbl/fsw/inc -I/home/hj/Documents/COSMIC_FSW/cfe/modules/time/fsw/inc -I/home/hj/Documents/COSMIC_FSW/osal/src/os/inc -I/home/hj/Documents/COSMIC_FSW/build/i686-linux-gnu/default_cpu1/osal/inc -I/home/hj/Documents/COSMIC_FSW/psp/fsw/inc -I/home/hj/Documents/COSMIC_FSW/psp/fsw/modules/iodriver/inc -I/home/hj/Documents/COSMIC_FSW/cfe/modules/msg/fsw/inc -I/home/hj/Documents/COSMIC_FSW/cfe/modules/resourceid/fsw/inc -I/home/hj/Documents/COSMIC_FSW/cfe/modules/config/fsw/inc -I/home/hj/Documents/COSMIC_FSW/cfe/modules/srl/fsw/inc -I/home/hj/Documents/COSMIC_FSW/cfe/modules/rf/fsw/inc -I/home/hj/Documents/COSMIC_FSW/apps/sc/fsw/inc -g -std=c99 -pedantic -Wall -Wstrict-prototypes -Wwrite-strings -Wpointer-arith -Werror -Wno-format-truncation -Wno-stringop-truncation -MD -MT apps/sc/CMakeFiles/tblobj_cpu1_sc.tbl810812b8b0f92126d65d27382e5f122302fa468f.dir/fsw/tables/sc_ats1.c.o -MF CMakeFiles/tblobj_cpu1_sc.tbl810812b8b0f92126d65d27382e5f122302fa468f.dir/fsw/tables/sc_ats1.c.o.d -o CMakeFiles/tblobj_cpu1_sc.tbl810812b8b0f92126d65d27382e5f122302fa468f.dir/fsw/tables/sc_ats1.c.o -c /home/hj/Documents/COSMIC_FSW/apps/sc/fsw/tables/sc_ats1.c
[ 28%] Building C object apps/sc/CMakeFiles/tblobj_cpu1_sc.tbl810812b8b0f92126d65d27382e5f122302fa468f.dir/fsw/tables/sc_rts002.c.o
cd /home/hj/Documents/COSMIC_FSW/build/i686-linux-gnu/default_cpu1/apps/sc && /usr/bin/gcc -DCFE_APP_NAME=\"sc\" -DCFE_CPU_NAME=cpu1 -D_LINUX_OS_ -D_POSIX_OS_ -D_XOPEN_SOURCE=600 -DCFE_TABLE_NAME=sc_rts002 -I/home/hj/Documents/COSMIC_FSW/build/inc -I/home/hj/Documents/COSMIC_FSW/build/i686-linux-gnu/default_cpu1/inc -I/home/hj/Documents/COSMIC_FSW/cfe/modules/core_api/fsw/inc -I/home/hj/Documents/COSMIC_FSW/cfe/modules/es/fsw/inc -I/home/hj/Documents/COSMIC_FSW/cfe/modules/evs/fsw/inc -I/home/hj/Documents/COSMIC_FSW/cfe/modules/fs/fsw/inc -I/home/hj/Documents/COSMIC_FSW/cfe/modules/sb/fsw/inc -I/home/hj/Documents/COSMIC_FSW/cfe/modules/tbl/fsw/inc -I/home/hj/Documents/COSMIC_FSW/cfe/modules/time/fsw/inc -I/home/hj/Documents/COSMIC_FSW/osal/src/os/inc -I/home/hj/Documents/COSMIC_FSW/build/i686-linux-gnu/default_cpu1/osal/inc -I/home/hj/Documents/COSMIC_FSW/psp/fsw/inc -I/home/hj/Documents/COSMIC_FSW/psp/fsw/modules/iodriver/inc -I/home/hj/Documents/COSMIC_FSW/cfe/modules/msg/fsw/inc -I/home/hj/Documents/COSMIC_FSW/cfe/modules/resourceid/fsw/inc -I/home/hj/Documents/COSMIC_FSW/cfe/modules/config/fsw/inc -I/home/hj/Documents/COSMIC_FSW/cfe/modules/srl/fsw/inc -I/home/hj/Documents/COSMIC_FSW/cfe/modules/rf/fsw/inc -I/home/hj/Documents/COSMIC_FSW/apps/sc/fsw/inc -g -std=c99 -pedantic -Wall -Wstrict-prototypes -Wwrite-strings -Wpointer-arith -Werror -Wno-format-truncation -Wno-stringop-truncation -MD -MT apps/sc/CMakeFiles/tblobj_cpu1_sc.tbl810812b8b0f92126d65d27382e5f122302fa468f.dir/fsw/tables/sc_rts002.c.o -MF CMakeFiles/tblobj_cpu1_sc.tbl810812b8b0f92126d65d27382e5f122302fa468f.dir/fsw/tables/sc_rts002.c.o.d -o CMakeFiles/tblobj_cpu1_sc.tbl810812b8b0f92126d65d27382e5f122302fa468f.dir/fsw/tables/sc_rts002.c.o -c /home/hj/Documents/COSMIC_FSW/apps/sc/fsw/tables/sc_rts002.c
[ 28%] Building C object apps/sc/CMakeFiles/tblobj_cpu1_sc.tbl810812b8b0f92126d65d27382e5f122302fa468f.dir/fsw/tables/sc_rts003.c.o
cd /home/hj/Documents/COSMIC_FSW/build/i686-linux-gnu/default_cpu1/apps/sc && /usr/bin/gcc -DCFE_APP_NAME=\"sc\" -DCFE_CPU_NAME=cpu1 -D_LINUX_OS_ -D_POSIX_OS_ -D_XOPEN_SOURCE=600 -DCFE_TABLE_NAME=sc_rts003 -I/home/hj/Documents/COSMIC_FSW/build/inc -I/home/hj/Documents/COSMIC_FSW/build/i686-linux-gnu/default_cpu1/inc -I/home/hj/Documents/COSMIC_FSW/cfe/modules/core_api/fsw/inc -I/home/hj/Documents/COSMIC_FSW/cfe/modules/es/fsw/inc -I/home/hj/Documents/COSMIC_FSW/cfe/modules/evs/fsw/inc -I/home/hj/Documents/COSMIC_FSW/cfe/modules/fs/fsw/inc -I/home/hj/Documents/COSMIC_FSW/cfe/modules/sb/fsw/inc -I/home/hj/Documents/COSMIC_FSW/cfe/modules/tbl/fsw/inc -I/home/hj/Documents/COSMIC_FSW/cfe/modules/time/fsw/inc -I/home/hj/Documents/COSMIC_FSW/osal/src/os/inc -I/home/hj/Documents/COSMIC_FSW/build/i686-linux-gnu/default_cpu1/osal/inc -I/home/hj/Documents/COSMIC_FSW/psp/fsw/inc -I/home/hj/Documents/COSMIC_FSW/psp/fsw/modules/iodriver/inc -I/home/hj/Documents/COSMIC_FSW/cfe/modules/msg/fsw/inc -I/home/hj/Documents/COSMIC_FSW/cfe/modules/resourceid/fsw/inc -I/home/hj/Documents/COSMIC_FSW/cfe/modules/config/fsw/inc -I/home/hj/Documents/COSMIC_FSW/cfe/modules/srl/fsw/inc -I/home/hj/Documents/COSMIC_FSW/cfe/modules/rf/fsw/inc -I/home/hj/Documents/COSMIC_FSW/apps/sc/fsw/inc -g -std=c99 -pedantic -Wall -Wstrict-prototypes -Wwrite-strings -Wpointer-arith -Werror -Wno-format-truncation -Wno-stringop-truncation -MD -MT apps/sc/CMakeFiles/tblobj_cpu1_sc.tbl810812b8b0f92126d65d27382e5f122302fa468f.dir/fsw/tables/sc_rts003.c.o -MF CMakeFiles/tblobj_cpu1_sc.tbl810812b8b0f92126d65d27382e5f122302fa468f.dir/fsw/tables/sc_rts003.c.o.d -o CMakeFiles/tblobj_cpu1_sc.tbl810812b8b0f92126d65d27382e5f122302fa468f.dir/fsw/tables/sc_rts003.c.o -c /home/hj/Documents/COSMIC_FSW/apps/sc/fsw/tables/sc_rts003.c
[ 42%] Linking C static library libtblobj_cpu1_sc.tbl810812b8b0f92126d65d27382e5f122302fa468f.a
cd /home/hj/Documents/COSMIC_FSW/build/i686-linux-gnu/default_cpu1/apps/sc && /usr/bin/cmake -P CMakeFiles/tblobj_cpu1_sc.tbl810812b8b0f92126d65d27382e5f122302fa468f.dir/cmake_clean_target.cmake
cd /home/hj/Documents/COSMIC_FSW/build/i686-linux-gnu/default_cpu1/apps/sc && /usr/bin/cmake -E cmake_link_script CMakeFiles/tblobj_cpu1_sc.tbl810812b8b0f92126d65d27382e5f122302fa468f.dir/link.txt --verbose=1
/usr/bin/ar qc libtblobj_cpu1_sc.tbl810812b8b0f92126d65d27382e5f122302fa468f.a CMakeFiles/tblobj_cpu1_sc.tbl810812b8b0f92126d65d27382e5f122302fa468f.dir/fsw/tables/sc_rts001.c.o CMakeFiles/tblobj_cpu1_sc.tbl810812b8b0f92126d65d27382e5f122302fa468f.dir/fsw/tables/sc_ats1.c.o CMakeFiles/tblobj_cpu1_sc.tbl810812b8b0f92126d65d27382e5f122302fa468f.dir/fsw/tables/sc_rts002.c.o CMakeFiles/tblobj_cpu1_sc.tbl810812b8b0f92126d65d27382e5f122302fa468f.dir/fsw/tables/sc_rts003.c.o
/usr/bin/ranlib libtblobj_cpu1_sc.tbl810812b8b0f92126d65d27382e5f122302fa468f.a
[ 42%] Built target tblobj_cpu1_sc.tbl810812b8b0f92126d65d27382e5f122302fa468f
make  -f apps/sc/CMakeFiles/generate_table_cpu1_sc_sc_rts001.dir/build.make apps/sc/CMakeFiles/generate_table_cpu1_sc_sc_rts001.dir/depend
cd /home/hj/Documents/COSMIC_FSW/build/i686-linux-gnu/default_cpu1 && /usr/bin/cmake -E cmake_depends "Unix Makefiles" /home/hj/Documents/COSMIC_FSW/cfe /home/hj/Documents/COSMIC_FSW/apps/sc /home/hj/Documents/COSMIC_FSW/build/i686-linux-gnu/default_cpu1 /home/hj/Documents/COSMIC_FSW/build/i686-linux-gnu/default_cpu1/apps/sc /home/hj/Documents/COSMIC_FSW/build/i686-linux-gnu/default_cpu1/apps/sc/CMakeFiles/generate_table_cpu1_sc_sc_rts001.dir/DependInfo.cmake --color=
make  -f apps/sc/CMakeFiles/generate_table_cpu1_sc_sc_rts001.dir/build.make apps/sc/CMakeFiles/generate_table_cpu1_sc_sc_rts001.dir/build
[ 42%] Generating /home/hj/Documents/COSMIC_FSW/build/tables/cpu1_sc.tbl810812b8b0f92126d65d27382e5f122302fa468f.sc_rts001.d
cd /home/hj/Documents/COSMIC_FSW/build/tables && /usr/bin/cmake -DTEMPLATE_FILE="/home/hj/Documents/COSMIC_FSW/tools/elf2cfetbl/scripts/table_rule_template.d.in" -DTARGET_SCID="0x42" -DTARGET_PRID="1" -DAPP_NAME="sc" -DTARGET_NAME="cpu1" -DARCHIVE_FILE=""/home/hj/Documents/COSMIC_FSW/build/i686-linux-gnu/default_cpu1/apps/sc/libtblobj_cpu1_sc.tbl810812b8b0f92126d65d27382e5f122302fa468f.a"" -DINSTALL_SUBDIR="cf" -DOUTPUT_FILE="/home/hj/Documents/COSMIC_FSW/build/tables/cpu1_sc.tbl810812b8b0f92126d65d27382e5f122302fa468f.sc_rts001.d" -DTABLE_NAME="sc_rts001" -DSOURCES="/home/hj/Documents/COSMIC_FSW/apps/sc/fsw/tables/sc_rts001.c" -DOBJEXT=".o" -P /home/hj/Documents/COSMIC_FSW/tools/elf2cfetbl/scripts/generate_elf_table_rules.cmake
[ 42%] Built target generate_table_cpu1_sc_sc_rts001
make  -f apps/sc/CMakeFiles/generate_table_cpu1_sc_sc_ats1.dir/build.make apps/sc/CMakeFiles/generate_table_cpu1_sc_sc_ats1.dir/depend
cd /home/hj/Documents/COSMIC_FSW/build/i686-linux-gnu/default_cpu1 && /usr/bin/cmake -E cmake_depends "Unix Makefiles" /home/hj/Documents/COSMIC_FSW/cfe /home/hj/Documents/COSMIC_FSW/apps/sc /home/hj/Documents/COSMIC_FSW/build/i686-linux-gnu/default_cpu1 /home/hj/Documents/COSMIC_FSW/build/i686-linux-gnu/default_cpu1/apps/sc /home/hj/Documents/COSMIC_FSW/build/i686-linux-gnu/default_cpu1/apps/sc/CMakeFiles/generate_table_cpu1_sc_sc_ats1.dir/DependInfo.cmake --color=
make  -f apps/sc/CMakeFiles/generate_table_cpu1_sc_sc_ats1.dir/build.make apps/sc/CMakeFiles/generate_table_cpu1_sc_sc_ats1.dir/build
[ 42%] Generating /home/hj/Documents/COSMIC_FSW/build/tables/cpu1_sc.tbl810812b8b0f92126d65d27382e5f122302fa468f.sc_ats1.d
cd /home/hj/Documents/COSMIC_FSW/build/tables && /usr/bin/cmake -DTEMPLATE_FILE="/home/hj/Documents/COSMIC_FSW/tools/elf2cfetbl/scripts/table_rule_template.d.in" -DTARGET_SCID="0x42" -DTARGET_PRID="1" -DAPP_NAME="sc" -DTARGET_NAME="cpu1" -DARCHIVE_FILE=""/home/hj/Documents/COSMIC_FSW/build/i686-linux-gnu/default_cpu1/apps/sc/libtblobj_cpu1_sc.tbl810812b8b0f92126d65d27382e5f122302fa468f.a"" -DINSTALL_SUBDIR="cf" -DOUTPUT_FILE="/home/hj/Documents/COSMIC_FSW/build/tables/cpu1_sc.tbl810812b8b0f92126d65d27382e5f122302fa468f.sc_ats1.d" -DTABLE_NAME="sc_ats1" -DSOURCES="/home/hj/Documents/COSMIC_FSW/apps/sc/fsw/tables/sc_ats1.c" -DOBJEXT=".o" -P /home/hj/Documents/COSMIC_FSW/tools/elf2cfetbl/scripts/generate_elf_table_rules.cmake
[ 42%] Built target generate_table_cpu1_sc_sc_ats1
make  -f apps/sc/CMakeFiles/generate_table_cpu1_sc_sc_rts002.dir/build.make apps/sc/CMakeFiles/generate_table_cpu1_sc_sc_rts002.dir/depend
cd /home/hj/Documents/COSMIC_FSW/build/i686-linux-gnu/default_cpu1 && /usr/bin/cmake -E cmake_depends "Unix Makefiles" /home/hj/Documents/COSMIC_FSW/cfe /home/hj/Documents/COSMIC_FSW/apps/sc /home/hj/Documents/COSMIC_FSW/build/i686-linux-gnu/default_cpu1 /home/hj/Documents/COSMIC_FSW/build/i686-linux-gnu/default_cpu1/apps/sc /home/hj/Documents/COSMIC_FSW/build/i686-linux-gnu/default_cpu1/apps/sc/CMakeFiles/generate_table_cpu1_sc_sc_rts002.dir/DependInfo.cmake --color=
make  -f apps/sc/CMakeFiles/generate_table_cpu1_sc_sc_rts002.dir/build.make apps/sc/CMakeFiles/generate_table_cpu1_sc_sc_rts002.dir/build
[ 42%] Generating /home/hj/Documents/COSMIC_FSW/build/tables/cpu1_sc.tbl810812b8b0f92126d65d27382e5f122302fa468f.sc_rts002.d
cd /home/hj/Documents/COSMIC_FSW/build/tables && /usr/bin/cmake -DTEMPLATE_FILE="/home/hj/Documents/COSMIC_FSW/tools/elf2cfetbl/scripts/table_rule_template.d.in" -DTARGET_SCID="0x42" -DTARGET_PRID="1" -DAPP_NAME="sc" -DTARGET_NAME="cpu1" -DARCHIVE_FILE=""/home/hj/Documents/COSMIC_FSW/build/i686-linux-gnu/default_cpu1/apps/sc/libtblobj_cpu1_sc.tbl810812b8b0f92126d65d27382e5f122302fa468f.a"" -DINSTALL_SUBDIR="cf" -DOUTPUT_FILE="/home/hj/Documents/COSMIC_FSW/build/tables/cpu1_sc.tbl810812b8b0f92126d65d27382e5f122302fa468f.sc_rts002.d" -DTABLE_NAME="sc_rts002" -DSOURCES="/home/hj/Documents/COSMIC_FSW/apps/sc/fsw/tables/sc_rts002.c" -DOBJEXT=".o" -P /home/hj/Documents/COSMIC_FSW/tools/elf2cfetbl/scripts/generate_elf_table_rules.cmake
[ 42%] Built target generate_table_cpu1_sc_sc_rts002
make  -f apps/sc/CMakeFiles/generate_table_cpu1_sc_sc_rts003.dir/build.make apps/sc/CMakeFiles/generate_table_cpu1_sc_sc_rts003.dir/depend
cd /home/hj/Documents/COSMIC_FSW/build/i686-linux-gnu/default_cpu1 && /usr/bin/cmake -E cmake_depends "Unix Makefiles" /home/hj/Documents/COSMIC_FSW/cfe /home/hj/Documents/COSMIC_FSW/apps/sc /home/hj/Documents/COSMIC_FSW/build/i686-linux-gnu/default_cpu1 /home/hj/Documents/COSMIC_FSW/build/i686-linux-gnu/default_cpu1/apps/sc /home/hj/Documents/COSMIC_FSW/build/i686-linux-gnu/default_cpu1/apps/sc/CMakeFiles/generate_table_cpu1_sc_sc_rts003.dir/DependInfo.cmake --color=
make  -f apps/sc/CMakeFiles/generate_table_cpu1_sc_sc_rts003.dir/build.make apps/sc/CMakeFiles/generate_table_cpu1_sc_sc_rts003.dir/build
[ 57%] Generating /home/hj/Documents/COSMIC_FSW/build/tables/cpu1_sc.tbl810812b8b0f92126d65d27382e5f122302fa468f.sc_rts003.d
cd /home/hj/Documents/COSMIC_FSW/build/tables && /usr/bin/cmake -DTEMPLATE_FILE="/home/hj/Documents/COSMIC_FSW/tools/elf2cfetbl/scripts/table_rule_template.d.in" -DTARGET_SCID="0x42" -DTARGET_PRID="1" -DAPP_NAME="sc" -DTARGET_NAME="cpu1" -DARCHIVE_FILE=""/home/hj/Documents/COSMIC_FSW/build/i686-linux-gnu/default_cpu1/apps/sc/libtblobj_cpu1_sc.tbl810812b8b0f92126d65d27382e5f122302fa468f.a"" -DINSTALL_SUBDIR="cf" -DOUTPUT_FILE="/home/hj/Documents/COSMIC_FSW/build/tables/cpu1_sc.tbl810812b8b0f92126d65d27382e5f122302fa468f.sc_rts003.d" -DTABLE_NAME="sc_rts003" -DSOURCES="/home/hj/Documents/COSMIC_FSW/apps/sc/fsw/tables/sc_rts003.c" -DOBJEXT=".o" -P /home/hj/Documents/COSMIC_FSW/tools/elf2cfetbl/scripts/generate_elf_table_rules.cmake
[ 57%] Built target generate_table_cpu1_sc_sc_rts003
make  -f apps/lc/CMakeFiles/tblobj_cpu1_lc.tbla865809aa8fb699b4338174db0a15f52dd2ac3a2.dir/build.make apps/lc/CMakeFiles/tblobj_cpu1_lc.tbla865809aa8fb699b4338174db0a15f52dd2ac3a2.dir/depend
cd /home/hj/Documents/COSMIC_FSW/build/i686-linux-gnu/default_cpu1 && /usr/bin/cmake -E cmake_depends "Unix Makefiles" /home/hj/Documents/COSMIC_FSW/cfe /home/hj/Documents/COSMIC_FSW/apps/lc /home/hj/Documents/COSMIC_FSW/build/i686-linux-gnu/default_cpu1 /home/hj/Documents/COSMIC_FSW/build/i686-linux-gnu/default_cpu1/apps/lc /home/hj/Documents/COSMIC_FSW/build/i686-linux-gnu/default_cpu1/apps/lc/CMakeFiles/tblobj_cpu1_lc.tbla865809aa8fb699b4338174db0a15f52dd2ac3a2.dir/DependInfo.cmake --color=
Dependencies file "apps/lc/CMakeFiles/tblobj_cpu1_lc.tbla865809aa8fb699b4338174db0a15f52dd2ac3a2.dir/fsw/tables/lc_def_adt.c.o.d" is newer than depends file "/home/hj/Documents/COSMIC_FSW/build/i686-linux-gnu/default_cpu1/apps/lc/CMakeFiles/tblobj_cpu1_lc.tbla865809aa8fb699b4338174db0a15f52dd2ac3a2.dir/compiler_depend.internal".
Dependencies file "apps/lc/CMakeFiles/tblobj_cpu1_lc.tbla865809aa8fb699b4338174db0a15f52dd2ac3a2.dir/fsw/tables/lc_def_wdt.c.o.d" is newer than depends file "/home/hj/Documents/COSMIC_FSW/build/i686-linux-gnu/default_cpu1/apps/lc/CMakeFiles/tblobj_cpu1_lc.tbla865809aa8fb699b4338174db0a15f52dd2ac3a2.dir/compiler_depend.internal".
Consolidate compiler generated dependencies of target tblobj_cpu1_lc.tbla865809aa8fb699b4338174db0a15f52dd2ac3a2
make  -f apps/lc/CMakeFiles/tblobj_cpu1_lc.tbla865809aa8fb699b4338174db0a15f52dd2ac3a2.dir/build.make apps/lc/CMakeFiles/tblobj_cpu1_lc.tbla865809aa8fb699b4338174db0a15f52dd2ac3a2.dir/build
[ 57%] Building C object apps/lc/CMakeFiles/tblobj_cpu1_lc.tbla865809aa8fb699b4338174db0a15f52dd2ac3a2.dir/fsw/tables/lc_def_wdt.c.o
cd /home/hj/Documents/COSMIC_FSW/build/i686-linux-gnu/default_cpu1/apps/lc && /usr/bin/gcc -DCFE_APP_NAME=\"lc\" -DCFE_CPU_NAME=cpu1 -D_LINUX_OS_ -D_POSIX_OS_ -D_XOPEN_SOURCE=600 -DCFE_TABLE_NAME=lc_def_wdt -I/home/hj/Documents/COSMIC_FSW/build/inc -I/home/hj/Documents/COSMIC_FSW/build/i686-linux-gnu/default_cpu1/inc -I/home/hj/Documents/COSMIC_FSW/cfe/modules/core_api/fsw/inc -I/home/hj/Documents/COSMIC_FSW/cfe/modules/es/fsw/inc -I/home/hj/Documents/COSMIC_FSW/cfe/modules/evs/fsw/inc -I/home/hj/Documents/COSMIC_FSW/cfe/modules/fs/fsw/inc -I/home/hj/Documents/COSMIC_FSW/cfe/modules/sb/fsw/inc -I/home/hj/Documents/COSMIC_FSW/cfe/modules/tbl/fsw/inc -I/home/hj/Documents/COSMIC_FSW/cfe/modules/time/fsw/inc -I/home/hj/Documents/COSMIC_FSW/osal/src/os/inc -I/home/hj/Documents/COSMIC_FSW/build/i686-linux-gnu/default_cpu1/osal/inc -I/home/hj/Documents/COSMIC_FSW/psp/fsw/inc -I/home/hj/Documents/COSMIC_FSW/psp/fsw/modules/iodriver/inc -I/home/hj/Documents/COSMIC_FSW/cfe/modules/msg/fsw/inc -I/home/hj/Documents/COSMIC_FSW/cfe/modules/resourceid/fsw/inc -I/home/hj/Documents/COSMIC_FSW/cfe/modules/config/fsw/inc -I/home/hj/Documents/COSMIC_FSW/cfe/modules/srl/fsw/inc -I/home/hj/Documents/COSMIC_FSW/cfe/modules/rf/fsw/inc -I/home/hj/Documents/COSMIC_FSW/apps/lc/fsw/inc -g -std=c99 -pedantic -Wall -Wstrict-prototypes -Wwrite-strings -Wpointer-arith -Werror -Wno-format-truncation -Wno-stringop-truncation -MD -MT apps/lc/CMakeFiles/tblobj_cpu1_lc.tbla865809aa8fb699b4338174db0a15f52dd2ac3a2.dir/fsw/tables/lc_def_wdt.c.o -MF CMakeFiles/tblobj_cpu1_lc.tbla865809aa8fb699b4338174db0a15f52dd2ac3a2.dir/fsw/tables/lc_def_wdt.c.o.d -o CMakeFiles/tblobj_cpu1_lc.tbla865809aa8fb699b4338174db0a15f52dd2ac3a2.dir/fsw/tables/lc_def_wdt.c.o -c /home/hj/Documents/COSMIC_FSW/apps/lc/fsw/tables/lc_def_wdt.c
[ 71%] Linking C static library libtblobj_cpu1_lc.tbla865809aa8fb699b4338174db0a15f52dd2ac3a2.a
cd /home/hj/Documents/COSMIC_FSW/build/i686-linux-gnu/default_cpu1/apps/lc && /usr/bin/cmake -P CMakeFiles/tblobj_cpu1_lc.tbla865809aa8fb699b4338174db0a15f52dd2ac3a2.dir/cmake_clean_target.cmake
cd /home/hj/Documents/COSMIC_FSW/build/i686-linux-gnu/default_cpu1/apps/lc && /usr/bin/cmake -E cmake_link_script CMakeFiles/tblobj_cpu1_lc.tbla865809aa8fb699b4338174db0a15f52dd2ac3a2.dir/link.txt --verbose=1
/usr/bin/ar qc libtblobj_cpu1_lc.tbla865809aa8fb699b4338174db0a15f52dd2ac3a2.a CMakeFiles/tblobj_cpu1_lc.tbla865809aa8fb699b4338174db0a15f52dd2ac3a2.dir/fsw/tables/lc_def_wdt.c.o CMakeFiles/tblobj_cpu1_lc.tbla865809aa8fb699b4338174db0a15f52dd2ac3a2.dir/fsw/tables/lc_def_adt.c.o
/usr/bin/ranlib libtblobj_cpu1_lc.tbla865809aa8fb699b4338174db0a15f52dd2ac3a2.a
[ 71%] Built target tblobj_cpu1_lc.tbla865809aa8fb699b4338174db0a15f52dd2ac3a2
make  -f apps/lc/CMakeFiles/generate_table_cpu1_lc_lc_def_wdt.dir/build.make apps/lc/CMakeFiles/generate_table_cpu1_lc_lc_def_wdt.dir/depend
cd /home/hj/Documents/COSMIC_FSW/build/i686-linux-gnu/default_cpu1 && /usr/bin/cmake -E cmake_depends "Unix Makefiles" /home/hj/Documents/COSMIC_FSW/cfe /home/hj/Documents/COSMIC_FSW/apps/lc /home/hj/Documents/COSMIC_FSW/build/i686-linux-gnu/default_cpu1 /home/hj/Documents/COSMIC_FSW/build/i686-linux-gnu/default_cpu1/apps/lc /home/hj/Documents/COSMIC_FSW/build/i686-linux-gnu/default_cpu1/apps/lc/CMakeFiles/generate_table_cpu1_lc_lc_def_wdt.dir/DependInfo.cmake --color=
make  -f apps/lc/CMakeFiles/generate_table_cpu1_lc_lc_def_wdt.dir/build.make apps/lc/CMakeFiles/generate_table_cpu1_lc_lc_def_wdt.dir/build
[ 71%] Generating /home/hj/Documents/COSMIC_FSW/build/tables/cpu1_lc.tbla865809aa8fb699b4338174db0a15f52dd2ac3a2.lc_def_wdt.d
cd /home/hj/Documents/COSMIC_FSW/build/tables && /usr/bin/cmake -DTEMPLATE_FILE="/home/hj/Documents/COSMIC_FSW/tools/elf2cfetbl/scripts/table_rule_template.d.in" -DTARGET_SCID="0x42" -DTARGET_PRID="1" -DAPP_NAME="lc" -DTARGET_NAME="cpu1" -DARCHIVE_FILE=""/home/hj/Documents/COSMIC_FSW/build/i686-linux-gnu/default_cpu1/apps/lc/libtblobj_cpu1_lc.tbla865809aa8fb699b4338174db0a15f52dd2ac3a2.a"" -DINSTALL_SUBDIR="cf" -DOUTPUT_FILE="/home/hj/Documents/COSMIC_FSW/build/tables/cpu1_lc.tbla865809aa8fb699b4338174db0a15f52dd2ac3a2.lc_def_wdt.d" -DTABLE_NAME="lc_def_wdt" -DSOURCES="/home/hj/Documents/COSMIC_FSW/apps/lc/fsw/tables/lc_def_wdt.c" -DOBJEXT=".o" -P /home/hj/Documents/COSMIC_FSW/tools/elf2cfetbl/scripts/generate_elf_table_rules.cmake
[ 71%] Built target generate_table_cpu1_lc_lc_def_wdt
make  -f apps/lc/CMakeFiles/generate_table_cpu1_lc_lc_def_adt.dir/build.make apps/lc/CMakeFiles/generate_table_cpu1_lc_lc_def_adt.dir/depend
cd /home/hj/Documents/COSMIC_FSW/build/i686-linux-gnu/default_cpu1 && /usr/bin/cmake -E cmake_depends "Unix Makefiles" /home/hj/Documents/COSMIC_FSW/cfe /home/hj/Documents/COSMIC_FSW/apps/lc /home/hj/Documents/COSMIC_FSW/build/i686-linux-gnu/default_cpu1 /home/hj/Documents/COSMIC_FSW/build/i686-linux-gnu/default_cpu1/apps/lc /home/hj/Documents/COSMIC_FSW/build/i686-linux-gnu/default_cpu1/apps/lc/CMakeFiles/generate_table_cpu1_lc_lc_def_adt.dir/DependInfo.cmake --color=
make  -f apps/lc/CMakeFiles/generate_table_cpu1_lc_lc_def_adt.dir/build.make apps/lc/CMakeFiles/generate_table_cpu1_lc_lc_def_adt.dir/build
[ 71%] Generating /home/hj/Documents/COSMIC_FSW/build/tables/cpu1_lc.tbla865809aa8fb699b4338174db0a15f52dd2ac3a2.lc_def_adt.d
cd /home/hj/Documents/COSMIC_FSW/build/tables && /usr/bin/cmake -DTEMPLATE_FILE="/home/hj/Documents/COSMIC_FSW/tools/elf2cfetbl/scripts/table_rule_template.d.in" -DTARGET_SCID="0x42" -DTARGET_PRID="1" -DAPP_NAME="lc" -DTARGET_NAME="cpu1" -DARCHIVE_FILE=""/home/hj/Documents/COSMIC_FSW/build/i686-linux-gnu/default_cpu1/apps/lc/libtblobj_cpu1_lc.tbla865809aa8fb699b4338174db0a15f52dd2ac3a2.a"" -DINSTALL_SUBDIR="cf" -DOUTPUT_FILE="/home/hj/Documents/COSMIC_FSW/build/tables/cpu1_lc.tbla865809aa8fb699b4338174db0a15f52dd2ac3a2.lc_def_adt.d" -DTABLE_NAME="lc_def_adt" -DSOURCES="/home/hj/Documents/COSMIC_FSW/apps/lc/fsw/tables/lc_def_adt.c" -DOBJEXT=".o" -P /home/hj/Documents/COSMIC_FSW/tools/elf2cfetbl/scripts/generate_elf_table_rules.cmake
[ 71%] Built target generate_table_cpu1_lc_lc_def_adt
make  -f apps/hk/CMakeFiles/tblobj_cpu1_hk.tblad7b340d3e5786041587a5b46792278763028e24.dir/build.make apps/hk/CMakeFiles/tblobj_cpu1_hk.tblad7b340d3e5786041587a5b46792278763028e24.dir/depend
cd /home/hj/Documents/COSMIC_FSW/build/i686-linux-gnu/default_cpu1 && /usr/bin/cmake -E cmake_depends "Unix Makefiles" /home/hj/Documents/COSMIC_FSW/cfe /home/hj/Documents/COSMIC_FSW/apps/hk /home/hj/Documents/COSMIC_FSW/build/i686-linux-gnu/default_cpu1 /home/hj/Documents/COSMIC_FSW/build/i686-linux-gnu/default_cpu1/apps/hk /home/hj/Documents/COSMIC_FSW/build/i686-linux-gnu/default_cpu1/apps/hk/CMakeFiles/tblobj_cpu1_hk.tblad7b340d3e5786041587a5b46792278763028e24.dir/DependInfo.cmake --color=
Dependencies file "apps/hk/CMakeFiles/tblobj_cpu1_hk.tblad7b340d3e5786041587a5b46792278763028e24.dir/fsw/tables/hk_cpy_tbl.c.o.d" is newer than depends file "/home/hj/Documents/COSMIC_FSW/build/i686-linux-gnu/default_cpu1/apps/hk/CMakeFiles/tblobj_cpu1_hk.tblad7b340d3e5786041587a5b46792278763028e24.dir/compiler_depend.internal".
Consolidate compiler generated dependencies of target tblobj_cpu1_hk.tblad7b340d3e5786041587a5b46792278763028e24
make  -f apps/hk/CMakeFiles/tblobj_cpu1_hk.tblad7b340d3e5786041587a5b46792278763028e24.dir/build.make apps/hk/CMakeFiles/tblobj_cpu1_hk.tblad7b340d3e5786041587a5b46792278763028e24.dir/build
[ 85%] Building C object apps/hk/CMakeFiles/tblobj_cpu1_hk.tblad7b340d3e5786041587a5b46792278763028e24.dir/fsw/tables/hk_cpy_tbl.c.o
cd /home/hj/Documents/COSMIC_FSW/build/i686-linux-gnu/default_cpu1/apps/hk && /usr/bin/gcc -DCFE_APP_NAME=\"hk\" -DCFE_CPU_NAME=cpu1 -D_LINUX_OS_ -D_POSIX_OS_ -D_XOPEN_SOURCE=600 -DCFE_TABLE_NAME=hk_cpy_tbl -I/home/hj/Documents/COSMIC_FSW/build/inc -I/home/hj/Documents/COSMIC_FSW/build/i686-linux-gnu/default_cpu1/inc -I/home/hj/Documents/COSMIC_FSW/cfe/modules/core_api/fsw/inc -I/home/hj/Documents/COSMIC_FSW/cfe/modules/es/fsw/inc -I/home/hj/Documents/COSMIC_FSW/cfe/modules/evs/fsw/inc -I/home/hj/Documents/COSMIC_FSW/cfe/modules/fs/fsw/inc -I/home/hj/Documents/COSMIC_FSW/cfe/modules/sb/fsw/inc -I/home/hj/Documents/COSMIC_FSW/cfe/modules/tbl/fsw/inc -I/home/hj/Documents/COSMIC_FSW/cfe/modules/time/fsw/inc -I/home/hj/Documents/COSMIC_FSW/osal/src/os/inc -I/home/hj/Documents/COSMIC_FSW/build/i686-linux-gnu/default_cpu1/osal/inc -I/home/hj/Documents/COSMIC_FSW/psp/fsw/inc -I/home/hj/Documents/COSMIC_FSW/psp/fsw/modules/iodriver/inc -I/home/hj/Documents/COSMIC_FSW/cfe/modules/msg/fsw/inc -I/home/hj/Documents/COSMIC_FSW/cfe/modules/resourceid/fsw/inc -I/home/hj/Documents/COSMIC_FSW/cfe/modules/config/fsw/inc -I/home/hj/Documents/COSMIC_FSW/cfe/modules/srl/fsw/inc -I/home/hj/Documents/COSMIC_FSW/cfe/modules/rf/fsw/inc -I/home/hj/Documents/COSMIC_FSW/apps/hk/fsw/inc -g -std=c99 -pedantic -Wall -Wstrict-prototypes -Wwrite-strings -Wpointer-arith -Werror -Wno-format-truncation -Wno-stringop-truncation -MD -MT apps/hk/CMakeFiles/tblobj_cpu1_hk.tblad7b340d3e5786041587a5b46792278763028e24.dir/fsw/tables/hk_cpy_tbl.c.o -MF CMakeFiles/tblobj_cpu1_hk.tblad7b340d3e5786041587a5b46792278763028e24.dir/fsw/tables/hk_cpy_tbl.c.o.d -o CMakeFiles/tblobj_cpu1_hk.tblad7b340d3e5786041587a5b46792278763028e24.dir/fsw/tables/hk_cpy_tbl.c.o -c /home/hj/Documents/COSMIC_FSW/apps/hk/fsw/tables/hk_cpy_tbl.c
[ 85%] Linking C static library libtblobj_cpu1_hk.tblad7b340d3e5786041587a5b46792278763028e24.a
cd /home/hj/Documents/COSMIC_FSW/build/i686-linux-gnu/default_cpu1/apps/hk && /usr/bin/cmake -P CMakeFiles/tblobj_cpu1_hk.tblad7b340d3e5786041587a5b46792278763028e24.dir/cmake_clean_target.cmake
cd /home/hj/Documents/COSMIC_FSW/build/i686-linux-gnu/default_cpu1/apps/hk && /usr/bin/cmake -E cmake_link_script CMakeFiles/tblobj_cpu1_hk.tblad7b340d3e5786041587a5b46792278763028e24.dir/link.txt --verbose=1
/usr/bin/ar qc libtblobj_cpu1_hk.tblad7b340d3e5786041587a5b46792278763028e24.a CMakeFiles/tblobj_cpu1_hk.tblad7b340d3e5786041587a5b46792278763028e24.dir/fsw/tables/hk_cpy_tbl.c.o
/usr/bin/ranlib libtblobj_cpu1_hk.tblad7b340d3e5786041587a5b46792278763028e24.a
[ 85%] Built target tblobj_cpu1_hk.tblad7b340d3e5786041587a5b46792278763028e24
make  -f apps/hk/CMakeFiles/generate_table_cpu1_hk_hk_cpy_tbl.dir/build.make apps/hk/CMakeFiles/generate_table_cpu1_hk_hk_cpy_tbl.dir/depend
cd /home/hj/Documents/COSMIC_FSW/build/i686-linux-gnu/default_cpu1 && /usr/bin/cmake -E cmake_depends "Unix Makefiles" /home/hj/Documents/COSMIC_FSW/cfe /home/hj/Documents/COSMIC_FSW/apps/hk /home/hj/Documents/COSMIC_FSW/build/i686-linux-gnu/default_cpu1 /home/hj/Documents/COSMIC_FSW/build/i686-linux-gnu/default_cpu1/apps/hk /home/hj/Documents/COSMIC_FSW/build/i686-linux-gnu/default_cpu1/apps/hk/CMakeFiles/generate_table_cpu1_hk_hk_cpy_tbl.dir/DependInfo.cmake --color=
make  -f apps/hk/CMakeFiles/generate_table_cpu1_hk_hk_cpy_tbl.dir/build.make apps/hk/CMakeFiles/generate_table_cpu1_hk_hk_cpy_tbl.dir/build
[ 85%] Generating /home/hj/Documents/COSMIC_FSW/build/tables/cpu1_hk.tblad7b340d3e5786041587a5b46792278763028e24.hk_cpy_tbl.d
cd /home/hj/Documents/COSMIC_FSW/build/tables && /usr/bin/cmake -DTEMPLATE_FILE="/home/hj/Documents/COSMIC_FSW/tools/elf2cfetbl/scripts/table_rule_template.d.in" -DTARGET_SCID="0x42" -DTARGET_PRID="1" -DAPP_NAME="hk" -DTARGET_NAME="cpu1" -DARCHIVE_FILE=""/home/hj/Documents/COSMIC_FSW/build/i686-linux-gnu/default_cpu1/apps/hk/libtblobj_cpu1_hk.tblad7b340d3e5786041587a5b46792278763028e24.a"" -DINSTALL_SUBDIR="cf" -DOUTPUT_FILE="/home/hj/Documents/COSMIC_FSW/build/tables/cpu1_hk.tblad7b340d3e5786041587a5b46792278763028e24.hk_cpy_tbl.d" -DTABLE_NAME="hk_cpy_tbl" -DSOURCES="/home/hj/Documents/COSMIC_FSW/apps/hk/fsw/tables/hk_cpy_tbl.c" -DOBJEXT=".o" -P /home/hj/Documents/COSMIC_FSW/tools/elf2cfetbl/scripts/generate_elf_table_rules.cmake
[ 85%] Built target generate_table_cpu1_hk_hk_cpy_tbl
make  -f apps/sp/CMakeFiles/tblobj_cpu1_sp.tbl367f3ceea7a8b155920521b1519f6001817500c3.dir/build.make apps/sp/CMakeFiles/tblobj_cpu1_sp.tbl367f3ceea7a8b155920521b1519f6001817500c3.dir/depend
cd /home/hj/Documents/COSMIC_FSW/build/i686-linux-gnu/default_cpu1 && /usr/bin/cmake -E cmake_depends "Unix Makefiles" /home/hj/Documents/COSMIC_FSW/cfe /home/hj/Documents/COSMIC_FSW/apps/sp /home/hj/Documents/COSMIC_FSW/build/i686-linux-gnu/default_cpu1 /home/hj/Documents/COSMIC_FSW/build/i686-linux-gnu/default_cpu1/apps/sp /home/hj/Documents/COSMIC_FSW/build/i686-linux-gnu/default_cpu1/apps/sp/CMakeFiles/tblobj_cpu1_sp.tbl367f3ceea7a8b155920521b1519f6001817500c3.dir/DependInfo.cmake --color=
Dependencies file "apps/sp/CMakeFiles/tblobj_cpu1_sp.tbl367f3ceea7a8b155920521b1519f6001817500c3.dir/fsw/tables/sp_tbl.c.o.d" is newer than depends file "/home/hj/Documents/COSMIC_FSW/build/i686-linux-gnu/default_cpu1/apps/sp/CMakeFiles/tblobj_cpu1_sp.tbl367f3ceea7a8b155920521b1519f6001817500c3.dir/compiler_depend.internal".
Consolidate compiler generated dependencies of target tblobj_cpu1_sp.tbl367f3ceea7a8b155920521b1519f6001817500c3
make  -f apps/sp/CMakeFiles/tblobj_cpu1_sp.tbl367f3ceea7a8b155920521b1519f6001817500c3.dir/build.make apps/sp/CMakeFiles/tblobj_cpu1_sp.tbl367f3ceea7a8b155920521b1519f6001817500c3.dir/build
make[8]: 'apps/sp/CMakeFiles/tblobj_cpu1_sp.tbl367f3ceea7a8b155920521b1519f6001817500c3.dir/build'을(를) 위해 할 일이 없습니다.
[100%] Built target tblobj_cpu1_sp.tbl367f3ceea7a8b155920521b1519f6001817500c3
make  -f apps/sp/CMakeFiles/generate_table_cpu1_sp_sp_tbl.dir/build.make apps/sp/CMakeFiles/generate_table_cpu1_sp_sp_tbl.dir/depend
cd /home/hj/Documents/COSMIC_FSW/build/i686-linux-gnu/default_cpu1 && /usr/bin/cmake -E cmake_depends "Unix Makefiles" /home/hj/Documents/COSMIC_FSW/cfe /home/hj/Documents/COSMIC_FSW/apps/sp /home/hj/Documents/COSMIC_FSW/build/i686-linux-gnu/default_cpu1 /home/hj/Documents/COSMIC_FSW/build/i686-linux-gnu/default_cpu1/apps/sp /home/hj/Documents/COSMIC_FSW/build/i686-linux-gnu/default_cpu1/apps/sp/CMakeFiles/generate_table_cpu1_sp_sp_tbl.dir/DependInfo.cmake --color=
make  -f apps/sp/CMakeFiles/generate_table_cpu1_sp_sp_tbl.dir/build.make apps/sp/CMakeFiles/generate_table_cpu1_sp_sp_tbl.dir/build
[100%] Generating /home/hj/Documents/COSMIC_FSW/build/tables/cpu1_sp.tbl367f3ceea7a8b155920521b1519f6001817500c3.sp_tbl.d
cd /home/hj/Documents/COSMIC_FSW/build/tables && /usr/bin/cmake -DTEMPLATE_FILE="/home/hj/Documents/COSMIC_FSW/tools/elf2cfetbl/scripts/table_rule_template.d.in" -DTARGET_SCID="0x42" -DTARGET_PRID="1" -DAPP_NAME="sp" -DTARGET_NAME="cpu1" -DARCHIVE_FILE=""/home/hj/Documents/COSMIC_FSW/build/i686-linux-gnu/default_cpu1/apps/sp/libtblobj_cpu1_sp.tbl367f3ceea7a8b155920521b1519f6001817500c3.a"" -DINSTALL_SUBDIR="cf" -DOUTPUT_FILE="/home/hj/Documents/COSMIC_FSW/build/tables/cpu1_sp.tbl367f3ceea7a8b155920521b1519f6001817500c3.sp_tbl.d" -DTABLE_NAME="sp_tbl" -DSOURCES="/home/hj/Documents/COSMIC_FSW/apps/sp/fsw/tables/sp_tbl.c" -DOBJEXT=".o" -P /home/hj/Documents/COSMIC_FSW/tools/elf2cfetbl/scripts/generate_elf_table_rules.cmake
[100%] Built target generate_table_cpu1_sp_sp_tbl
make  -f apps/sample_app/CMakeFiles/tblobj_cpu1_sample_app.tbl174d84b7893fc822358201b9c610301038938e04.dir/build.make apps/sample_app/CMakeFiles/tblobj_cpu1_sample_app.tbl174d84b7893fc822358201b9c610301038938e04.dir/depend
cd /home/hj/Documents/COSMIC_FSW/build/i686-linux-gnu/default_cpu1 && /usr/bin/cmake -E cmake_depends "Unix Makefiles" /home/hj/Documents/COSMIC_FSW/cfe /home/hj/Documents/COSMIC_FSW/apps/sample_app /home/hj/Documents/COSMIC_FSW/build/i686-linux-gnu/default_cpu1 /home/hj/Documents/COSMIC_FSW/build/i686-linux-gnu/default_cpu1/apps/sample_app /home/hj/Documents/COSMIC_FSW/build/i686-linux-gnu/default_cpu1/apps/sample_app/CMakeFiles/tblobj_cpu1_sample_app.tbl174d84b7893fc822358201b9c610301038938e04.dir/DependInfo.cmake --color=
Dependencies file "apps/sample_app/CMakeFiles/tblobj_cpu1_sample_app.tbl174d84b7893fc822358201b9c610301038938e04.dir/fsw/tables/sample_app_tbl.c.o.d" is newer than depends file "/home/hj/Documents/COSMIC_FSW/build/i686-linux-gnu/default_cpu1/apps/sample_app/CMakeFiles/tblobj_cpu1_sample_app.tbl174d84b7893fc822358201b9c610301038938e04.dir/compiler_depend.internal".
Consolidate compiler generated dependencies of target tblobj_cpu1_sample_app.tbl174d84b7893fc822358201b9c610301038938e04
make  -f apps/sample_app/CMakeFiles/tblobj_cpu1_sample_app.tbl174d84b7893fc822358201b9c610301038938e04.dir/build.make apps/sample_app/CMakeFiles/tblobj_cpu1_sample_app.tbl174d84b7893fc822358201b9c610301038938e04.dir/build
make[8]: 'apps/sample_app/CMakeFiles/tblobj_cpu1_sample_app.tbl174d84b7893fc822358201b9c610301038938e04.dir/build'을(를) 위해 할 일이 없습니다.
[100%] Built target tblobj_cpu1_sample_app.tbl174d84b7893fc822358201b9c610301038938e04
make  -f apps/sample_app/CMakeFiles/generate_table_cpu1_sample_app_sample_app_tbl.dir/build.make apps/sample_app/CMakeFiles/generate_table_cpu1_sample_app_sample_app_tbl.dir/depend
cd /home/hj/Documents/COSMIC_FSW/build/i686-linux-gnu/default_cpu1 && /usr/bin/cmake -E cmake_depends "Unix Makefiles" /home/hj/Documents/COSMIC_FSW/cfe /home/hj/Documents/COSMIC_FSW/apps/sample_app /home/hj/Documents/COSMIC_FSW/build/i686-linux-gnu/default_cpu1 /home/hj/Documents/COSMIC_FSW/build/i686-linux-gnu/default_cpu1/apps/sample_app /home/hj/Documents/COSMIC_FSW/build/i686-linux-gnu/default_cpu1/apps/sample_app/CMakeFiles/generate_table_cpu1_sample_app_sample_app_tbl.dir/DependInfo.cmake --color=
make  -f apps/sample_app/CMakeFiles/generate_table_cpu1_sample_app_sample_app_tbl.dir/build.make apps/sample_app/CMakeFiles/generate_table_cpu1_sample_app_sample_app_tbl.dir/build
[100%] Generating /home/hj/Documents/COSMIC_FSW/build/tables/cpu1_sample_app.tbl174d84b7893fc822358201b9c610301038938e04.sample_app_tbl.d
cd /home/hj/Documents/COSMIC_FSW/build/tables && /usr/bin/cmake -DTEMPLATE_FILE="/home/hj/Documents/COSMIC_FSW/tools/elf2cfetbl/scripts/table_rule_template.d.in" -DTARGET_SCID="0x42" -DTARGET_PRID="1" -DAPP_NAME="sample_app" -DTARGET_NAME="cpu1" -DARCHIVE_FILE=""/home/hj/Documents/COSMIC_FSW/build/i686-linux-gnu/default_cpu1/apps/sample_app/libtblobj_cpu1_sample_app.tbl174d84b7893fc822358201b9c610301038938e04.a"" -DINSTALL_SUBDIR="cf" -DOUTPUT_FILE="/home/hj/Documents/COSMIC_FSW/build/tables/cpu1_sample_app.tbl174d84b7893fc822358201b9c610301038938e04.sample_app_tbl.d" -DTABLE_NAME="sample_app_tbl" -DSOURCES="/home/hj/Documents/COSMIC_FSW/apps/sample_app/fsw/tables/sample_app_tbl.c" -DOBJEXT=".o" -P /home/hj/Documents/COSMIC_FSW/tools/elf2cfetbl/scripts/generate_elf_table_rules.cmake
[100%] Built target generate_table_cpu1_sample_app_sample_app_tbl
make  -f CMakeFiles/cfetables.dir/build.make CMakeFiles/cfetables.dir/depend
cd /home/hj/Documents/COSMIC_FSW/build/i686-linux-gnu/default_cpu1 && /usr/bin/cmake -E cmake_depends "Unix Makefiles" /home/hj/Documents/COSMIC_FSW/cfe /home/hj/Documents/COSMIC_FSW/cfe /home/hj/Documents/COSMIC_FSW/build/i686-linux-gnu/default_cpu1 /home/hj/Documents/COSMIC_FSW/build/i686-linux-gnu/default_cpu1 /home/hj/Documents/COSMIC_FSW/build/i686-linux-gnu/default_cpu1/CMakeFiles/cfetables.dir/DependInfo.cmake --color=
make  -f CMakeFiles/cfetables.dir/build.make CMakeFiles/cfetables.dir/build
make[8]: 'CMakeFiles/cfetables.dir/build'을(를) 위해 할 일이 없습니다.
[100%] Built target cfetables
/usr/bin/cmake -E cmake_progress_start /home/hj/Documents/COSMIC_FSW/build/i686-linux-gnu/default_cpu1/CMakeFiles 0
[100%] Built target i686_linux_gnu_default_cpu1-cfetables
make  -f CMakeFiles/mission-cfetables.dir/build.make CMakeFiles/mission-cfetables.dir/depend
cd /home/hj/Documents/COSMIC_FSW/build && /usr/bin/cmake -E cmake_depends "Unix Makefiles" /home/hj/Documents/COSMIC_FSW/cfe /home/hj/Documents/COSMIC_FSW/cfe /home/hj/Documents/COSMIC_FSW/build /home/hj/Documents/COSMIC_FSW/build /home/hj/Documents/COSMIC_FSW/build/CMakeFiles/mission-cfetables.dir/DependInfo.cmake --color=
make  -f CMakeFiles/mission-cfetables.dir/build.make CMakeFiles/mission-cfetables.dir/build
make[4]: 'CMakeFiles/mission-cfetables.dir/build'을(를) 위해 할 일이 없습니다.
[100%] Built target mission-cfetables
make  -f tools/elf2cfetbl/CMakeFiles/tabletool-execute.dir/build.make tools/elf2cfetbl/CMakeFiles/tabletool-execute.dir/depend
cd /home/hj/Documents/COSMIC_FSW/build && /usr/bin/cmake -E cmake_depends "Unix Makefiles" /home/hj/Documents/COSMIC_FSW/cfe /home/hj/Documents/COSMIC_FSW/tools/elf2cfetbl /home/hj/Documents/COSMIC_FSW/build /home/hj/Documents/COSMIC_FSW/build/tools/elf2cfetbl /home/hj/Documents/COSMIC_FSW/build/tools/elf2cfetbl/CMakeFiles/tabletool-execute.dir/DependInfo.cmake --color=
make  -f tools/elf2cfetbl/CMakeFiles/tabletool-execute.dir/build.make tools/elf2cfetbl/CMakeFiles/tabletool-execute.dir/build
cd /home/hj/Documents/COSMIC_FSW/build/tables && make CC="/usr/bin/cc" CFLAGS="" AR="/usr/bin/ar" TBLTOOL="/home/hj/Documents/COSMIC_FSW/build/tools/elf2cfetbl/elf2cfetbl" cfetables
mkdir: 'elf' 디렉터리를 만들었습니다
mkdir: 'elf/cpu1/' 디렉터리를 만들었습니다
cd "elf/cpu1/" && /usr/bin/ar x "/home/hj/Documents/COSMIC_FSW/build/i686-linux-gnu/default_cpu1/apps/hk/libtblobj_cpu1_hk.tblad7b340d3e5786041587a5b46792278763028e24.a" "hk_cpy_tbl.c.o"
mkdir: 'staging' 디렉터리를 만들었습니다
mkdir: 'staging/cpu1' 디렉터리를 만들었습니다
mkdir: 'staging/cpu1/cf/' 디렉터리를 만들었습니다
cd "staging/cpu1/cf/" && /home/hj/Documents/COSMIC_FSW/build/tools/elf2cfetbl/elf2cfetbl -p1 -s0x42 "/home/hj/Documents/COSMIC_FSW/build/tables/elf/cpu1/hk_cpy_tbl.c.o"
cd "elf/cpu1/" && /usr/bin/ar x "/home/hj/Documents/COSMIC_FSW/build/i686-linux-gnu/default_cpu1/apps/lc/libtblobj_cpu1_lc.tbla865809aa8fb699b4338174db0a15f52dd2ac3a2.a" "lc_def_adt.c.o"
cd "staging/cpu1/cf/" && /home/hj/Documents/COSMIC_FSW/build/tools/elf2cfetbl/elf2cfetbl -p1 -s0x42 "/home/hj/Documents/COSMIC_FSW/build/tables/elf/cpu1/lc_def_adt.c.o"
cd "elf/cpu1/" && /usr/bin/ar x "/home/hj/Documents/COSMIC_FSW/build/i686-linux-gnu/default_cpu1/apps/lc/libtblobj_cpu1_lc.tbla865809aa8fb699b4338174db0a15f52dd2ac3a2.a" "lc_def_wdt.c.o"
cd "staging/cpu1/cf/" && /home/hj/Documents/COSMIC_FSW/build/tools/elf2cfetbl/elf2cfetbl -p1 -s0x42 "/home/hj/Documents/COSMIC_FSW/build/tables/elf/cpu1/lc_def_wdt.c.o"
cd "elf/cpu1/" && /usr/bin/ar x "/home/hj/Documents/COSMIC_FSW/build/i686-linux-gnu/default_cpu1/apps/rpt/libtblobj_cpu1_rpt.tblf6091a782b6827a521068acdb75e50b5236b6440.a" "rpt_tbl.c.o"
cd "staging/cpu1/cf/" && /home/hj/Documents/COSMIC_FSW/build/tools/elf2cfetbl/elf2cfetbl -p1 -s0x42 "/home/hj/Documents/COSMIC_FSW/build/tables/elf/cpu1/rpt_tbl.c.o"
cd "elf/cpu1/" && /usr/bin/ar x "/home/hj/Documents/COSMIC_FSW/build/i686-linux-gnu/default_cpu1/apps/sample_app/libtblobj_cpu1_sample_app.tbl174d84b7893fc822358201b9c610301038938e04.a" "sample_app_tbl.c.o"
cd "staging/cpu1/cf/" && /home/hj/Documents/COSMIC_FSW/build/tools/elf2cfetbl/elf2cfetbl -p1 -s0x42 "/home/hj/Documents/COSMIC_FSW/build/tables/elf/cpu1/sample_app_tbl.c.o"
cd "elf/cpu1/" && /usr/bin/ar x "/home/hj/Documents/COSMIC_FSW/build/i686-linux-gnu/default_cpu1/apps/sc/libtblobj_cpu1_sc.tbl810812b8b0f92126d65d27382e5f122302fa468f.a" "sc_ats1.c.o"
cd "staging/cpu1/cf/" && /home/hj/Documents/COSMIC_FSW/build/tools/elf2cfetbl/elf2cfetbl -p1 -s0x42 "/home/hj/Documents/COSMIC_FSW/build/tables/elf/cpu1/sc_ats1.c.o"
cd "elf/cpu1/" && /usr/bin/ar x "/home/hj/Documents/COSMIC_FSW/build/i686-linux-gnu/default_cpu1/apps/sc/libtblobj_cpu1_sc.tbl810812b8b0f92126d65d27382e5f122302fa468f.a" "sc_rts001.c.o"
cd "staging/cpu1/cf/" && /home/hj/Documents/COSMIC_FSW/build/tools/elf2cfetbl/elf2cfetbl -p1 -s0x42 "/home/hj/Documents/COSMIC_FSW/build/tables/elf/cpu1/sc_rts001.c.o"
cd "elf/cpu1/" && /usr/bin/ar x "/home/hj/Documents/COSMIC_FSW/build/i686-linux-gnu/default_cpu1/apps/sc/libtblobj_cpu1_sc.tbl810812b8b0f92126d65d27382e5f122302fa468f.a" "sc_rts002.c.o"
cd "staging/cpu1/cf/" && /home/hj/Documents/COSMIC_FSW/build/tools/elf2cfetbl/elf2cfetbl -p1 -s0x42 "/home/hj/Documents/COSMIC_FSW/build/tables/elf/cpu1/sc_rts002.c.o"
cd "elf/cpu1/" && /usr/bin/ar x "/home/hj/Documents/COSMIC_FSW/build/i686-linux-gnu/default_cpu1/apps/sc/libtblobj_cpu1_sc.tbl810812b8b0f92126d65d27382e5f122302fa468f.a" "sc_rts003.c.o"
cd "staging/cpu1/cf/" && /home/hj/Documents/COSMIC_FSW/build/tools/elf2cfetbl/elf2cfetbl -p1 -s0x42 "/home/hj/Documents/COSMIC_FSW/build/tables/elf/cpu1/sc_rts003.c.o"
cd "elf/cpu1/" && /usr/bin/ar x "/home/hj/Documents/COSMIC_FSW/build/i686-linux-gnu/default_cpu1/apps/sch_lab/libtblobj_cpu1_sch_lab.tbl7d62b9de13426b225530624889b44a3e3db9f0b3.a" "sch_lab_table.c.o"
cd "staging/cpu1/cf/" && /home/hj/Documents/COSMIC_FSW/build/tools/elf2cfetbl/elf2cfetbl -p1 -s0x42 "/home/hj/Documents/COSMIC_FSW/build/tables/elf/cpu1/sch_lab_table.c.o"
cd "elf/cpu1/" && /usr/bin/ar x "/home/hj/Documents/COSMIC_FSW/build/i686-linux-gnu/default_cpu1/apps/sp/libtblobj_cpu1_sp.tbl367f3ceea7a8b155920521b1519f6001817500c3.a" "sp_tbl.c.o"
cd "staging/cpu1/cf/" && /home/hj/Documents/COSMIC_FSW/build/tools/elf2cfetbl/elf2cfetbl -p1 -s0x42 "/home/hj/Documents/COSMIC_FSW/build/tables/elf/cpu1/sp_tbl.c.o"
cd "elf/cpu1/" && /usr/bin/ar x "/home/hj/Documents/COSMIC_FSW/build/i686-linux-gnu/default_cpu1/apps/to_lab/libtblobj_cpu1_to_lab.tbl58a46b2371a8048a79b882ab091c862d69cb473a.a" "to_lab_sub.c.o"
cd "staging/cpu1/cf/" && /home/hj/Documents/COSMIC_FSW/build/tools/elf2cfetbl/elf2cfetbl -p1 -s0x42 "/home/hj/Documents/COSMIC_FSW/build/tables/elf/cpu1/to_lab_sub.c.o"
mkdir: 'elf/obc/' 디렉터리를 만들었습니다
cd "elf/obc/" && /usr/bin/ar x "/home/hj/Documents/COSMIC_FSW/build/obc/default_obc/apps/hk/libtblobj_obc_hk.tblad7b340d3e5786041587a5b46792278763028e24.a" "hk_cpy_tbl.c.o"
mkdir: 'staging/obc' 디렉터리를 만들었습니다
mkdir: 'staging/obc/cf/' 디렉터리를 만들었습니다
cd "staging/obc/cf/" && /home/hj/Documents/COSMIC_FSW/build/tools/elf2cfetbl/elf2cfetbl -p2 -s0x42 "/home/hj/Documents/COSMIC_FSW/build/tables/elf/obc/hk_cpy_tbl.c.o"
cd "elf/obc/" && /usr/bin/ar x "/home/hj/Documents/COSMIC_FSW/build/obc/default_obc/apps/lc/libtblobj_obc_lc.tbla865809aa8fb699b4338174db0a15f52dd2ac3a2.a" "lc_def_adt.c.o"
cd "staging/obc/cf/" && /home/hj/Documents/COSMIC_FSW/build/tools/elf2cfetbl/elf2cfetbl -p2 -s0x42 "/home/hj/Documents/COSMIC_FSW/build/tables/elf/obc/lc_def_adt.c.o"
cd "elf/obc/" && /usr/bin/ar x "/home/hj/Documents/COSMIC_FSW/build/obc/default_obc/apps/lc/libtblobj_obc_lc.tbla865809aa8fb699b4338174db0a15f52dd2ac3a2.a" "lc_def_wdt.c.o"
cd "staging/obc/cf/" && /home/hj/Documents/COSMIC_FSW/build/tools/elf2cfetbl/elf2cfetbl -p2 -s0x42 "/home/hj/Documents/COSMIC_FSW/build/tables/elf/obc/lc_def_wdt.c.o"
cd "elf/obc/" && /usr/bin/ar x "/home/hj/Documents/COSMIC_FSW/build/obc/default_obc/apps/rpt/libtblobj_obc_rpt.tblf6091a782b6827a521068acdb75e50b5236b6440.a" "rpt_tbl.c.o"
cd "staging/obc/cf/" && /home/hj/Documents/COSMIC_FSW/build/tools/elf2cfetbl/elf2cfetbl -p2 -s0x42 "/home/hj/Documents/COSMIC_FSW/build/tables/elf/obc/rpt_tbl.c.o"
cd "elf/obc/" && /usr/bin/ar x "/home/hj/Documents/COSMIC_FSW/build/obc/default_obc/apps/sample_app/libtblobj_obc_sample_app.tbl174d84b7893fc822358201b9c610301038938e04.a" "sample_app_tbl.c.o"
cd "staging/obc/cf/" && /home/hj/Documents/COSMIC_FSW/build/tools/elf2cfetbl/elf2cfetbl -p2 -s0x42 "/home/hj/Documents/COSMIC_FSW/build/tables/elf/obc/sample_app_tbl.c.o"
cd "elf/obc/" && /usr/bin/ar x "/home/hj/Documents/COSMIC_FSW/build/obc/default_obc/apps/sc/libtblobj_obc_sc.tbl810812b8b0f92126d65d27382e5f122302fa468f.a" "sc_ats1.c.o"
cd "staging/obc/cf/" && /home/hj/Documents/COSMIC_FSW/build/tools/elf2cfetbl/elf2cfetbl -p2 -s0x42 "/home/hj/Documents/COSMIC_FSW/build/tables/elf/obc/sc_ats1.c.o"
cd "elf/obc/" && /usr/bin/ar x "/home/hj/Documents/COSMIC_FSW/build/obc/default_obc/apps/sc/libtblobj_obc_sc.tbl810812b8b0f92126d65d27382e5f122302fa468f.a" "sc_rts001.c.o"
cd "staging/obc/cf/" && /home/hj/Documents/COSMIC_FSW/build/tools/elf2cfetbl/elf2cfetbl -p2 -s0x42 "/home/hj/Documents/COSMIC_FSW/build/tables/elf/obc/sc_rts001.c.o"
cd "elf/obc/" && /usr/bin/ar x "/home/hj/Documents/COSMIC_FSW/build/obc/default_obc/apps/sc/libtblobj_obc_sc.tbl810812b8b0f92126d65d27382e5f122302fa468f.a" "sc_rts002.c.o"
cd "staging/obc/cf/" && /home/hj/Documents/COSMIC_FSW/build/tools/elf2cfetbl/elf2cfetbl -p2 -s0x42 "/home/hj/Documents/COSMIC_FSW/build/tables/elf/obc/sc_rts002.c.o"
cd "elf/obc/" && /usr/bin/ar x "/home/hj/Documents/COSMIC_FSW/build/obc/default_obc/apps/sc/libtblobj_obc_sc.tbl810812b8b0f92126d65d27382e5f122302fa468f.a" "sc_rts003.c.o"
cd "staging/obc/cf/" && /home/hj/Documents/COSMIC_FSW/build/tools/elf2cfetbl/elf2cfetbl -p2 -s0x42 "/home/hj/Documents/COSMIC_FSW/build/tables/elf/obc/sc_rts003.c.o"
cd "elf/obc/" && /usr/bin/ar x "/home/hj/Documents/COSMIC_FSW/build/obc/default_obc/apps/sch_lab/libtblobj_obc_sch_lab.tbl7d62b9de13426b225530624889b44a3e3db9f0b3.a" "sch_lab_table.c.o"
cd "staging/obc/cf/" && /home/hj/Documents/COSMIC_FSW/build/tools/elf2cfetbl/elf2cfetbl -p2 -s0x42 "/home/hj/Documents/COSMIC_FSW/build/tables/elf/obc/sch_lab_table.c.o"
cd "elf/obc/" && /usr/bin/ar x "/home/hj/Documents/COSMIC_FSW/build/obc/default_obc/apps/to_lab/libtblobj_obc_to_lab.tbl58a46b2371a8048a79b882ab091c862d69cb473a.a" "to_lab_sub.c.o"
cd "staging/obc/cf/" && /home/hj/Documents/COSMIC_FSW/build/tools/elf2cfetbl/elf2cfetbl -p2 -s0x42 "/home/hj/Documents/COSMIC_FSW/build/tables/elf/obc/to_lab_sub.c.o"
Table build completed
[100%] Built target tabletool-execute
make  -f CMakeFiles/i686_linux_gnu_default_cpu1-all.dir/build.make CMakeFiles/i686_linux_gnu_default_cpu1-all.dir/depend
cd /home/hj/Documents/COSMIC_FSW/build && /usr/bin/cmake -E cmake_depends "Unix Makefiles" /home/hj/Documents/COSMIC_FSW/cfe /home/hj/Documents/COSMIC_FSW/cfe /home/hj/Documents/COSMIC_FSW/build /home/hj/Documents/COSMIC_FSW/build /home/hj/Documents/COSMIC_FSW/build/CMakeFiles/i686_linux_gnu_default_cpu1-all.dir/DependInfo.cmake --color=
make  -f CMakeFiles/i686_linux_gnu_default_cpu1-all.dir/build.make CMakeFiles/i686_linux_gnu_default_cpu1-all.dir/build
cd /home/hj/Documents/COSMIC_FSW/build/i686-linux-gnu/default_cpu1 && make all
/usr/bin/cmake -S/home/hj/Documents/COSMIC_FSW/cfe -B/home/hj/Documents/COSMIC_FSW/build/i686-linux-gnu/default_cpu1 --check-build-system CMakeFiles/Makefile.cmake 0
/usr/bin/cmake -E cmake_progress_start /home/hj/Documents/COSMIC_FSW/build/i686-linux-gnu/default_cpu1/CMakeFiles /home/hj/Documents/COSMIC_FSW/build/i686-linux-gnu/default_cpu1//CMakeFiles/progress.marks
make  -f CMakeFiles/Makefile2 all
make  -f osal/generic-linux_impl/CMakeFiles/osal_generic-linux_impl.dir/build.make osal/generic-linux_impl/CMakeFiles/osal_generic-linux_impl.dir/depend
cd /home/hj/Documents/COSMIC_FSW/build/i686-linux-gnu/default_cpu1 && /usr/bin/cmake -E cmake_depends "Unix Makefiles" /home/hj/Documents/COSMIC_FSW/cfe /home/hj/Documents/COSMIC_FSW/osal/src/bsp/generic-linux /home/hj/Documents/COSMIC_FSW/build/i686-linux-gnu/default_cpu1 /home/hj/Documents/COSMIC_FSW/build/i686-linux-gnu/default_cpu1/osal/generic-linux_impl /home/hj/Documents/COSMIC_FSW/build/i686-linux-gnu/default_cpu1/osal/generic-linux_impl/CMakeFiles/osal_generic-linux_impl.dir/DependInfo.cmake --color=
Dependencies file "osal/generic-linux_impl/CMakeFiles/osal_generic-linux_impl.dir/src/bsp_console.c.o.d" is newer than depends file "/home/hj/Documents/COSMIC_FSW/build/i686-linux-gnu/default_cpu1/osal/generic-linux_impl/CMakeFiles/osal_generic-linux_impl.dir/compiler_depend.internal".
Dependencies file "osal/generic-linux_impl/CMakeFiles/osal_generic-linux_impl.dir/src/bsp_start.c.o.d" is newer than depends file "/home/hj/Documents/COSMIC_FSW/build/i686-linux-gnu/default_cpu1/osal/generic-linux_impl/CMakeFiles/osal_generic-linux_impl.dir/compiler_depend.internal".
Consolidate compiler generated dependencies of target osal_generic-linux_impl
make  -f osal/generic-linux_impl/CMakeFiles/osal_generic-linux_impl.dir/build.make osal/generic-linux_impl/CMakeFiles/osal_generic-linux_impl.dir/build
make[7]: 'osal/generic-linux_impl/CMakeFiles/osal_generic-linux_impl.dir/build'을(를) 위해 할 일이 없습니다.
[  1%] Built target osal_generic-linux_impl
make  -f osal/CMakeFiles/osal_bsp.dir/build.make osal/CMakeFiles/osal_bsp.dir/depend
cd /home/hj/Documents/COSMIC_FSW/build/i686-linux-gnu/default_cpu1 && /usr/bin/cmake -E cmake_depends "Unix Makefiles" /home/hj/Documents/COSMIC_FSW/cfe /home/hj/Documents/COSMIC_FSW/osal /home/hj/Documents/COSMIC_FSW/build/i686-linux-gnu/default_cpu1 /home/hj/Documents/COSMIC_FSW/build/i686-linux-gnu/default_cpu1/osal /home/hj/Documents/COSMIC_FSW/build/i686-linux-gnu/default_cpu1/osal/CMakeFiles/osal_bsp.dir/DependInfo.cmake --color=
Dependencies file "osal/CMakeFiles/osal_bsp.dir/src/bsp/shared/src/bsp_default_app_run.c.o.d" is newer than depends file "/home/hj/Documents/COSMIC_FSW/build/i686-linux-gnu/default_cpu1/osal/CMakeFiles/osal_bsp.dir/compiler_depend.internal".
Dependencies file "osal/CMakeFiles/osal_bsp.dir/src/bsp/shared/src/bsp_default_app_startup.c.o.d" is newer than depends file "/home/hj/Documents/COSMIC_FSW/build/i686-linux-gnu/default_cpu1/osal/CMakeFiles/osal_bsp.dir/compiler_depend.internal".
Dependencies file "osal/CMakeFiles/osal_bsp.dir/src/bsp/shared/src/bsp_default_resourcecfg.c.o.d" is newer than depends file "/home/hj/Documents/COSMIC_FSW/build/i686-linux-gnu/default_cpu1/osal/CMakeFiles/osal_bsp.dir/compiler_depend.internal".
Dependencies file "osal/CMakeFiles/osal_bsp.dir/src/bsp/shared/src/bsp_default_symtab.c.o.d" is newer than depends file "/home/hj/Documents/COSMIC_FSW/build/i686-linux-gnu/default_cpu1/osal/CMakeFiles/osal_bsp.dir/compiler_depend.internal".
Dependencies file "osal/CMakeFiles/osal_bsp.dir/src/bsp/shared/src/osapi-bsp.c.o.d" is newer than depends file "/home/hj/Documents/COSMIC_FSW/build/i686-linux-gnu/default_cpu1/osal/CMakeFiles/osal_bsp.dir/compiler_depend.internal".
Consolidate compiler generated dependencies of target osal_bsp
make  -f osal/CMakeFiles/osal_bsp.dir/build.make osal/CMakeFiles/osal_bsp.dir/build
make[7]: 'osal/CMakeFiles/osal_bsp.dir/build'을(를) 위해 할 일이 없습니다.
[  2%] Built target osal_bsp
make  -f osal/posix_impl/CMakeFiles/osal_posix_impl.dir/build.make osal/posix_impl/CMakeFiles/osal_posix_impl.dir/depend
cd /home/hj/Documents/COSMIC_FSW/build/i686-linux-gnu/default_cpu1 && /usr/bin/cmake -E cmake_depends "Unix Makefiles" /home/hj/Documents/COSMIC_FSW/cfe /home/hj/Documents/COSMIC_FSW/osal/src/os/posix /home/hj/Documents/COSMIC_FSW/build/i686-linux-gnu/default_cpu1 /home/hj/Documents/COSMIC_FSW/build/i686-linux-gnu/default_cpu1/osal/posix_impl /home/hj/Documents/COSMIC_FSW/build/i686-linux-gnu/default_cpu1/osal/posix_impl/CMakeFiles/osal_posix_impl.dir/DependInfo.cmake --color=
Dependencies file "osal/posix_impl/CMakeFiles/osal_posix_impl.dir/home/hj/Documents/COSMIC_FSW/osal/src/os/portable/os-impl-bsd-select.c.o.d" is newer than depends file "/home/hj/Documents/COSMIC_FSW/build/i686-linux-gnu/default_cpu1/osal/posix_impl/CMakeFiles/osal_posix_impl.dir/compiler_depend.internal".
Dependencies file "osal/posix_impl/CMakeFiles/osal_posix_impl.dir/home/hj/Documents/COSMIC_FSW/osal/src/os/portable/os-impl-bsd-sockets.c.o.d" is newer than depends file "/home/hj/Documents/COSMIC_FSW/build/i686-linux-gnu/default_cpu1/osal/posix_impl/CMakeFiles/osal_posix_impl.dir/compiler_depend.internal".
Dependencies file "osal/posix_impl/CMakeFiles/osal_posix_impl.dir/home/hj/Documents/COSMIC_FSW/osal/src/os/portable/os-impl-console-bsp.c.o.d" is newer than depends file "/home/hj/Documents/COSMIC_FSW/build/i686-linux-gnu/default_cpu1/osal/posix_impl/CMakeFiles/osal_posix_impl.dir/compiler_depend.internal".
Dependencies file "osal/posix_impl/CMakeFiles/osal_posix_impl.dir/home/hj/Documents/COSMIC_FSW/osal/src/os/portable/os-impl-no-shell.c.o.d" is newer than depends file "/home/hj/Documents/COSMIC_FSW/build/i686-linux-gnu/default_cpu1/osal/posix_impl/CMakeFiles/osal_posix_impl.dir/compiler_depend.internal".
Dependencies file "osal/posix_impl/CMakeFiles/osal_posix_impl.dir/home/hj/Documents/COSMIC_FSW/osal/src/os/portable/os-impl-posix-dirs.c.o.d" is newer than depends file "/home/hj/Documents/COSMIC_FSW/build/i686-linux-gnu/default_cpu1/osal/posix_impl/CMakeFiles/osal_posix_impl.dir/compiler_depend.internal".
Dependencies file "osal/posix_impl/CMakeFiles/osal_posix_impl.dir/home/hj/Documents/COSMIC_FSW/osal/src/os/portable/os-impl-posix-dl-loader.c.o.d" is newer than depends file "/home/hj/Documents/COSMIC_FSW/build/i686-linux-gnu/default_cpu1/osal/posix_impl/CMakeFiles/osal_posix_impl.dir/compiler_depend.internal".
Dependencies file "osal/posix_impl/CMakeFiles/osal_posix_impl.dir/home/hj/Documents/COSMIC_FSW/osal/src/os/portable/os-impl-posix-dl-symtab.c.o.d" is newer than depends file "/home/hj/Documents/COSMIC_FSW/build/i686-linux-gnu/default_cpu1/osal/posix_impl/CMakeFiles/osal_posix_impl.dir/compiler_depend.internal".
Dependencies file "osal/posix_impl/CMakeFiles/osal_posix_impl.dir/home/hj/Documents/COSMIC_FSW/osal/src/os/portable/os-impl-posix-files.c.o.d" is newer than depends file "/home/hj/Documents/COSMIC_FSW/build/i686-linux-gnu/default_cpu1/osal/posix_impl/CMakeFiles/osal_posix_impl.dir/compiler_depend.internal".
Dependencies file "osal/posix_impl/CMakeFiles/osal_posix_impl.dir/home/hj/Documents/COSMIC_FSW/osal/src/os/portable/os-impl-posix-gettime.c.o.d" is newer than depends file "/home/hj/Documents/COSMIC_FSW/build/i686-linux-gnu/default_cpu1/osal/posix_impl/CMakeFiles/osal_posix_impl.dir/compiler_depend.internal".
Dependencies file "osal/posix_impl/CMakeFiles/osal_posix_impl.dir/home/hj/Documents/COSMIC_FSW/osal/src/os/portable/os-impl-posix-io.c.o.d" is newer than depends file "/home/hj/Documents/COSMIC_FSW/build/i686-linux-gnu/default_cpu1/osal/posix_impl/CMakeFiles/osal_posix_impl.dir/compiler_depend.internal".
Dependencies file "osal/posix_impl/CMakeFiles/osal_posix_impl.dir/home/hj/Documents/COSMIC_FSW/osal/src/os/portable/os-impl-posix-network.c.o.d" is newer than depends file "/home/hj/Documents/COSMIC_FSW/build/i686-linux-gnu/default_cpu1/osal/posix_impl/CMakeFiles/osal_posix_impl.dir/compiler_depend.internal".
Dependencies file "osal/posix_impl/CMakeFiles/osal_posix_impl.dir/src/os-impl-binsem.c.o.d" is newer than depends file "/home/hj/Documents/COSMIC_FSW/build/i686-linux-gnu/default_cpu1/osal/posix_impl/CMakeFiles/osal_posix_impl.dir/compiler_depend.internal".
Dependencies file "osal/posix_impl/CMakeFiles/osal_posix_impl.dir/src/os-impl-common.c.o.d" is newer than depends file "/home/hj/Documents/COSMIC_FSW/build/i686-linux-gnu/default_cpu1/osal/posix_impl/CMakeFiles/osal_posix_impl.dir/compiler_depend.internal".
Dependencies file "osal/posix_impl/CMakeFiles/osal_posix_impl.dir/src/os-impl-condvar.c.o.d" is newer than depends file "/home/hj/Documents/COSMIC_FSW/build/i686-linux-gnu/default_cpu1/osal/posix_impl/CMakeFiles/osal_posix_impl.dir/compiler_depend.internal".
Dependencies file "osal/posix_impl/CMakeFiles/osal_posix_impl.dir/src/os-impl-console.c.o.d" is newer than depends file "/home/hj/Documents/COSMIC_FSW/build/i686-linux-gnu/default_cpu1/osal/posix_impl/CMakeFiles/osal_posix_impl.dir/compiler_depend.internal".
Dependencies file "osal/posix_impl/CMakeFiles/osal_posix_impl.dir/src/os-impl-countsem.c.o.d" is newer than depends file "/home/hj/Documents/COSMIC_FSW/build/i686-linux-gnu/default_cpu1/osal/posix_impl/CMakeFiles/osal_posix_impl.dir/compiler_depend.internal".
Dependencies file "osal/posix_impl/CMakeFiles/osal_posix_impl.dir/src/os-impl-dirs.c.o.d" is newer than depends file "/home/hj/Documents/COSMIC_FSW/build/i686-linux-gnu/default_cpu1/osal/posix_impl/CMakeFiles/osal_posix_impl.dir/compiler_depend.internal".
Dependencies file "osal/posix_impl/CMakeFiles/osal_posix_impl.dir/src/os-impl-errors.c.o.d" is newer than depends file "/home/hj/Documents/COSMIC_FSW/build/i686-linux-gnu/default_cpu1/osal/posix_impl/CMakeFiles/osal_posix_impl.dir/compiler_depend.internal".
Dependencies file "osal/posix_impl/CMakeFiles/osal_posix_impl.dir/src/os-impl-files.c.o.d" is newer than depends file "/home/hj/Documents/COSMIC_FSW/build/i686-linux-gnu/default_cpu1/osal/posix_impl/CMakeFiles/osal_posix_impl.dir/compiler_depend.internal".
Dependencies file "osal/posix_impl/CMakeFiles/osal_posix_impl.dir/src/os-impl-filesys.c.o.d" is newer than depends file "/home/hj/Documents/COSMIC_FSW/build/i686-linux-gnu/default_cpu1/osal/posix_impl/CMakeFiles/osal_posix_impl.dir/compiler_depend.internal".
Dependencies file "osal/posix_impl/CMakeFiles/osal_posix_impl.dir/src/os-impl-heap.c.o.d" is newer than depends file "/home/hj/Documents/COSMIC_FSW/build/i686-linux-gnu/default_cpu1/osal/posix_impl/CMakeFiles/osal_posix_impl.dir/compiler_depend.internal".
Dependencies file "osal/posix_impl/CMakeFiles/osal_posix_impl.dir/src/os-impl-idmap.c.o.d" is newer than depends file "/home/hj/Documents/COSMIC_FSW/build/i686-linux-gnu/default_cpu1/osal/posix_impl/CMakeFiles/osal_posix_impl.dir/compiler_depend.internal".
Dependencies file "osal/posix_impl/CMakeFiles/osal_posix_impl.dir/src/os-impl-loader.c.o.d" is newer than depends file "/home/hj/Documents/COSMIC_FSW/build/i686-linux-gnu/default_cpu1/osal/posix_impl/CMakeFiles/osal_posix_impl.dir/compiler_depend.internal".
Dependencies file "osal/posix_impl/CMakeFiles/osal_posix_impl.dir/src/os-impl-mutex.c.o.d" is newer than depends file "/home/hj/Documents/COSMIC_FSW/build/i686-linux-gnu/default_cpu1/osal/posix_impl/CMakeFiles/osal_posix_impl.dir/compiler_depend.internal".
Dependencies file "osal/posix_impl/CMakeFiles/osal_posix_impl.dir/src/os-impl-queues.c.o.d" is newer than depends file "/home/hj/Documents/COSMIC_FSW/build/i686-linux-gnu/default_cpu1/osal/posix_impl/CMakeFiles/osal_posix_impl.dir/compiler_depend.internal".
Dependencies file "osal/posix_impl/CMakeFiles/osal_posix_impl.dir/src/os-impl-tasks.c.o.d" is newer than depends file "/home/hj/Documents/COSMIC_FSW/build/i686-linux-gnu/default_cpu1/osal/posix_impl/CMakeFiles/osal_posix_impl.dir/compiler_depend.internal".
Dependencies file "osal/posix_impl/CMakeFiles/osal_posix_impl.dir/src/os-impl-timebase.c.o.d" is newer than depends file "/home/hj/Documents/COSMIC_FSW/build/i686-linux-gnu/default_cpu1/osal/posix_impl/CMakeFiles/osal_posix_impl.dir/compiler_depend.internal".
Consolidate compiler generated dependencies of target osal_posix_impl
make  -f osal/posix_impl/CMakeFiles/osal_posix_impl.dir/build.make osal/posix_impl/CMakeFiles/osal_posix_impl.dir/build
make[7]: 'osal/posix_impl/CMakeFiles/osal_posix_impl.dir/build'을(를) 위해 할 일이 없습니다.
[ 11%] Built target osal_posix_impl
make  -f osal/CMakeFiles/osal.dir/build.make osal/CMakeFiles/osal.dir/depend
cd /home/hj/Documents/COSMIC_FSW/build/i686-linux-gnu/default_cpu1 && /usr/bin/cmake -E cmake_depends "Unix Makefiles" /home/hj/Documents/COSMIC_FSW/cfe /home/hj/Documents/COSMIC_FSW/osal /home/hj/Documents/COSMIC_FSW/build/i686-linux-gnu/default_cpu1 /home/hj/Documents/COSMIC_FSW/build/i686-linux-gnu/default_cpu1/osal /home/hj/Documents/COSMIC_FSW/build/i686-linux-gnu/default_cpu1/osal/CMakeFiles/osal.dir/DependInfo.cmake --color=
Dependencies file "osal/CMakeFiles/osal.dir/src/os/shared/src/osapi-binsem.c.o.d" is newer than depends file "/home/hj/Documents/COSMIC_FSW/build/i686-linux-gnu/default_cpu1/osal/CMakeFiles/osal.dir/compiler_depend.internal".
Dependencies file "osal/CMakeFiles/osal.dir/src/os/shared/src/osapi-clock.c.o.d" is newer than depends file "/home/hj/Documents/COSMIC_FSW/build/i686-linux-gnu/default_cpu1/osal/CMakeFiles/osal.dir/compiler_depend.internal".
Dependencies file "osal/CMakeFiles/osal.dir/src/os/shared/src/osapi-common.c.o.d" is newer than depends file "/home/hj/Documents/COSMIC_FSW/build/i686-linux-gnu/default_cpu1/osal/CMakeFiles/osal.dir/compiler_depend.internal".
Dependencies file "osal/CMakeFiles/osal.dir/src/os/shared/src/osapi-condvar.c.o.d" is newer than depends file "/home/hj/Documents/COSMIC_FSW/build/i686-linux-gnu/default_cpu1/osal/CMakeFiles/osal.dir/compiler_depend.internal".
Dependencies file "osal/CMakeFiles/osal.dir/src/os/shared/src/osapi-countsem.c.o.d" is newer than depends file "/home/hj/Documents/COSMIC_FSW/build/i686-linux-gnu/default_cpu1/osal/CMakeFiles/osal.dir/compiler_depend.internal".
Dependencies file "osal/CMakeFiles/osal.dir/src/os/shared/src/osapi-debug.c.o.d" is newer than depends file "/home/hj/Documents/COSMIC_FSW/build/i686-linux-gnu/default_cpu1/osal/CMakeFiles/osal.dir/compiler_depend.internal".
Dependencies file "osal/CMakeFiles/osal.dir/src/os/shared/src/osapi-dir.c.o.d" is newer than depends file "/home/hj/Documents/COSMIC_FSW/build/i686-linux-gnu/default_cpu1/osal/CMakeFiles/osal.dir/compiler_depend.internal".
Dependencies file "osal/CMakeFiles/osal.dir/src/os/shared/src/osapi-errors.c.o.d" is newer than depends file "/home/hj/Documents/COSMIC_FSW/build/i686-linux-gnu/default_cpu1/osal/CMakeFiles/osal.dir/compiler_depend.internal".
Dependencies file "osal/CMakeFiles/osal.dir/src/os/shared/src/osapi-file.c.o.d" is newer than depends file "/home/hj/Documents/COSMIC_FSW/build/i686-linux-gnu/default_cpu1/osal/CMakeFiles/osal.dir/compiler_depend.internal".
Dependencies file "osal/CMakeFiles/osal.dir/src/os/shared/src/osapi-filesys.c.o.d" is newer than depends file "/home/hj/Documents/COSMIC_FSW/build/i686-linux-gnu/default_cpu1/osal/CMakeFiles/osal.dir/compiler_depend.internal".
Dependencies file "osal/CMakeFiles/osal.dir/src/os/shared/src/osapi-heap.c.o.d" is newer than depends file "/home/hj/Documents/COSMIC_FSW/build/i686-linux-gnu/default_cpu1/osal/CMakeFiles/osal.dir/compiler_depend.internal".
Dependencies file "osal/CMakeFiles/osal.dir/src/os/shared/src/osapi-idmap.c.o.d" is newer than depends file "/home/hj/Documents/COSMIC_FSW/build/i686-linux-gnu/default_cpu1/osal/CMakeFiles/osal.dir/compiler_depend.internal".
Dependencies file "osal/CMakeFiles/osal.dir/src/os/shared/src/osapi-module.c.o.d" is newer than depends file "/home/hj/Documents/COSMIC_FSW/build/i686-linux-gnu/default_cpu1/osal/CMakeFiles/osal.dir/compiler_depend.internal".
Dependencies file "osal/CMakeFiles/osal.dir/src/os/shared/src/osapi-mutex.c.o.d" is newer than depends file "/home/hj/Documents/COSMIC_FSW/build/i686-linux-gnu/default_cpu1/osal/CMakeFiles/osal.dir/compiler_depend.internal".
Dependencies file "osal/CMakeFiles/osal.dir/src/os/shared/src/osapi-network.c.o.d" is newer than depends file "/home/hj/Documents/COSMIC_FSW/build/i686-linux-gnu/default_cpu1/osal/CMakeFiles/osal.dir/compiler_depend.internal".
Dependencies file "osal/CMakeFiles/osal.dir/src/os/shared/src/osapi-printf.c.o.d" is newer than depends file "/home/hj/Documents/COSMIC_FSW/build/i686-linux-gnu/default_cpu1/osal/CMakeFiles/osal.dir/compiler_depend.internal".
Dependencies file "osal/CMakeFiles/osal.dir/src/os/shared/src/osapi-queue.c.o.d" is newer than depends file "/home/hj/Documents/COSMIC_FSW/build/i686-linux-gnu/default_cpu1/osal/CMakeFiles/osal.dir/compiler_depend.internal".
Dependencies file "osal/CMakeFiles/osal.dir/src/os/shared/src/osapi-select.c.o.d" is newer than depends file "/home/hj/Documents/COSMIC_FSW/build/i686-linux-gnu/default_cpu1/osal/CMakeFiles/osal.dir/compiler_depend.internal".
Dependencies file "osal/CMakeFiles/osal.dir/src/os/shared/src/osapi-shell.c.o.d" is newer than depends file "/home/hj/Documents/COSMIC_FSW/build/i686-linux-gnu/default_cpu1/osal/CMakeFiles/osal.dir/compiler_depend.internal".
Dependencies file "osal/CMakeFiles/osal.dir/src/os/shared/src/osapi-sockets.c.o.d" is newer than depends file "/home/hj/Documents/COSMIC_FSW/build/i686-linux-gnu/default_cpu1/osal/CMakeFiles/osal.dir/compiler_depend.internal".
Dependencies file "osal/CMakeFiles/osal.dir/src/os/shared/src/osapi-task.c.o.d" is newer than depends file "/home/hj/Documents/COSMIC_FSW/build/i686-linux-gnu/default_cpu1/osal/CMakeFiles/osal.dir/compiler_depend.internal".
Dependencies file "osal/CMakeFiles/osal.dir/src/os/shared/src/osapi-time.c.o.d" is newer than depends file "/home/hj/Documents/COSMIC_FSW/build/i686-linux-gnu/default_cpu1/osal/CMakeFiles/osal.dir/compiler_depend.internal".
Dependencies file "osal/CMakeFiles/osal.dir/src/os/shared/src/osapi-timebase.c.o.d" is newer than depends file "/home/hj/Documents/COSMIC_FSW/build/i686-linux-gnu/default_cpu1/osal/CMakeFiles/osal.dir/compiler_depend.internal".
Dependencies file "osal/CMakeFiles/osal.dir/src/os/shared/src/osapi-version.c.o.d" is newer than depends file "/home/hj/Documents/COSMIC_FSW/build/i686-linux-gnu/default_cpu1/osal/CMakeFiles/osal.dir/compiler_depend.internal".
Consolidate compiler generated dependencies of target osal
make  -f osal/CMakeFiles/osal.dir/build.make osal/CMakeFiles/osal.dir/build
make[7]: 'osal/CMakeFiles/osal.dir/build'을(를) 위해 할 일이 없습니다.
[ 19%] Built target osal
make  -f osal/ut_assert/CMakeFiles/ut_assert.dir/build.make osal/ut_assert/CMakeFiles/ut_assert.dir/depend
cd /home/hj/Documents/COSMIC_FSW/build/i686-linux-gnu/default_cpu1 && /usr/bin/cmake -E cmake_depends "Unix Makefiles" /home/hj/Documents/COSMIC_FSW/cfe /home/hj/Documents/COSMIC_FSW/osal/ut_assert /home/hj/Documents/COSMIC_FSW/build/i686-linux-gnu/default_cpu1 /home/hj/Documents/COSMIC_FSW/build/i686-linux-gnu/default_cpu1/osal/ut_assert /home/hj/Documents/COSMIC_FSW/build/i686-linux-gnu/default_cpu1/osal/ut_assert/CMakeFiles/ut_assert.dir/DependInfo.cmake --color=
Dependencies file "osal/ut_assert/CMakeFiles/ut_assert.dir/src/utassert.c.o.d" is newer than depends file "/home/hj/Documents/COSMIC_FSW/build/i686-linux-gnu/default_cpu1/osal/ut_assert/CMakeFiles/ut_assert.dir/compiler_depend.internal".
Dependencies file "osal/ut_assert/CMakeFiles/ut_assert.dir/src/utbsp.c.o.d" is newer than depends file "/home/hj/Documents/COSMIC_FSW/build/i686-linux-gnu/default_cpu1/osal/ut_assert/CMakeFiles/ut_assert.dir/compiler_depend.internal".
Dependencies file "osal/ut_assert/CMakeFiles/ut_assert.dir/src/utlist.c.o.d" is newer than depends file "/home/hj/Documents/COSMIC_FSW/build/i686-linux-gnu/default_cpu1/osal/ut_assert/CMakeFiles/ut_assert.dir/compiler_depend.internal".
Dependencies file "osal/ut_assert/CMakeFiles/ut_assert.dir/src/utstubs.c.o.d" is newer than depends file "/home/hj/Documents/COSMIC_FSW/build/i686-linux-gnu/default_cpu1/osal/ut_assert/CMakeFiles/ut_assert.dir/compiler_depend.internal".
Dependencies file "osal/ut_assert/CMakeFiles/ut_assert.dir/src/uttest.c.o.d" is newer than depends file "/home/hj/Documents/COSMIC_FSW/build/i686-linux-gnu/default_cpu1/osal/ut_assert/CMakeFiles/ut_assert.dir/compiler_depend.internal".
Dependencies file "osal/ut_assert/CMakeFiles/ut_assert.dir/src/uttools.c.o.d" is newer than depends file "/home/hj/Documents/COSMIC_FSW/build/i686-linux-gnu/default_cpu1/osal/ut_assert/CMakeFiles/ut_assert.dir/compiler_depend.internal".
Consolidate compiler generated dependencies of target ut_assert
make  -f osal/ut_assert/CMakeFiles/ut_assert.dir/build.make osal/ut_assert/CMakeFiles/ut_assert.dir/build
make[7]: 'osal/ut_assert/CMakeFiles/ut_assert.dir/build'을(를) 위해 할 일이 없습니다.
[ 22%] Built target ut_assert
make  -f osal/ut-stubs/CMakeFiles/ut_osapi_stubs.dir/build.make osal/ut-stubs/CMakeFiles/ut_osapi_stubs.dir/depend
cd /home/hj/Documents/COSMIC_FSW/build/i686-linux-gnu/default_cpu1 && /usr/bin/cmake -E cmake_depends "Unix Makefiles" /home/hj/Documents/COSMIC_FSW/cfe /home/hj/Documents/COSMIC_FSW/osal/src/ut-stubs /home/hj/Documents/COSMIC_FSW/build/i686-linux-gnu/default_cpu1 /home/hj/Documents/COSMIC_FSW/build/i686-linux-gnu/default_cpu1/osal/ut-stubs /home/hj/Documents/COSMIC_FSW/build/i686-linux-gnu/default_cpu1/osal/ut-stubs/CMakeFiles/ut_osapi_stubs.dir/DependInfo.cmake --color=
Dependencies file "osal/ut-stubs/CMakeFiles/ut_osapi_stubs.dir/osapi-binsem-handlers.c.o.d" is newer than depends file "/home/hj/Documents/COSMIC_FSW/build/i686-linux-gnu/default_cpu1/osal/ut-stubs/CMakeFiles/ut_osapi_stubs.dir/compiler_depend.internal".
Dependencies file "osal/ut-stubs/CMakeFiles/ut_osapi_stubs.dir/osapi-binsem-stubs.c.o.d" is newer than depends file "/home/hj/Documents/COSMIC_FSW/build/i686-linux-gnu/default_cpu1/osal/ut-stubs/CMakeFiles/ut_osapi_stubs.dir/compiler_depend.internal".
Dependencies file "osal/ut-stubs/CMakeFiles/ut_osapi_stubs.dir/osapi-clock-handlers.c.o.d" is newer than depends file "/home/hj/Documents/COSMIC_FSW/build/i686-linux-gnu/default_cpu1/osal/ut-stubs/CMakeFiles/ut_osapi_stubs.dir/compiler_depend.internal".
Dependencies file "osal/ut-stubs/CMakeFiles/ut_osapi_stubs.dir/osapi-clock-stubs.c.o.d" is newer than depends file "/home/hj/Documents/COSMIC_FSW/build/i686-linux-gnu/default_cpu1/osal/ut-stubs/CMakeFiles/ut_osapi_stubs.dir/compiler_depend.internal".
Dependencies file "osal/ut-stubs/CMakeFiles/ut_osapi_stubs.dir/osapi-common-handlers.c.o.d" is newer than depends file "/home/hj/Documents/COSMIC_FSW/build/i686-linux-gnu/default_cpu1/osal/ut-stubs/CMakeFiles/ut_osapi_stubs.dir/compiler_depend.internal".
Dependencies file "osal/ut-stubs/CMakeFiles/ut_osapi_stubs.dir/osapi-common-stubs.c.o.d" is newer than depends file "/home/hj/Documents/COSMIC_FSW/build/i686-linux-gnu/default_cpu1/osal/ut-stubs/CMakeFiles/ut_osapi_stubs.dir/compiler_depend.internal".
Dependencies file "osal/ut-stubs/CMakeFiles/ut_osapi_stubs.dir/osapi-condvar-stubs.c.o.d" is newer than depends file "/home/hj/Documents/COSMIC_FSW/build/i686-linux-gnu/default_cpu1/osal/ut-stubs/CMakeFiles/ut_osapi_stubs.dir/compiler_depend.internal".
Dependencies file "osal/ut-stubs/CMakeFiles/ut_osapi_stubs.dir/osapi-countsem-handlers.c.o.d" is newer than depends file "/home/hj/Documents/COSMIC_FSW/build/i686-linux-gnu/default_cpu1/osal/ut-stubs/CMakeFiles/ut_osapi_stubs.dir/compiler_depend.internal".
Dependencies file "osal/ut-stubs/CMakeFiles/ut_osapi_stubs.dir/osapi-countsem-stubs.c.o.d" is newer than depends file "/home/hj/Documents/COSMIC_FSW/build/i686-linux-gnu/default_cpu1/osal/ut-stubs/CMakeFiles/ut_osapi_stubs.dir/compiler_depend.internal".
Dependencies file "osal/ut-stubs/CMakeFiles/ut_osapi_stubs.dir/osapi-dir-handlers.c.o.d" is newer than depends file "/home/hj/Documents/COSMIC_FSW/build/i686-linux-gnu/default_cpu1/osal/ut-stubs/CMakeFiles/ut_osapi_stubs.dir/compiler_depend.internal".
Dependencies file "osal/ut-stubs/CMakeFiles/ut_osapi_stubs.dir/osapi-dir-stubs.c.o.d" is newer than depends file "/home/hj/Documents/COSMIC_FSW/build/i686-linux-gnu/default_cpu1/osal/ut-stubs/CMakeFiles/ut_osapi_stubs.dir/compiler_depend.internal".
Dependencies file "osal/ut-stubs/CMakeFiles/ut_osapi_stubs.dir/osapi-error-handlers.c.o.d" is newer than depends file "/home/hj/Documents/COSMIC_FSW/build/i686-linux-gnu/default_cpu1/osal/ut-stubs/CMakeFiles/ut_osapi_stubs.dir/compiler_depend.internal".
Dependencies file "osal/ut-stubs/CMakeFiles/ut_osapi_stubs.dir/osapi-error-stubs.c.o.d" is newer than depends file "/home/hj/Documents/COSMIC_FSW/build/i686-linux-gnu/default_cpu1/osal/ut-stubs/CMakeFiles/ut_osapi_stubs.dir/compiler_depend.internal".
Dependencies file "osal/ut-stubs/CMakeFiles/ut_osapi_stubs.dir/osapi-file-handlers.c.o.d" is newer than depends file "/home/hj/Documents/COSMIC_FSW/build/i686-linux-gnu/default_cpu1/osal/ut-stubs/CMakeFiles/ut_osapi_stubs.dir/compiler_depend.internal".
Dependencies file "osal/ut-stubs/CMakeFiles/ut_osapi_stubs.dir/osapi-file-stubs.c.o.d" is newer than depends file "/home/hj/Documents/COSMIC_FSW/build/i686-linux-gnu/default_cpu1/osal/ut-stubs/CMakeFiles/ut_osapi_stubs.dir/compiler_depend.internal".
Dependencies file "osal/ut-stubs/CMakeFiles/ut_osapi_stubs.dir/osapi-filesys-handlers.c.o.d" is newer than depends file "/home/hj/Documents/COSMIC_FSW/build/i686-linux-gnu/default_cpu1/osal/ut-stubs/CMakeFiles/ut_osapi_stubs.dir/compiler_depend.internal".
Dependencies file "osal/ut-stubs/CMakeFiles/ut_osapi_stubs.dir/osapi-filesys-stubs.c.o.d" is newer than depends file "/home/hj/Documents/COSMIC_FSW/build/i686-linux-gnu/default_cpu1/osal/ut-stubs/CMakeFiles/ut_osapi_stubs.dir/compiler_depend.internal".
Dependencies file "osal/ut-stubs/CMakeFiles/ut_osapi_stubs.dir/osapi-heap-handlers.c.o.d" is newer than depends file "/home/hj/Documents/COSMIC_FSW/build/i686-linux-gnu/default_cpu1/osal/ut-stubs/CMakeFiles/ut_osapi_stubs.dir/compiler_depend.internal".
Dependencies file "osal/ut-stubs/CMakeFiles/ut_osapi_stubs.dir/osapi-heap-stubs.c.o.d" is newer than depends file "/home/hj/Documents/COSMIC_FSW/build/i686-linux-gnu/default_cpu1/osal/ut-stubs/CMakeFiles/ut_osapi_stubs.dir/compiler_depend.internal".
Dependencies file "osal/ut-stubs/CMakeFiles/ut_osapi_stubs.dir/osapi-idmap-handlers.c.o.d" is newer than depends file "/home/hj/Documents/COSMIC_FSW/build/i686-linux-gnu/default_cpu1/osal/ut-stubs/CMakeFiles/ut_osapi_stubs.dir/compiler_depend.internal".
Dependencies file "osal/ut-stubs/CMakeFiles/ut_osapi_stubs.dir/osapi-idmap-stubs.c.o.d" is newer than depends file "/home/hj/Documents/COSMIC_FSW/build/i686-linux-gnu/default_cpu1/osal/ut-stubs/CMakeFiles/ut_osapi_stubs.dir/compiler_depend.internal".
Dependencies file "osal/ut-stubs/CMakeFiles/ut_osapi_stubs.dir/osapi-module-handlers.c.o.d" is newer than depends file "/home/hj/Documents/COSMIC_FSW/build/i686-linux-gnu/default_cpu1/osal/ut-stubs/CMakeFiles/ut_osapi_stubs.dir/compiler_depend.internal".
Dependencies file "osal/ut-stubs/CMakeFiles/ut_osapi_stubs.dir/osapi-module-stubs.c.o.d" is newer than depends file "/home/hj/Documents/COSMIC_FSW/build/i686-linux-gnu/default_cpu1/osal/ut-stubs/CMakeFiles/ut_osapi_stubs.dir/compiler_depend.internal".
Dependencies file "osal/ut-stubs/CMakeFiles/ut_osapi_stubs.dir/osapi-mutex-handlers.c.o.d" is newer than depends file "/home/hj/Documents/COSMIC_FSW/build/i686-linux-gnu/default_cpu1/osal/ut-stubs/CMakeFiles/ut_osapi_stubs.dir/compiler_depend.internal".
Dependencies file "osal/ut-stubs/CMakeFiles/ut_osapi_stubs.dir/osapi-mutex-stubs.c.o.d" is newer than depends file "/home/hj/Documents/COSMIC_FSW/build/i686-linux-gnu/default_cpu1/osal/ut-stubs/CMakeFiles/ut_osapi_stubs.dir/compiler_depend.internal".
Dependencies file "osal/ut-stubs/CMakeFiles/ut_osapi_stubs.dir/osapi-network-handlers.c.o.d" is newer than depends file "/home/hj/Documents/COSMIC_FSW/build/i686-linux-gnu/default_cpu1/osal/ut-stubs/CMakeFiles/ut_osapi_stubs.dir/compiler_depend.internal".
Dependencies file "osal/ut-stubs/CMakeFiles/ut_osapi_stubs.dir/osapi-network-stubs.c.o.d" is newer than depends file "/home/hj/Documents/COSMIC_FSW/build/i686-linux-gnu/default_cpu1/osal/ut-stubs/CMakeFiles/ut_osapi_stubs.dir/compiler_depend.internal".
Dependencies file "osal/ut-stubs/CMakeFiles/ut_osapi_stubs.dir/osapi-printf-handlers.c.o.d" is newer than depends file "/home/hj/Documents/COSMIC_FSW/build/i686-linux-gnu/default_cpu1/osal/ut-stubs/CMakeFiles/ut_osapi_stubs.dir/compiler_depend.internal".
Dependencies file "osal/ut-stubs/CMakeFiles/ut_osapi_stubs.dir/osapi-printf-stubs.c.o.d" is newer than depends file "/home/hj/Documents/COSMIC_FSW/build/i686-linux-gnu/default_cpu1/osal/ut-stubs/CMakeFiles/ut_osapi_stubs.dir/compiler_depend.internal".
Dependencies file "osal/ut-stubs/CMakeFiles/ut_osapi_stubs.dir/osapi-queue-handlers.c.o.d" is newer than depends file "/home/hj/Documents/COSMIC_FSW/build/i686-linux-gnu/default_cpu1/osal/ut-stubs/CMakeFiles/ut_osapi_stubs.dir/compiler_depend.internal".
Dependencies file "osal/ut-stubs/CMakeFiles/ut_osapi_stubs.dir/osapi-queue-stubs.c.o.d" is newer than depends file "/home/hj/Documents/COSMIC_FSW/build/i686-linux-gnu/default_cpu1/osal/ut-stubs/CMakeFiles/ut_osapi_stubs.dir/compiler_depend.internal".
Dependencies file "osal/ut-stubs/CMakeFiles/ut_osapi_stubs.dir/osapi-select-stubs.c.o.d" is newer than depends file "/home/hj/Documents/COSMIC_FSW/build/i686-linux-gnu/default_cpu1/osal/ut-stubs/CMakeFiles/ut_osapi_stubs.dir/compiler_depend.internal".
Dependencies file "osal/ut-stubs/CMakeFiles/ut_osapi_stubs.dir/osapi-shell-stubs.c.o.d" is newer than depends file "/home/hj/Documents/COSMIC_FSW/build/i686-linux-gnu/default_cpu1/osal/ut-stubs/CMakeFiles/ut_osapi_stubs.dir/compiler_depend.internal".
Dependencies file "osal/ut-stubs/CMakeFiles/ut_osapi_stubs.dir/osapi-sockets-handlers.c.o.d" is newer than depends file "/home/hj/Documents/COSMIC_FSW/build/i686-linux-gnu/default_cpu1/osal/ut-stubs/CMakeFiles/ut_osapi_stubs.dir/compiler_depend.internal".
Dependencies file "osal/ut-stubs/CMakeFiles/ut_osapi_stubs.dir/osapi-sockets-stubs.c.o.d" is newer than depends file "/home/hj/Documents/COSMIC_FSW/build/i686-linux-gnu/default_cpu1/osal/ut-stubs/CMakeFiles/ut_osapi_stubs.dir/compiler_depend.internal".
Dependencies file "osal/ut-stubs/CMakeFiles/ut_osapi_stubs.dir/osapi-task-handlers.c.o.d" is newer than depends file "/home/hj/Documents/COSMIC_FSW/build/i686-linux-gnu/default_cpu1/osal/ut-stubs/CMakeFiles/ut_osapi_stubs.dir/compiler_depend.internal".
Dependencies file "osal/ut-stubs/CMakeFiles/ut_osapi_stubs.dir/osapi-task-stubs.c.o.d" is newer than depends file "/home/hj/Documents/COSMIC_FSW/build/i686-linux-gnu/default_cpu1/osal/ut-stubs/CMakeFiles/ut_osapi_stubs.dir/compiler_depend.internal".
Dependencies file "osal/ut-stubs/CMakeFiles/ut_osapi_stubs.dir/osapi-timebase-handlers.c.o.d" is newer than depends file "/home/hj/Documents/COSMIC_FSW/build/i686-linux-gnu/default_cpu1/osal/ut-stubs/CMakeFiles/ut_osapi_stubs.dir/compiler_depend.internal".
Dependencies file "osal/ut-stubs/CMakeFiles/ut_osapi_stubs.dir/osapi-timebase-stubs.c.o.d" is newer than depends file "/home/hj/Documents/COSMIC_FSW/build/i686-linux-gnu/default_cpu1/osal/ut-stubs/CMakeFiles/ut_osapi_stubs.dir/compiler_depend.internal".
Dependencies file "osal/ut-stubs/CMakeFiles/ut_osapi_stubs.dir/osapi-timer-handlers.c.o.d" is newer than depends file "/home/hj/Documents/COSMIC_FSW/build/i686-linux-gnu/default_cpu1/osal/ut-stubs/CMakeFiles/ut_osapi_stubs.dir/compiler_depend.internal".
Dependencies file "osal/ut-stubs/CMakeFiles/ut_osapi_stubs.dir/osapi-timer-stubs.c.o.d" is newer than depends file "/home/hj/Documents/COSMIC_FSW/build/i686-linux-gnu/default_cpu1/osal/ut-stubs/CMakeFiles/ut_osapi_stubs.dir/compiler_depend.internal".
Dependencies file "osal/ut-stubs/CMakeFiles/ut_osapi_stubs.dir/osapi-version-handlers.c.o.d" is newer than depends file "/home/hj/Documents/COSMIC_FSW/build/i686-linux-gnu/default_cpu1/osal/ut-stubs/CMakeFiles/ut_osapi_stubs.dir/compiler_depend.internal".
Dependencies file "osal/ut-stubs/CMakeFiles/ut_osapi_stubs.dir/osapi-version-stubs.c.o.d" is newer than depends file "/home/hj/Documents/COSMIC_FSW/build/i686-linux-gnu/default_cpu1/osal/ut-stubs/CMakeFiles/ut_osapi_stubs.dir/compiler_depend.internal".
Dependencies file "osal/ut-stubs/CMakeFiles/ut_osapi_stubs.dir/utstub-helpers.c.o.d" is newer than depends file "/home/hj/Documents/COSMIC_FSW/build/i686-linux-gnu/default_cpu1/osal/ut-stubs/CMakeFiles/ut_osapi_stubs.dir/compiler_depend.internal".
Consolidate compiler generated dependencies of target ut_osapi_stubs
make  -f osal/ut-stubs/CMakeFiles/ut_osapi_stubs.dir/build.make osal/ut-stubs/CMakeFiles/ut_osapi_stubs.dir/build
make[7]: 'osal/ut-stubs/CMakeFiles/ut_osapi_stubs.dir/build'을(를) 위해 할 일이 없습니다.
[ 37%] Built target ut_osapi_stubs
make  -f es/CMakeFiles/es.dir/build.make es/CMakeFiles/es.dir/depend
cd /home/hj/Documents/COSMIC_FSW/build/i686-linux-gnu/default_cpu1 && /usr/bin/cmake -E cmake_depends "Unix Makefiles" /home/hj/Documents/COSMIC_FSW/cfe /home/hj/Documents/COSMIC_FSW/cfe/modules/es /home/hj/Documents/COSMIC_FSW/build/i686-linux-gnu/default_cpu1 /home/hj/Documents/COSMIC_FSW/build/i686-linux-gnu/default_cpu1/es /home/hj/Documents/COSMIC_FSW/build/i686-linux-gnu/default_cpu1/es/CMakeFiles/es.dir/DependInfo.cmake --color=
Dependencies file "es/CMakeFiles/es.dir/fsw/src/cfe_es_api.c.o.d" is newer than depends file "/home/hj/Documents/COSMIC_FSW/build/i686-linux-gnu/default_cpu1/es/CMakeFiles/es.dir/compiler_depend.internal".
Dependencies file "es/CMakeFiles/es.dir/fsw/src/cfe_es_apps.c.o.d" is newer than depends file "/home/hj/Documents/COSMIC_FSW/build/i686-linux-gnu/default_cpu1/es/CMakeFiles/es.dir/compiler_depend.internal".
Dependencies file "es/CMakeFiles/es.dir/fsw/src/cfe_es_backgroundtask.c.o.d" is newer than depends file "/home/hj/Documents/COSMIC_FSW/build/i686-linux-gnu/default_cpu1/es/CMakeFiles/es.dir/compiler_depend.internal".
Dependencies file "es/CMakeFiles/es.dir/fsw/src/cfe_es_cds.c.o.d" is newer than depends file "/home/hj/Documents/COSMIC_FSW/build/i686-linux-gnu/default_cpu1/es/CMakeFiles/es.dir/compiler_depend.internal".
Dependencies file "es/CMakeFiles/es.dir/fsw/src/cfe_es_cds_mempool.c.o.d" is newer than depends file "/home/hj/Documents/COSMIC_FSW/build/i686-linux-gnu/default_cpu1/es/CMakeFiles/es.dir/compiler_depend.internal".
Dependencies file "es/CMakeFiles/es.dir/fsw/src/cfe_es_crc.c.o.d" is newer than depends file "/home/hj/Documents/COSMIC_FSW/build/i686-linux-gnu/default_cpu1/es/CMakeFiles/es.dir/compiler_depend.internal".
Dependencies file "es/CMakeFiles/es.dir/fsw/src/cfe_es_dispatch.c.o.d" is newer than depends file "/home/hj/Documents/COSMIC_FSW/build/i686-linux-gnu/default_cpu1/es/CMakeFiles/es.dir/compiler_depend.internal".
Dependencies file "es/CMakeFiles/es.dir/fsw/src/cfe_es_erlog.c.o.d" is newer than depends file "/home/hj/Documents/COSMIC_FSW/build/i686-linux-gnu/default_cpu1/es/CMakeFiles/es.dir/compiler_depend.internal".
Dependencies file "es/CMakeFiles/es.dir/fsw/src/cfe_es_generic_pool.c.o.d" is newer than depends file "/home/hj/Documents/COSMIC_FSW/build/i686-linux-gnu/default_cpu1/es/CMakeFiles/es.dir/compiler_depend.internal".
Dependencies file "es/CMakeFiles/es.dir/fsw/src/cfe_es_mempool.c.o.d" is newer than depends file "/home/hj/Documents/COSMIC_FSW/build/i686-linux-gnu/default_cpu1/es/CMakeFiles/es.dir/compiler_depend.internal".
Dependencies file "es/CMakeFiles/es.dir/fsw/src/cfe_es_objtab.c.o.d" is newer than depends file "/home/hj/Documents/COSMIC_FSW/build/i686-linux-gnu/default_cpu1/es/CMakeFiles/es.dir/compiler_depend.internal".
Dependencies file "es/CMakeFiles/es.dir/fsw/src/cfe_es_perf.c.o.d" is newer than depends file "/home/hj/Documents/COSMIC_FSW/build/i686-linux-gnu/default_cpu1/es/CMakeFiles/es.dir/compiler_depend.internal".
Dependencies file "es/CMakeFiles/es.dir/fsw/src/cfe_es_resource.c.o.d" is newer than depends file "/home/hj/Documents/COSMIC_FSW/build/i686-linux-gnu/default_cpu1/es/CMakeFiles/es.dir/compiler_depend.internal".
Dependencies file "es/CMakeFiles/es.dir/fsw/src/cfe_es_start.c.o.d" is newer than depends file "/home/hj/Documents/COSMIC_FSW/build/i686-linux-gnu/default_cpu1/es/CMakeFiles/es.dir/compiler_depend.internal".
Dependencies file "es/CMakeFiles/es.dir/fsw/src/cfe_es_syslog.c.o.d" is newer than depends file "/home/hj/Documents/COSMIC_FSW/build/i686-linux-gnu/default_cpu1/es/CMakeFiles/es.dir/compiler_depend.internal".
Dependencies file "es/CMakeFiles/es.dir/fsw/src/cfe_es_task.c.o.d" is newer than depends file "/home/hj/Documents/COSMIC_FSW/build/i686-linux-gnu/default_cpu1/es/CMakeFiles/es.dir/compiler_depend.internal".
Consolidate compiler generated dependencies of target es
make  -f es/CMakeFiles/es.dir/build.make es/CMakeFiles/es.dir/build
[ 38%] Building C object es/CMakeFiles/es.dir/fsw/src/cfe_es_api.c.o
cd /home/hj/Documents/COSMIC_FSW/build/i686-linux-gnu/default_cpu1/es && /usr/bin/gcc -D_CFE_CORE_ -D_LINUX_OS_ -D_POSIX_OS_ -D_XOPEN_SOURCE=600 -I/home/hj/Documents/COSMIC_FSW/build/inc -I/home/hj/Documents/COSMIC_FSW/build/i686-linux-gnu/default_cpu1/inc -I/home/hj/Documents/COSMIC_FSW/cfe/modules/es/fsw/inc -I/home/hj/Documents/COSMIC_FSW/cfe/modules/core_private/fsw/inc -I/home/hj/Documents/COSMIC_FSW/cfe/cmake/target/inc -I/home/hj/Documents/COSMIC_FSW/cfe/modules/core_api/fsw/inc -I/home/hj/Documents/COSMIC_FSW/cfe/modules/evs/fsw/inc -I/home/hj/Documents/COSMIC_FSW/cfe/modules/fs/fsw/inc -I/home/hj/Documents/COSMIC_FSW/cfe/modules/sb/fsw/inc -I/home/hj/Documents/COSMIC_FSW/cfe/modules/tbl/fsw/inc -I/home/hj/Documents/COSMIC_FSW/cfe/modules/time/fsw/inc -I/home/hj/Documents/COSMIC_FSW/osal/src/os/inc -I/home/hj/Documents/COSMIC_FSW/build/i686-linux-gnu/default_cpu1/osal/inc -I/home/hj/Documents/COSMIC_FSW/psp/fsw/inc -I/home/hj/Documents/COSMIC_FSW/psp/fsw/modules/iodriver/inc -I/home/hj/Documents/COSMIC_FSW/cfe/modules/msg/fsw/inc -I/home/hj/Documents/COSMIC_FSW/cfe/modules/resourceid/fsw/inc -I/home/hj/Documents/COSMIC_FSW/cfe/modules/config/fsw/inc -I/home/hj/Documents/COSMIC_FSW/cfe/modules/srl/fsw/inc -I/home/hj/Documents/COSMIC_FSW/cfe/modules/rf/fsw/inc -g -std=c99 -pedantic -Wall -Wstrict-prototypes -Wwrite-strings -Wpointer-arith -Werror -Wno-format-truncation -Wno-stringop-truncation -MD -MT es/CMakeFiles/es.dir/fsw/src/cfe_es_api.c.o -MF CMakeFiles/es.dir/fsw/src/cfe_es_api.c.o.d -o CMakeFiles/es.dir/fsw/src/cfe_es_api.c.o -c /home/hj/Documents/COSMIC_FSW/cfe/modules/es/fsw/src/cfe_es_api.c
[ 38%] Building C object es/CMakeFiles/es.dir/fsw/src/cfe_es_apps.c.o
cd /home/hj/Documents/COSMIC_FSW/build/i686-linux-gnu/default_cpu1/es && /usr/bin/gcc -D_CFE_CORE_ -D_LINUX_OS_ -D_POSIX_OS_ -D_XOPEN_SOURCE=600 -I/home/hj/Documents/COSMIC_FSW/build/inc -I/home/hj/Documents/COSMIC_FSW/build/i686-linux-gnu/default_cpu1/inc -I/home/hj/Documents/COSMIC_FSW/cfe/modules/es/fsw/inc -I/home/hj/Documents/COSMIC_FSW/cfe/modules/core_private/fsw/inc -I/home/hj/Documents/COSMIC_FSW/cfe/cmake/target/inc -I/home/hj/Documents/COSMIC_FSW/cfe/modules/core_api/fsw/inc -I/home/hj/Documents/COSMIC_FSW/cfe/modules/evs/fsw/inc -I/home/hj/Documents/COSMIC_FSW/cfe/modules/fs/fsw/inc -I/home/hj/Documents/COSMIC_FSW/cfe/modules/sb/fsw/inc -I/home/hj/Documents/COSMIC_FSW/cfe/modules/tbl/fsw/inc -I/home/hj/Documents/COSMIC_FSW/cfe/modules/time/fsw/inc -I/home/hj/Documents/COSMIC_FSW/osal/src/os/inc -I/home/hj/Documents/COSMIC_FSW/build/i686-linux-gnu/default_cpu1/osal/inc -I/home/hj/Documents/COSMIC_FSW/psp/fsw/inc -I/home/hj/Documents/COSMIC_FSW/psp/fsw/modules/iodriver/inc -I/home/hj/Documents/COSMIC_FSW/cfe/modules/msg/fsw/inc -I/home/hj/Documents/COSMIC_FSW/cfe/modules/resourceid/fsw/inc -I/home/hj/Documents/COSMIC_FSW/cfe/modules/config/fsw/inc -I/home/hj/Documents/COSMIC_FSW/cfe/modules/srl/fsw/inc -I/home/hj/Documents/COSMIC_FSW/cfe/modules/rf/fsw/inc -g -std=c99 -pedantic -Wall -Wstrict-prototypes -Wwrite-strings -Wpointer-arith -Werror -Wno-format-truncation -Wno-stringop-truncation -MD -MT es/CMakeFiles/es.dir/fsw/src/cfe_es_apps.c.o -MF CMakeFiles/es.dir/fsw/src/cfe_es_apps.c.o.d -o CMakeFiles/es.dir/fsw/src/cfe_es_apps.c.o -c /home/hj/Documents/COSMIC_FSW/cfe/modules/es/fsw/src/cfe_es_apps.c
[ 38%] Building C object es/CMakeFiles/es.dir/fsw/src/cfe_es_backgroundtask.c.o
cd /home/hj/Documents/COSMIC_FSW/build/i686-linux-gnu/default_cpu1/es && /usr/bin/gcc -D_CFE_CORE_ -D_LINUX_OS_ -D_POSIX_OS_ -D_XOPEN_SOURCE=600 -I/home/hj/Documents/COSMIC_FSW/build/inc -I/home/hj/Documents/COSMIC_FSW/build/i686-linux-gnu/default_cpu1/inc -I/home/hj/Documents/COSMIC_FSW/cfe/modules/es/fsw/inc -I/home/hj/Documents/COSMIC_FSW/cfe/modules/core_private/fsw/inc -I/home/hj/Documents/COSMIC_FSW/cfe/cmake/target/inc -I/home/hj/Documents/COSMIC_FSW/cfe/modules/core_api/fsw/inc -I/home/hj/Documents/COSMIC_FSW/cfe/modules/evs/fsw/inc -I/home/hj/Documents/COSMIC_FSW/cfe/modules/fs/fsw/inc -I/home/hj/Documents/COSMIC_FSW/cfe/modules/sb/fsw/inc -I/home/hj/Documents/COSMIC_FSW/cfe/modules/tbl/fsw/inc -I/home/hj/Documents/COSMIC_FSW/cfe/modules/time/fsw/inc -I/home/hj/Documents/COSMIC_FSW/osal/src/os/inc -I/home/hj/Documents/COSMIC_FSW/build/i686-linux-gnu/default_cpu1/osal/inc -I/home/hj/Documents/COSMIC_FSW/psp/fsw/inc -I/home/hj/Documents/COSMIC_FSW/psp/fsw/modules/iodriver/inc -I/home/hj/Documents/COSMIC_FSW/cfe/modules/msg/fsw/inc -I/home/hj/Documents/COSMIC_FSW/cfe/modules/resourceid/fsw/inc -I/home/hj/Documents/COSMIC_FSW/cfe/modules/config/fsw/inc -I/home/hj/Documents/COSMIC_FSW/cfe/modules/srl/fsw/inc -I/home/hj/Documents/COSMIC_FSW/cfe/modules/rf/fsw/inc -g -std=c99 -pedantic -Wall -Wstrict-prototypes -Wwrite-strings -Wpointer-arith -Werror -Wno-format-truncation -Wno-stringop-truncation -MD -MT es/CMakeFiles/es.dir/fsw/src/cfe_es_backgroundtask.c.o -MF CMakeFiles/es.dir/fsw/src/cfe_es_backgroundtask.c.o.d -o CMakeFiles/es.dir/fsw/src/cfe_es_backgroundtask.c.o -c /home/hj/Documents/COSMIC_FSW/cfe/modules/es/fsw/src/cfe_es_backgroundtask.c
[ 38%] Building C object es/CMakeFiles/es.dir/fsw/src/cfe_es_cds.c.o
cd /home/hj/Documents/COSMIC_FSW/build/i686-linux-gnu/default_cpu1/es && /usr/bin/gcc -D_CFE_CORE_ -D_LINUX_OS_ -D_POSIX_OS_ -D_XOPEN_SOURCE=600 -I/home/hj/Documents/COSMIC_FSW/build/inc -I/home/hj/Documents/COSMIC_FSW/build/i686-linux-gnu/default_cpu1/inc -I/home/hj/Documents/COSMIC_FSW/cfe/modules/es/fsw/inc -I/home/hj/Documents/COSMIC_FSW/cfe/modules/core_private/fsw/inc -I/home/hj/Documents/COSMIC_FSW/cfe/cmake/target/inc -I/home/hj/Documents/COSMIC_FSW/cfe/modules/core_api/fsw/inc -I/home/hj/Documents/COSMIC_FSW/cfe/modules/evs/fsw/inc -I/home/hj/Documents/COSMIC_FSW/cfe/modules/fs/fsw/inc -I/home/hj/Documents/COSMIC_FSW/cfe/modules/sb/fsw/inc -I/home/hj/Documents/COSMIC_FSW/cfe/modules/tbl/fsw/inc -I/home/hj/Documents/COSMIC_FSW/cfe/modules/time/fsw/inc -I/home/hj/Documents/COSMIC_FSW/osal/src/os/inc -I/home/hj/Documents/COSMIC_FSW/build/i686-linux-gnu/default_cpu1/osal/inc -I/home/hj/Documents/COSMIC_FSW/psp/fsw/inc -I/home/hj/Documents/COSMIC_FSW/psp/fsw/modules/iodriver/inc -I/home/hj/Documents/COSMIC_FSW/cfe/modules/msg/fsw/inc -I/home/hj/Documents/COSMIC_FSW/cfe/modules/resourceid/fsw/inc -I/home/hj/Documents/COSMIC_FSW/cfe/modules/config/fsw/inc -I/home/hj/Documents/COSMIC_FSW/cfe/modules/srl/fsw/inc -I/home/hj/Documents/COSMIC_FSW/cfe/modules/rf/fsw/inc -g -std=c99 -pedantic -Wall -Wstrict-prototypes -Wwrite-strings -Wpointer-arith -Werror -Wno-format-truncation -Wno-stringop-truncation -MD -MT es/CMakeFiles/es.dir/fsw/src/cfe_es_cds.c.o -MF CMakeFiles/es.dir/fsw/src/cfe_es_cds.c.o.d -o CMakeFiles/es.dir/fsw/src/cfe_es_cds.c.o -c /home/hj/Documents/COSMIC_FSW/cfe/modules/es/fsw/src/cfe_es_cds.c
[ 40%] Building C object es/CMakeFiles/es.dir/fsw/src/cfe_es_cds_mempool.c.o
cd /home/hj/Documents/COSMIC_FSW/build/i686-linux-gnu/default_cpu1/es && /usr/bin/gcc -D_CFE_CORE_ -D_LINUX_OS_ -D_POSIX_OS_ -D_XOPEN_SOURCE=600 -I/home/hj/Documents/COSMIC_FSW/build/inc -I/home/hj/Documents/COSMIC_FSW/build/i686-linux-gnu/default_cpu1/inc -I/home/hj/Documents/COSMIC_FSW/cfe/modules/es/fsw/inc -I/home/hj/Documents/COSMIC_FSW/cfe/modules/core_private/fsw/inc -I/home/hj/Documents/COSMIC_FSW/cfe/cmake/target/inc -I/home/hj/Documents/COSMIC_FSW/cfe/modules/core_api/fsw/inc -I/home/hj/Documents/COSMIC_FSW/cfe/modules/evs/fsw/inc -I/home/hj/Documents/COSMIC_FSW/cfe/modules/fs/fsw/inc -I/home/hj/Documents/COSMIC_FSW/cfe/modules/sb/fsw/inc -I/home/hj/Documents/COSMIC_FSW/cfe/modules/tbl/fsw/inc -I/home/hj/Documents/COSMIC_FSW/cfe/modules/time/fsw/inc -I/home/hj/Documents/COSMIC_FSW/osal/src/os/inc -I/home/hj/Documents/COSMIC_FSW/build/i686-linux-gnu/default_cpu1/osal/inc -I/home/hj/Documents/COSMIC_FSW/psp/fsw/inc -I/home/hj/Documents/COSMIC_FSW/psp/fsw/modules/iodriver/inc -I/home/hj/Documents/COSMIC_FSW/cfe/modules/msg/fsw/inc -I/home/hj/Documents/COSMIC_FSW/cfe/modules/resourceid/fsw/inc -I/home/hj/Documents/COSMIC_FSW/cfe/modules/config/fsw/inc -I/home/hj/Documents/COSMIC_FSW/cfe/modules/srl/fsw/inc -I/home/hj/Documents/COSMIC_FSW/cfe/modules/rf/fsw/inc -g -std=c99 -pedantic -Wall -Wstrict-prototypes -Wwrite-strings -Wpointer-arith -Werror -Wno-format-truncation -Wno-stringop-truncation -MD -MT es/CMakeFiles/es.dir/fsw/src/cfe_es_cds_mempool.c.o -MF CMakeFiles/es.dir/fsw/src/cfe_es_cds_mempool.c.o.d -o CMakeFiles/es.dir/fsw/src/cfe_es_cds_mempool.c.o -c /home/hj/Documents/COSMIC_FSW/cfe/modules/es/fsw/src/cfe_es_cds_mempool.c
[ 40%] Building C object es/CMakeFiles/es.dir/fsw/src/cfe_es_crc.c.o
cd /home/hj/Documents/COSMIC_FSW/build/i686-linux-gnu/default_cpu1/es && /usr/bin/gcc -D_CFE_CORE_ -D_LINUX_OS_ -D_POSIX_OS_ -D_XOPEN_SOURCE=600 -I/home/hj/Documents/COSMIC_FSW/build/inc -I/home/hj/Documents/COSMIC_FSW/build/i686-linux-gnu/default_cpu1/inc -I/home/hj/Documents/COSMIC_FSW/cfe/modules/es/fsw/inc -I/home/hj/Documents/COSMIC_FSW/cfe/modules/core_private/fsw/inc -I/home/hj/Documents/COSMIC_FSW/cfe/cmake/target/inc -I/home/hj/Documents/COSMIC_FSW/cfe/modules/core_api/fsw/inc -I/home/hj/Documents/COSMIC_FSW/cfe/modules/evs/fsw/inc -I/home/hj/Documents/COSMIC_FSW/cfe/modules/fs/fsw/inc -I/home/hj/Documents/COSMIC_FSW/cfe/modules/sb/fsw/inc -I/home/hj/Documents/COSMIC_FSW/cfe/modules/tbl/fsw/inc -I/home/hj/Documents/COSMIC_FSW/cfe/modules/time/fsw/inc -I/home/hj/Documents/COSMIC_FSW/osal/src/os/inc -I/home/hj/Documents/COSMIC_FSW/build/i686-linux-gnu/default_cpu1/osal/inc -I/home/hj/Documents/COSMIC_FSW/psp/fsw/inc -I/home/hj/Documents/COSMIC_FSW/psp/fsw/modules/iodriver/inc -I/home/hj/Documents/COSMIC_FSW/cfe/modules/msg/fsw/inc -I/home/hj/Documents/COSMIC_FSW/cfe/modules/resourceid/fsw/inc -I/home/hj/Documents/COSMIC_FSW/cfe/modules/config/fsw/inc -I/home/hj/Documents/COSMIC_FSW/cfe/modules/srl/fsw/inc -I/home/hj/Documents/COSMIC_FSW/cfe/modules/rf/fsw/inc -g -std=c99 -pedantic -Wall -Wstrict-prototypes -Wwrite-strings -Wpointer-arith -Werror -Wno-format-truncation -Wno-stringop-truncation -MD -MT es/CMakeFiles/es.dir/fsw/src/cfe_es_crc.c.o -MF CMakeFiles/es.dir/fsw/src/cfe_es_crc.c.o.d -o CMakeFiles/es.dir/fsw/src/cfe_es_crc.c.o -c /home/hj/Documents/COSMIC_FSW/cfe/modules/es/fsw/src/cfe_es_crc.c
[ 40%] Building C object es/CMakeFiles/es.dir/fsw/src/cfe_es_dispatch.c.o
cd /home/hj/Documents/COSMIC_FSW/build/i686-linux-gnu/default_cpu1/es && /usr/bin/gcc -D_CFE_CORE_ -D_LINUX_OS_ -D_POSIX_OS_ -D_XOPEN_SOURCE=600 -I/home/hj/Documents/COSMIC_FSW/build/inc -I/home/hj/Documents/COSMIC_FSW/build/i686-linux-gnu/default_cpu1/inc -I/home/hj/Documents/COSMIC_FSW/cfe/modules/es/fsw/inc -I/home/hj/Documents/COSMIC_FSW/cfe/modules/core_private/fsw/inc -I/home/hj/Documents/COSMIC_FSW/cfe/cmake/target/inc -I/home/hj/Documents/COSMIC_FSW/cfe/modules/core_api/fsw/inc -I/home/hj/Documents/COSMIC_FSW/cfe/modules/evs/fsw/inc -I/home/hj/Documents/COSMIC_FSW/cfe/modules/fs/fsw/inc -I/home/hj/Documents/COSMIC_FSW/cfe/modules/sb/fsw/inc -I/home/hj/Documents/COSMIC_FSW/cfe/modules/tbl/fsw/inc -I/home/hj/Documents/COSMIC_FSW/cfe/modules/time/fsw/inc -I/home/hj/Documents/COSMIC_FSW/osal/src/os/inc -I/home/hj/Documents/COSMIC_FSW/build/i686-linux-gnu/default_cpu1/osal/inc -I/home/hj/Documents/COSMIC_FSW/psp/fsw/inc -I/home/hj/Documents/COSMIC_FSW/psp/fsw/modules/iodriver/inc -I/home/hj/Documents/COSMIC_FSW/cfe/modules/msg/fsw/inc -I/home/hj/Documents/COSMIC_FSW/cfe/modules/resourceid/fsw/inc -I/home/hj/Documents/COSMIC_FSW/cfe/modules/config/fsw/inc -I/home/hj/Documents/COSMIC_FSW/cfe/modules/srl/fsw/inc -I/home/hj/Documents/COSMIC_FSW/cfe/modules/rf/fsw/inc -g -std=c99 -pedantic -Wall -Wstrict-prototypes -Wwrite-strings -Wpointer-arith -Werror -Wno-format-truncation -Wno-stringop-truncation -MD -MT es/CMakeFiles/es.dir/fsw/src/cfe_es_dispatch.c.o -MF CMakeFiles/es.dir/fsw/src/cfe_es_dispatch.c.o.d -o CMakeFiles/es.dir/fsw/src/cfe_es_dispatch.c.o -c /home/hj/Documents/COSMIC_FSW/cfe/modules/es/fsw/src/cfe_es_dispatch.c
[ 40%] Building C object es/CMakeFiles/es.dir/fsw/src/cfe_es_erlog.c.o
cd /home/hj/Documents/COSMIC_FSW/build/i686-linux-gnu/default_cpu1/es && /usr/bin/gcc -D_CFE_CORE_ -D_LINUX_OS_ -D_POSIX_OS_ -D_XOPEN_SOURCE=600 -I/home/hj/Documents/COSMIC_FSW/build/inc -I/home/hj/Documents/COSMIC_FSW/build/i686-linux-gnu/default_cpu1/inc -I/home/hj/Documents/COSMIC_FSW/cfe/modules/es/fsw/inc -I/home/hj/Documents/COSMIC_FSW/cfe/modules/core_private/fsw/inc -I/home/hj/Documents/COSMIC_FSW/cfe/cmake/target/inc -I/home/hj/Documents/COSMIC_FSW/cfe/modules/core_api/fsw/inc -I/home/hj/Documents/COSMIC_FSW/cfe/modules/evs/fsw/inc -I/home/hj/Documents/COSMIC_FSW/cfe/modules/fs/fsw/inc -I/home/hj/Documents/COSMIC_FSW/cfe/modules/sb/fsw/inc -I/home/hj/Documents/COSMIC_FSW/cfe/modules/tbl/fsw/inc -I/home/hj/Documents/COSMIC_FSW/cfe/modules/time/fsw/inc -I/home/hj/Documents/COSMIC_FSW/osal/src/os/inc -I/home/hj/Documents/COSMIC_FSW/build/i686-linux-gnu/default_cpu1/osal/inc -I/home/hj/Documents/COSMIC_FSW/psp/fsw/inc -I/home/hj/Documents/COSMIC_FSW/psp/fsw/modules/iodriver/inc -I/home/hj/Documents/COSMIC_FSW/cfe/modules/msg/fsw/inc -I/home/hj/Documents/COSMIC_FSW/cfe/modules/resourceid/fsw/inc -I/home/hj/Documents/COSMIC_FSW/cfe/modules/config/fsw/inc -I/home/hj/Documents/COSMIC_FSW/cfe/modules/srl/fsw/inc -I/home/hj/Documents/COSMIC_FSW/cfe/modules/rf/fsw/inc -g -std=c99 -pedantic -Wall -Wstrict-prototypes -Wwrite-strings -Wpointer-arith -Werror -Wno-format-truncation -Wno-stringop-truncation -MD -MT es/CMakeFiles/es.dir/fsw/src/cfe_es_erlog.c.o -MF CMakeFiles/es.dir/fsw/src/cfe_es_erlog.c.o.d -o CMakeFiles/es.dir/fsw/src/cfe_es_erlog.c.o -c /home/hj/Documents/COSMIC_FSW/cfe/modules/es/fsw/src/cfe_es_erlog.c
[ 41%] Building C object es/CMakeFiles/es.dir/fsw/src/cfe_es_generic_pool.c.o
cd /home/hj/Documents/COSMIC_FSW/build/i686-linux-gnu/default_cpu1/es && /usr/bin/gcc -D_CFE_CORE_ -D_LINUX_OS_ -D_POSIX_OS_ -D_XOPEN_SOURCE=600 -I/home/hj/Documents/COSMIC_FSW/build/inc -I/home/hj/Documents/COSMIC_FSW/build/i686-linux-gnu/default_cpu1/inc -I/home/hj/Documents/COSMIC_FSW/cfe/modules/es/fsw/inc -I/home/hj/Documents/COSMIC_FSW/cfe/modules/core_private/fsw/inc -I/home/hj/Documents/COSMIC_FSW/cfe/cmake/target/inc -I/home/hj/Documents/COSMIC_FSW/cfe/modules/core_api/fsw/inc -I/home/hj/Documents/COSMIC_FSW/cfe/modules/evs/fsw/inc -I/home/hj/Documents/COSMIC_FSW/cfe/modules/fs/fsw/inc -I/home/hj/Documents/COSMIC_FSW/cfe/modules/sb/fsw/inc -I/home/hj/Documents/COSMIC_FSW/cfe/modules/tbl/fsw/inc -I/home/hj/Documents/COSMIC_FSW/cfe/modules/time/fsw/inc -I/home/hj/Documents/COSMIC_FSW/osal/src/os/inc -I/home/hj/Documents/COSMIC_FSW/build/i686-linux-gnu/default_cpu1/osal/inc -I/home/hj/Documents/COSMIC_FSW/psp/fsw/inc -I/home/hj/Documents/COSMIC_FSW/psp/fsw/modules/iodriver/inc -I/home/hj/Documents/COSMIC_FSW/cfe/modules/msg/fsw/inc -I/home/hj/Documents/COSMIC_FSW/cfe/modules/resourceid/fsw/inc -I/home/hj/Documents/COSMIC_FSW/cfe/modules/config/fsw/inc -I/home/hj/Documents/COSMIC_FSW/cfe/modules/srl/fsw/inc -I/home/hj/Documents/COSMIC_FSW/cfe/modules/rf/fsw/inc -g -std=c99 -pedantic -Wall -Wstrict-prototypes -Wwrite-strings -Wpointer-arith -Werror -Wno-format-truncation -Wno-stringop-truncation -MD -MT es/CMakeFiles/es.dir/fsw/src/cfe_es_generic_pool.c.o -MF CMakeFiles/es.dir/fsw/src/cfe_es_generic_pool.c.o.d -o CMakeFiles/es.dir/fsw/src/cfe_es_generic_pool.c.o -c /home/hj/Documents/COSMIC_FSW/cfe/modules/es/fsw/src/cfe_es_generic_pool.c
[ 41%] Building C object es/CMakeFiles/es.dir/fsw/src/cfe_es_mempool.c.o
cd /home/hj/Documents/COSMIC_FSW/build/i686-linux-gnu/default_cpu1/es && /usr/bin/gcc -D_CFE_CORE_ -D_LINUX_OS_ -D_POSIX_OS_ -D_XOPEN_SOURCE=600 -I/home/hj/Documents/COSMIC_FSW/build/inc -I/home/hj/Documents/COSMIC_FSW/build/i686-linux-gnu/default_cpu1/inc -I/home/hj/Documents/COSMIC_FSW/cfe/modules/es/fsw/inc -I/home/hj/Documents/COSMIC_FSW/cfe/modules/core_private/fsw/inc -I/home/hj/Documents/COSMIC_FSW/cfe/cmake/target/inc -I/home/hj/Documents/COSMIC_FSW/cfe/modules/core_api/fsw/inc -I/home/hj/Documents/COSMIC_FSW/cfe/modules/evs/fsw/inc -I/home/hj/Documents/COSMIC_FSW/cfe/modules/fs/fsw/inc -I/home/hj/Documents/COSMIC_FSW/cfe/modules/sb/fsw/inc -I/home/hj/Documents/COSMIC_FSW/cfe/modules/tbl/fsw/inc -I/home/hj/Documents/COSMIC_FSW/cfe/modules/time/fsw/inc -I/home/hj/Documents/COSMIC_FSW/osal/src/os/inc -I/home/hj/Documents/COSMIC_FSW/build/i686-linux-gnu/default_cpu1/osal/inc -I/home/hj/Documents/COSMIC_FSW/psp/fsw/inc -I/home/hj/Documents/COSMIC_FSW/psp/fsw/modules/iodriver/inc -I/home/hj/Documents/COSMIC_FSW/cfe/modules/msg/fsw/inc -I/home/hj/Documents/COSMIC_FSW/cfe/modules/resourceid/fsw/inc -I/home/hj/Documents/COSMIC_FSW/cfe/modules/config/fsw/inc -I/home/hj/Documents/COSMIC_FSW/cfe/modules/srl/fsw/inc -I/home/hj/Documents/COSMIC_FSW/cfe/modules/rf/fsw/inc -g -std=c99 -pedantic -Wall -Wstrict-prototypes -Wwrite-strings -Wpointer-arith -Werror -Wno-format-truncation -Wno-stringop-truncation -MD -MT es/CMakeFiles/es.dir/fsw/src/cfe_es_mempool.c.o -MF CMakeFiles/es.dir/fsw/src/cfe_es_mempool.c.o.d -o CMakeFiles/es.dir/fsw/src/cfe_es_mempool.c.o -c /home/hj/Documents/COSMIC_FSW/cfe/modules/es/fsw/src/cfe_es_mempool.c
[ 41%] Building C object es/CMakeFiles/es.dir/fsw/src/cfe_es_objtab.c.o
cd /home/hj/Documents/COSMIC_FSW/build/i686-linux-gnu/default_cpu1/es && /usr/bin/gcc -D_CFE_CORE_ -D_LINUX_OS_ -D_POSIX_OS_ -D_XOPEN_SOURCE=600 -I/home/hj/Documents/COSMIC_FSW/build/inc -I/home/hj/Documents/COSMIC_FSW/build/i686-linux-gnu/default_cpu1/inc -I/home/hj/Documents/COSMIC_FSW/cfe/modules/es/fsw/inc -I/home/hj/Documents/COSMIC_FSW/cfe/modules/core_private/fsw/inc -I/home/hj/Documents/COSMIC_FSW/cfe/cmake/target/inc -I/home/hj/Documents/COSMIC_FSW/cfe/modules/core_api/fsw/inc -I/home/hj/Documents/COSMIC_FSW/cfe/modules/evs/fsw/inc -I/home/hj/Documents/COSMIC_FSW/cfe/modules/fs/fsw/inc -I/home/hj/Documents/COSMIC_FSW/cfe/modules/sb/fsw/inc -I/home/hj/Documents/COSMIC_FSW/cfe/modules/tbl/fsw/inc -I/home/hj/Documents/COSMIC_FSW/cfe/modules/time/fsw/inc -I/home/hj/Documents/COSMIC_FSW/osal/src/os/inc -I/home/hj/Documents/COSMIC_FSW/build/i686-linux-gnu/default_cpu1/osal/inc -I/home/hj/Documents/COSMIC_FSW/psp/fsw/inc -I/home/hj/Documents/COSMIC_FSW/psp/fsw/modules/iodriver/inc -I/home/hj/Documents/COSMIC_FSW/cfe/modules/msg/fsw/inc -I/home/hj/Documents/COSMIC_FSW/cfe/modules/resourceid/fsw/inc -I/home/hj/Documents/COSMIC_FSW/cfe/modules/config/fsw/inc -I/home/hj/Documents/COSMIC_FSW/cfe/modules/srl/fsw/inc -I/home/hj/Documents/COSMIC_FSW/cfe/modules/rf/fsw/inc -g -std=c99 -pedantic -Wall -Wstrict-prototypes -Wwrite-strings -Wpointer-arith -Werror -Wno-format-truncation -Wno-stringop-truncation -MD -MT es/CMakeFiles/es.dir/fsw/src/cfe_es_objtab.c.o -MF CMakeFiles/es.dir/fsw/src/cfe_es_objtab.c.o.d -o CMakeFiles/es.dir/fsw/src/cfe_es_objtab.c.o -c /home/hj/Documents/COSMIC_FSW/cfe/modules/es/fsw/src/cfe_es_objtab.c
[ 41%] Building C object es/CMakeFiles/es.dir/fsw/src/cfe_es_perf.c.o
cd /home/hj/Documents/COSMIC_FSW/build/i686-linux-gnu/default_cpu1/es && /usr/bin/gcc -D_CFE_CORE_ -D_LINUX_OS_ -D_POSIX_OS_ -D_XOPEN_SOURCE=600 -I/home/hj/Documents/COSMIC_FSW/build/inc -I/home/hj/Documents/COSMIC_FSW/build/i686-linux-gnu/default_cpu1/inc -I/home/hj/Documents/COSMIC_FSW/cfe/modules/es/fsw/inc -I/home/hj/Documents/COSMIC_FSW/cfe/modules/core_private/fsw/inc -I/home/hj/Documents/COSMIC_FSW/cfe/cmake/target/inc -I/home/hj/Documents/COSMIC_FSW/cfe/modules/core_api/fsw/inc -I/home/hj/Documents/COSMIC_FSW/cfe/modules/evs/fsw/inc -I/home/hj/Documents/COSMIC_FSW/cfe/modules/fs/fsw/inc -I/home/hj/Documents/COSMIC_FSW/cfe/modules/sb/fsw/inc -I/home/hj/Documents/COSMIC_FSW/cfe/modules/tbl/fsw/inc -I/home/hj/Documents/COSMIC_FSW/cfe/modules/time/fsw/inc -I/home/hj/Documents/COSMIC_FSW/osal/src/os/inc -I/home/hj/Documents/COSMIC_FSW/build/i686-linux-gnu/default_cpu1/osal/inc -I/home/hj/Documents/COSMIC_FSW/psp/fsw/inc -I/home/hj/Documents/COSMIC_FSW/psp/fsw/modules/iodriver/inc -I/home/hj/Documents/COSMIC_FSW/cfe/modules/msg/fsw/inc -I/home/hj/Documents/COSMIC_FSW/cfe/modules/resourceid/fsw/inc -I/home/hj/Documents/COSMIC_FSW/cfe/modules/config/fsw/inc -I/home/hj/Documents/COSMIC_FSW/cfe/modules/srl/fsw/inc -I/home/hj/Documents/COSMIC_FSW/cfe/modules/rf/fsw/inc -g -std=c99 -pedantic -Wall -Wstrict-prototypes -Wwrite-strings -Wpointer-arith -Werror -Wno-format-truncation -Wno-stringop-truncation -MD -MT es/CMakeFiles/es.dir/fsw/src/cfe_es_perf.c.o -MF CMakeFiles/es.dir/fsw/src/cfe_es_perf.c.o.d -o CMakeFiles/es.dir/fsw/src/cfe_es_perf.c.o -c /home/hj/Documents/COSMIC_FSW/cfe/modules/es/fsw/src/cfe_es_perf.c
[ 41%] Building C object es/CMakeFiles/es.dir/fsw/src/cfe_es_resource.c.o
cd /home/hj/Documents/COSMIC_FSW/build/i686-linux-gnu/default_cpu1/es && /usr/bin/gcc -D_CFE_CORE_ -D_LINUX_OS_ -D_POSIX_OS_ -D_XOPEN_SOURCE=600 -I/home/hj/Documents/COSMIC_FSW/build/inc -I/home/hj/Documents/COSMIC_FSW/build/i686-linux-gnu/default_cpu1/inc -I/home/hj/Documents/COSMIC_FSW/cfe/modules/es/fsw/inc -I/home/hj/Documents/COSMIC_FSW/cfe/modules/core_private/fsw/inc -I/home/hj/Documents/COSMIC_FSW/cfe/cmake/target/inc -I/home/hj/Documents/COSMIC_FSW/cfe/modules/core_api/fsw/inc -I/home/hj/Documents/COSMIC_FSW/cfe/modules/evs/fsw/inc -I/home/hj/Documents/COSMIC_FSW/cfe/modules/fs/fsw/inc -I/home/hj/Documents/COSMIC_FSW/cfe/modules/sb/fsw/inc -I/home/hj/Documents/COSMIC_FSW/cfe/modules/tbl/fsw/inc -I/home/hj/Documents/COSMIC_FSW/cfe/modules/time/fsw/inc -I/home/hj/Documents/COSMIC_FSW/osal/src/os/inc -I/home/hj/Documents/COSMIC_FSW/build/i686-linux-gnu/default_cpu1/osal/inc -I/home/hj/Documents/COSMIC_FSW/psp/fsw/inc -I/home/hj/Documents/COSMIC_FSW/psp/fsw/modules/iodriver/inc -I/home/hj/Documents/COSMIC_FSW/cfe/modules/msg/fsw/inc -I/home/hj/Documents/COSMIC_FSW/cfe/modules/resourceid/fsw/inc -I/home/hj/Documents/COSMIC_FSW/cfe/modules/config/fsw/inc -I/home/hj/Documents/COSMIC_FSW/cfe/modules/srl/fsw/inc -I/home/hj/Documents/COSMIC_FSW/cfe/modules/rf/fsw/inc -g -std=c99 -pedantic -Wall -Wstrict-prototypes -Wwrite-strings -Wpointer-arith -Werror -Wno-format-truncation -Wno-stringop-truncation -MD -MT es/CMakeFiles/es.dir/fsw/src/cfe_es_resource.c.o -MF CMakeFiles/es.dir/fsw/src/cfe_es_resource.c.o.d -o CMakeFiles/es.dir/fsw/src/cfe_es_resource.c.o -c /home/hj/Documents/COSMIC_FSW/cfe/modules/es/fsw/src/cfe_es_resource.c
[ 43%] Building C object es/CMakeFiles/es.dir/fsw/src/cfe_es_start.c.o
cd /home/hj/Documents/COSMIC_FSW/build/i686-linux-gnu/default_cpu1/es && /usr/bin/gcc -D_CFE_CORE_ -D_LINUX_OS_ -D_POSIX_OS_ -D_XOPEN_SOURCE=600 -I/home/hj/Documents/COSMIC_FSW/build/inc -I/home/hj/Documents/COSMIC_FSW/build/i686-linux-gnu/default_cpu1/inc -I/home/hj/Documents/COSMIC_FSW/cfe/modules/es/fsw/inc -I/home/hj/Documents/COSMIC_FSW/cfe/modules/core_private/fsw/inc -I/home/hj/Documents/COSMIC_FSW/cfe/cmake/target/inc -I/home/hj/Documents/COSMIC_FSW/cfe/modules/core_api/fsw/inc -I/home/hj/Documents/COSMIC_FSW/cfe/modules/evs/fsw/inc -I/home/hj/Documents/COSMIC_FSW/cfe/modules/fs/fsw/inc -I/home/hj/Documents/COSMIC_FSW/cfe/modules/sb/fsw/inc -I/home/hj/Documents/COSMIC_FSW/cfe/modules/tbl/fsw/inc -I/home/hj/Documents/COSMIC_FSW/cfe/modules/time/fsw/inc -I/home/hj/Documents/COSMIC_FSW/osal/src/os/inc -I/home/hj/Documents/COSMIC_FSW/build/i686-linux-gnu/default_cpu1/osal/inc -I/home/hj/Documents/COSMIC_FSW/psp/fsw/inc -I/home/hj/Documents/COSMIC_FSW/psp/fsw/modules/iodriver/inc -I/home/hj/Documents/COSMIC_FSW/cfe/modules/msg/fsw/inc -I/home/hj/Documents/COSMIC_FSW/cfe/modules/resourceid/fsw/inc -I/home/hj/Documents/COSMIC_FSW/cfe/modules/config/fsw/inc -I/home/hj/Documents/COSMIC_FSW/cfe/modules/srl/fsw/inc -I/home/hj/Documents/COSMIC_FSW/cfe/modules/rf/fsw/inc -g -std=c99 -pedantic -Wall -Wstrict-prototypes -Wwrite-strings -Wpointer-arith -Werror -Wno-format-truncation -Wno-stringop-truncation -MD -MT es/CMakeFiles/es.dir/fsw/src/cfe_es_start.c.o -MF CMakeFiles/es.dir/fsw/src/cfe_es_start.c.o.d -o CMakeFiles/es.dir/fsw/src/cfe_es_start.c.o -c /home/hj/Documents/COSMIC_FSW/cfe/modules/es/fsw/src/cfe_es_start.c
[ 43%] Building C object es/CMakeFiles/es.dir/fsw/src/cfe_es_syslog.c.o
cd /home/hj/Documents/COSMIC_FSW/build/i686-linux-gnu/default_cpu1/es && /usr/bin/gcc -D_CFE_CORE_ -D_LINUX_OS_ -D_POSIX_OS_ -D_XOPEN_SOURCE=600 -I/home/hj/Documents/COSMIC_FSW/build/inc -I/home/hj/Documents/COSMIC_FSW/build/i686-linux-gnu/default_cpu1/inc -I/home/hj/Documents/COSMIC_FSW/cfe/modules/es/fsw/inc -I/home/hj/Documents/COSMIC_FSW/cfe/modules/core_private/fsw/inc -I/home/hj/Documents/COSMIC_FSW/cfe/cmake/target/inc -I/home/hj/Documents/COSMIC_FSW/cfe/modules/core_api/fsw/inc -I/home/hj/Documents/COSMIC_FSW/cfe/modules/evs/fsw/inc -I/home/hj/Documents/COSMIC_FSW/cfe/modules/fs/fsw/inc -I/home/hj/Documents/COSMIC_FSW/cfe/modules/sb/fsw/inc -I/home/hj/Documents/COSMIC_FSW/cfe/modules/tbl/fsw/inc -I/home/hj/Documents/COSMIC_FSW/cfe/modules/time/fsw/inc -I/home/hj/Documents/COSMIC_FSW/osal/src/os/inc -I/home/hj/Documents/COSMIC_FSW/build/i686-linux-gnu/default_cpu1/osal/inc -I/home/hj/Documents/COSMIC_FSW/psp/fsw/inc -I/home/hj/Documents/COSMIC_FSW/psp/fsw/modules/iodriver/inc -I/home/hj/Documents/COSMIC_FSW/cfe/modules/msg/fsw/inc -I/home/hj/Documents/COSMIC_FSW/cfe/modules/resourceid/fsw/inc -I/home/hj/Documents/COSMIC_FSW/cfe/modules/config/fsw/inc -I/home/hj/Documents/COSMIC_FSW/cfe/modules/srl/fsw/inc -I/home/hj/Documents/COSMIC_FSW/cfe/modules/rf/fsw/inc -g -std=c99 -pedantic -Wall -Wstrict-prototypes -Wwrite-strings -Wpointer-arith -Werror -Wno-format-truncation -Wno-stringop-truncation -MD -MT es/CMakeFiles/es.dir/fsw/src/cfe_es_syslog.c.o -MF CMakeFiles/es.dir/fsw/src/cfe_es_syslog.c.o.d -o CMakeFiles/es.dir/fsw/src/cfe_es_syslog.c.o -c /home/hj/Documents/COSMIC_FSW/cfe/modules/es/fsw/src/cfe_es_syslog.c
[ 43%] Building C object es/CMakeFiles/es.dir/fsw/src/cfe_es_task.c.o
cd /home/hj/Documents/COSMIC_FSW/build/i686-linux-gnu/default_cpu1/es && /usr/bin/gcc -D_CFE_CORE_ -D_LINUX_OS_ -D_POSIX_OS_ -D_XOPEN_SOURCE=600 -I/home/hj/Documents/COSMIC_FSW/build/inc -I/home/hj/Documents/COSMIC_FSW/build/i686-linux-gnu/default_cpu1/inc -I/home/hj/Documents/COSMIC_FSW/cfe/modules/es/fsw/inc -I/home/hj/Documents/COSMIC_FSW/cfe/modules/core_private/fsw/inc -I/home/hj/Documents/COSMIC_FSW/cfe/cmake/target/inc -I/home/hj/Documents/COSMIC_FSW/cfe/modules/core_api/fsw/inc -I/home/hj/Documents/COSMIC_FSW/cfe/modules/evs/fsw/inc -I/home/hj/Documents/COSMIC_FSW/cfe/modules/fs/fsw/inc -I/home/hj/Documents/COSMIC_FSW/cfe/modules/sb/fsw/inc -I/home/hj/Documents/COSMIC_FSW/cfe/modules/tbl/fsw/inc -I/home/hj/Documents/COSMIC_FSW/cfe/modules/time/fsw/inc -I/home/hj/Documents/COSMIC_FSW/osal/src/os/inc -I/home/hj/Documents/COSMIC_FSW/build/i686-linux-gnu/default_cpu1/osal/inc -I/home/hj/Documents/COSMIC_FSW/psp/fsw/inc -I/home/hj/Documents/COSMIC_FSW/psp/fsw/modules/iodriver/inc -I/home/hj/Documents/COSMIC_FSW/cfe/modules/msg/fsw/inc -I/home/hj/Documents/COSMIC_FSW/cfe/modules/resourceid/fsw/inc -I/home/hj/Documents/COSMIC_FSW/cfe/modules/config/fsw/inc -I/home/hj/Documents/COSMIC_FSW/cfe/modules/srl/fsw/inc -I/home/hj/Documents/COSMIC_FSW/cfe/modules/rf/fsw/inc -g -std=c99 -pedantic -Wall -Wstrict-prototypes -Wwrite-strings -Wpointer-arith -Werror -Wno-format-truncation -Wno-stringop-truncation -MD -MT es/CMakeFiles/es.dir/fsw/src/cfe_es_task.c.o -MF CMakeFiles/es.dir/fsw/src/cfe_es_task.c.o.d -o CMakeFiles/es.dir/fsw/src/cfe_es_task.c.o -c /home/hj/Documents/COSMIC_FSW/cfe/modules/es/fsw/src/cfe_es_task.c
[ 43%] Linking C static library libes.a
cd /home/hj/Documents/COSMIC_FSW/build/i686-linux-gnu/default_cpu1/es && /usr/bin/cmake -P CMakeFiles/es.dir/cmake_clean_target.cmake
cd /home/hj/Documents/COSMIC_FSW/build/i686-linux-gnu/default_cpu1/es && /usr/bin/cmake -E cmake_link_script CMakeFiles/es.dir/link.txt --verbose=1
/usr/bin/ar qc libes.a CMakeFiles/es.dir/fsw/src/cfe_es_api.c.o CMakeFiles/es.dir/fsw/src/cfe_es_apps.c.o CMakeFiles/es.dir/fsw/src/cfe_es_backgroundtask.c.o CMakeFiles/es.dir/fsw/src/cfe_es_cds.c.o CMakeFiles/es.dir/fsw/src/cfe_es_cds_mempool.c.o CMakeFiles/es.dir/fsw/src/cfe_es_crc.c.o CMakeFiles/es.dir/fsw/src/cfe_es_dispatch.c.o CMakeFiles/es.dir/fsw/src/cfe_es_erlog.c.o CMakeFiles/es.dir/fsw/src/cfe_es_generic_pool.c.o CMakeFiles/es.dir/fsw/src/cfe_es_mempool.c.o CMakeFiles/es.dir/fsw/src/cfe_es_objtab.c.o CMakeFiles/es.dir/fsw/src/cfe_es_perf.c.o CMakeFiles/es.dir/fsw/src/cfe_es_resource.c.o CMakeFiles/es.dir/fsw/src/cfe_es_start.c.o CMakeFiles/es.dir/fsw/src/cfe_es_syslog.c.o CMakeFiles/es.dir/fsw/src/cfe_es_task.c.o
/usr/bin/ranlib libes.a
[ 43%] Built target es
make  -f evs/CMakeFiles/evs.dir/build.make evs/CMakeFiles/evs.dir/depend
cd /home/hj/Documents/COSMIC_FSW/build/i686-linux-gnu/default_cpu1 && /usr/bin/cmake -E cmake_depends "Unix Makefiles" /home/hj/Documents/COSMIC_FSW/cfe /home/hj/Documents/COSMIC_FSW/cfe/modules/evs /home/hj/Documents/COSMIC_FSW/build/i686-linux-gnu/default_cpu1 /home/hj/Documents/COSMIC_FSW/build/i686-linux-gnu/default_cpu1/evs /home/hj/Documents/COSMIC_FSW/build/i686-linux-gnu/default_cpu1/evs/CMakeFiles/evs.dir/DependInfo.cmake --color=
Dependencies file "evs/CMakeFiles/evs.dir/fsw/src/cfe_evs.c.o.d" is newer than depends file "/home/hj/Documents/COSMIC_FSW/build/i686-linux-gnu/default_cpu1/evs/CMakeFiles/evs.dir/compiler_depend.internal".
Dependencies file "evs/CMakeFiles/evs.dir/fsw/src/cfe_evs_dispatch.c.o.d" is newer than depends file "/home/hj/Documents/COSMIC_FSW/build/i686-linux-gnu/default_cpu1/evs/CMakeFiles/evs.dir/compiler_depend.internal".
Dependencies file "evs/CMakeFiles/evs.dir/fsw/src/cfe_evs_log.c.o.d" is newer than depends file "/home/hj/Documents/COSMIC_FSW/build/i686-linux-gnu/default_cpu1/evs/CMakeFiles/evs.dir/compiler_depend.internal".
Dependencies file "evs/CMakeFiles/evs.dir/fsw/src/cfe_evs_task.c.o.d" is newer than depends file "/home/hj/Documents/COSMIC_FSW/build/i686-linux-gnu/default_cpu1/evs/CMakeFiles/evs.dir/compiler_depend.internal".
Dependencies file "evs/CMakeFiles/evs.dir/fsw/src/cfe_evs_utils.c.o.d" is newer than depends file "/home/hj/Documents/COSMIC_FSW/build/i686-linux-gnu/default_cpu1/evs/CMakeFiles/evs.dir/compiler_depend.internal".
Consolidate compiler generated dependencies of target evs
make  -f evs/CMakeFiles/evs.dir/build.make evs/CMakeFiles/evs.dir/build
[ 44%] Building C object evs/CMakeFiles/evs.dir/fsw/src/cfe_evs.c.o
cd /home/hj/Documents/COSMIC_FSW/build/i686-linux-gnu/default_cpu1/evs && /usr/bin/gcc -D_CFE_CORE_ -D_LINUX_OS_ -D_POSIX_OS_ -D_XOPEN_SOURCE=600 -I/home/hj/Documents/COSMIC_FSW/build/inc -I/home/hj/Documents/COSMIC_FSW/build/i686-linux-gnu/default_cpu1/inc -I/home/hj/Documents/COSMIC_FSW/cfe/modules/evs/fsw/inc -I/home/hj/Documents/COSMIC_FSW/cfe/modules/core_private/fsw/inc -I/home/hj/Documents/COSMIC_FSW/cfe/cmake/target/inc -I/home/hj/Documents/COSMIC_FSW/cfe/modules/core_api/fsw/inc -I/home/hj/Documents/COSMIC_FSW/cfe/modules/es/fsw/inc -I/home/hj/Documents/COSMIC_FSW/cfe/modules/fs/fsw/inc -I/home/hj/Documents/COSMIC_FSW/cfe/modules/sb/fsw/inc -I/home/hj/Documents/COSMIC_FSW/cfe/modules/tbl/fsw/inc -I/home/hj/Documents/COSMIC_FSW/cfe/modules/time/fsw/inc -I/home/hj/Documents/COSMIC_FSW/osal/src/os/inc -I/home/hj/Documents/COSMIC_FSW/build/i686-linux-gnu/default_cpu1/osal/inc -I/home/hj/Documents/COSMIC_FSW/psp/fsw/inc -I/home/hj/Documents/COSMIC_FSW/psp/fsw/modules/iodriver/inc -I/home/hj/Documents/COSMIC_FSW/cfe/modules/msg/fsw/inc -I/home/hj/Documents/COSMIC_FSW/cfe/modules/resourceid/fsw/inc -I/home/hj/Documents/COSMIC_FSW/cfe/modules/config/fsw/inc -I/home/hj/Documents/COSMIC_FSW/cfe/modules/srl/fsw/inc -I/home/hj/Documents/COSMIC_FSW/cfe/modules/rf/fsw/inc -g -std=c99 -pedantic -Wall -Wstrict-prototypes -Wwrite-strings -Wpointer-arith -Werror -Wno-format-truncation -Wno-stringop-truncation -MD -MT evs/CMakeFiles/evs.dir/fsw/src/cfe_evs.c.o -MF CMakeFiles/evs.dir/fsw/src/cfe_evs.c.o.d -o CMakeFiles/evs.dir/fsw/src/cfe_evs.c.o -c /home/hj/Documents/COSMIC_FSW/cfe/modules/evs/fsw/src/cfe_evs.c
[ 44%] Building C object evs/CMakeFiles/evs.dir/fsw/src/cfe_evs_log.c.o
cd /home/hj/Documents/COSMIC_FSW/build/i686-linux-gnu/default_cpu1/evs && /usr/bin/gcc -D_CFE_CORE_ -D_LINUX_OS_ -D_POSIX_OS_ -D_XOPEN_SOURCE=600 -I/home/hj/Documents/COSMIC_FSW/build/inc -I/home/hj/Documents/COSMIC_FSW/build/i686-linux-gnu/default_cpu1/inc -I/home/hj/Documents/COSMIC_FSW/cfe/modules/evs/fsw/inc -I/home/hj/Documents/COSMIC_FSW/cfe/modules/core_private/fsw/inc -I/home/hj/Documents/COSMIC_FSW/cfe/cmake/target/inc -I/home/hj/Documents/COSMIC_FSW/cfe/modules/core_api/fsw/inc -I/home/hj/Documents/COSMIC_FSW/cfe/modules/es/fsw/inc -I/home/hj/Documents/COSMIC_FSW/cfe/modules/fs/fsw/inc -I/home/hj/Documents/COSMIC_FSW/cfe/modules/sb/fsw/inc -I/home/hj/Documents/COSMIC_FSW/cfe/modules/tbl/fsw/inc -I/home/hj/Documents/COSMIC_FSW/cfe/modules/time/fsw/inc -I/home/hj/Documents/COSMIC_FSW/osal/src/os/inc -I/home/hj/Documents/COSMIC_FSW/build/i686-linux-gnu/default_cpu1/osal/inc -I/home/hj/Documents/COSMIC_FSW/psp/fsw/inc -I/home/hj/Documents/COSMIC_FSW/psp/fsw/modules/iodriver/inc -I/home/hj/Documents/COSMIC_FSW/cfe/modules/msg/fsw/inc -I/home/hj/Documents/COSMIC_FSW/cfe/modules/resourceid/fsw/inc -I/home/hj/Documents/COSMIC_FSW/cfe/modules/config/fsw/inc -I/home/hj/Documents/COSMIC_FSW/cfe/modules/srl/fsw/inc -I/home/hj/Documents/COSMIC_FSW/cfe/modules/rf/fsw/inc -g -std=c99 -pedantic -Wall -Wstrict-prototypes -Wwrite-strings -Wpointer-arith -Werror -Wno-format-truncation -Wno-stringop-truncation -MD -MT evs/CMakeFiles/evs.dir/fsw/src/cfe_evs_log.c.o -MF CMakeFiles/evs.dir/fsw/src/cfe_evs_log.c.o.d -o CMakeFiles/evs.dir/fsw/src/cfe_evs_log.c.o -c /home/hj/Documents/COSMIC_FSW/cfe/modules/evs/fsw/src/cfe_evs_log.c
[ 44%] Building C object evs/CMakeFiles/evs.dir/fsw/src/cfe_evs_task.c.o
cd /home/hj/Documents/COSMIC_FSW/build/i686-linux-gnu/default_cpu1/evs && /usr/bin/gcc -D_CFE_CORE_ -D_LINUX_OS_ -D_POSIX_OS_ -D_XOPEN_SOURCE=600 -I/home/hj/Documents/COSMIC_FSW/build/inc -I/home/hj/Documents/COSMIC_FSW/build/i686-linux-gnu/default_cpu1/inc -I/home/hj/Documents/COSMIC_FSW/cfe/modules/evs/fsw/inc -I/home/hj/Documents/COSMIC_FSW/cfe/modules/core_private/fsw/inc -I/home/hj/Documents/COSMIC_FSW/cfe/cmake/target/inc -I/home/hj/Documents/COSMIC_FSW/cfe/modules/core_api/fsw/inc -I/home/hj/Documents/COSMIC_FSW/cfe/modules/es/fsw/inc -I/home/hj/Documents/COSMIC_FSW/cfe/modules/fs/fsw/inc -I/home/hj/Documents/COSMIC_FSW/cfe/modules/sb/fsw/inc -I/home/hj/Documents/COSMIC_FSW/cfe/modules/tbl/fsw/inc -I/home/hj/Documents/COSMIC_FSW/cfe/modules/time/fsw/inc -I/home/hj/Documents/COSMIC_FSW/osal/src/os/inc -I/home/hj/Documents/COSMIC_FSW/build/i686-linux-gnu/default_cpu1/osal/inc -I/home/hj/Documents/COSMIC_FSW/psp/fsw/inc -I/home/hj/Documents/COSMIC_FSW/psp/fsw/modules/iodriver/inc -I/home/hj/Documents/COSMIC_FSW/cfe/modules/msg/fsw/inc -I/home/hj/Documents/COSMIC_FSW/cfe/modules/resourceid/fsw/inc -I/home/hj/Documents/COSMIC_FSW/cfe/modules/config/fsw/inc -I/home/hj/Documents/COSMIC_FSW/cfe/modules/srl/fsw/inc -I/home/hj/Documents/COSMIC_FSW/cfe/modules/rf/fsw/inc -g -std=c99 -pedantic -Wall -Wstrict-prototypes -Wwrite-strings -Wpointer-arith -Werror -Wno-format-truncation -Wno-stringop-truncation -MD -MT evs/CMakeFiles/evs.dir/fsw/src/cfe_evs_task.c.o -MF CMakeFiles/evs.dir/fsw/src/cfe_evs_task.c.o.d -o CMakeFiles/evs.dir/fsw/src/cfe_evs_task.c.o -c /home/hj/Documents/COSMIC_FSW/cfe/modules/evs/fsw/src/cfe_evs_task.c
[ 44%] Building C object evs/CMakeFiles/evs.dir/fsw/src/cfe_evs_utils.c.o
cd /home/hj/Documents/COSMIC_FSW/build/i686-linux-gnu/default_cpu1/evs && /usr/bin/gcc -D_CFE_CORE_ -D_LINUX_OS_ -D_POSIX_OS_ -D_XOPEN_SOURCE=600 -I/home/hj/Documents/COSMIC_FSW/build/inc -I/home/hj/Documents/COSMIC_FSW/build/i686-linux-gnu/default_cpu1/inc -I/home/hj/Documents/COSMIC_FSW/cfe/modules/evs/fsw/inc -I/home/hj/Documents/COSMIC_FSW/cfe/modules/core_private/fsw/inc -I/home/hj/Documents/COSMIC_FSW/cfe/cmake/target/inc -I/home/hj/Documents/COSMIC_FSW/cfe/modules/core_api/fsw/inc -I/home/hj/Documents/COSMIC_FSW/cfe/modules/es/fsw/inc -I/home/hj/Documents/COSMIC_FSW/cfe/modules/fs/fsw/inc -I/home/hj/Documents/COSMIC_FSW/cfe/modules/sb/fsw/inc -I/home/hj/Documents/COSMIC_FSW/cfe/modules/tbl/fsw/inc -I/home/hj/Documents/COSMIC_FSW/cfe/modules/time/fsw/inc -I/home/hj/Documents/COSMIC_FSW/osal/src/os/inc -I/home/hj/Documents/COSMIC_FSW/build/i686-linux-gnu/default_cpu1/osal/inc -I/home/hj/Documents/COSMIC_FSW/psp/fsw/inc -I/home/hj/Documents/COSMIC_FSW/psp/fsw/modules/iodriver/inc -I/home/hj/Documents/COSMIC_FSW/cfe/modules/msg/fsw/inc -I/home/hj/Documents/COSMIC_FSW/cfe/modules/resourceid/fsw/inc -I/home/hj/Documents/COSMIC_FSW/cfe/modules/config/fsw/inc -I/home/hj/Documents/COSMIC_FSW/cfe/modules/srl/fsw/inc -I/home/hj/Documents/COSMIC_FSW/cfe/modules/rf/fsw/inc -g -std=c99 -pedantic -Wall -Wstrict-prototypes -Wwrite-strings -Wpointer-arith -Werror -Wno-format-truncation -Wno-stringop-truncation -MD -MT evs/CMakeFiles/evs.dir/fsw/src/cfe_evs_utils.c.o -MF CMakeFiles/evs.dir/fsw/src/cfe_evs_utils.c.o.d -o CMakeFiles/evs.dir/fsw/src/cfe_evs_utils.c.o -c /home/hj/Documents/COSMIC_FSW/cfe/modules/evs/fsw/src/cfe_evs_utils.c
[ 45%] Building C object evs/CMakeFiles/evs.dir/fsw/src/cfe_evs_dispatch.c.o
cd /home/hj/Documents/COSMIC_FSW/build/i686-linux-gnu/default_cpu1/evs && /usr/bin/gcc -D_CFE_CORE_ -D_LINUX_OS_ -D_POSIX_OS_ -D_XOPEN_SOURCE=600 -I/home/hj/Documents/COSMIC_FSW/build/inc -I/home/hj/Documents/COSMIC_FSW/build/i686-linux-gnu/default_cpu1/inc -I/home/hj/Documents/COSMIC_FSW/cfe/modules/evs/fsw/inc -I/home/hj/Documents/COSMIC_FSW/cfe/modules/core_private/fsw/inc -I/home/hj/Documents/COSMIC_FSW/cfe/cmake/target/inc -I/home/hj/Documents/COSMIC_FSW/cfe/modules/core_api/fsw/inc -I/home/hj/Documents/COSMIC_FSW/cfe/modules/es/fsw/inc -I/home/hj/Documents/COSMIC_FSW/cfe/modules/fs/fsw/inc -I/home/hj/Documents/COSMIC_FSW/cfe/modules/sb/fsw/inc -I/home/hj/Documents/COSMIC_FSW/cfe/modules/tbl/fsw/inc -I/home/hj/Documents/COSMIC_FSW/cfe/modules/time/fsw/inc -I/home/hj/Documents/COSMIC_FSW/osal/src/os/inc -I/home/hj/Documents/COSMIC_FSW/build/i686-linux-gnu/default_cpu1/osal/inc -I/home/hj/Documents/COSMIC_FSW/psp/fsw/inc -I/home/hj/Documents/COSMIC_FSW/psp/fsw/modules/iodriver/inc -I/home/hj/Documents/COSMIC_FSW/cfe/modules/msg/fsw/inc -I/home/hj/Documents/COSMIC_FSW/cfe/modules/resourceid/fsw/inc -I/home/hj/Documents/COSMIC_FSW/cfe/modules/config/fsw/inc -I/home/hj/Documents/COSMIC_FSW/cfe/modules/srl/fsw/inc -I/home/hj/Documents/COSMIC_FSW/cfe/modules/rf/fsw/inc -g -std=c99 -pedantic -Wall -Wstrict-prototypes -Wwrite-strings -Wpointer-arith -Werror -Wno-format-truncation -Wno-stringop-truncation -MD -MT evs/CMakeFiles/evs.dir/fsw/src/cfe_evs_dispatch.c.o -MF CMakeFiles/evs.dir/fsw/src/cfe_evs_dispatch.c.o.d -o CMakeFiles/evs.dir/fsw/src/cfe_evs_dispatch.c.o -c /home/hj/Documents/COSMIC_FSW/cfe/modules/evs/fsw/src/cfe_evs_dispatch.c
[ 45%] Linking C static library libevs.a
cd /home/hj/Documents/COSMIC_FSW/build/i686-linux-gnu/default_cpu1/evs && /usr/bin/cmake -P CMakeFiles/evs.dir/cmake_clean_target.cmake
cd /home/hj/Documents/COSMIC_FSW/build/i686-linux-gnu/default_cpu1/evs && /usr/bin/cmake -E cmake_link_script CMakeFiles/evs.dir/link.txt --verbose=1
/usr/bin/ar qc libevs.a CMakeFiles/evs.dir/fsw/src/cfe_evs.c.o CMakeFiles/evs.dir/fsw/src/cfe_evs_log.c.o CMakeFiles/evs.dir/fsw/src/cfe_evs_task.c.o CMakeFiles/evs.dir/fsw/src/cfe_evs_utils.c.o CMakeFiles/evs.dir/fsw/src/cfe_evs_dispatch.c.o
/usr/bin/ranlib libevs.a
[ 45%] Built target evs
make  -f fs/CMakeFiles/fs.dir/build.make fs/CMakeFiles/fs.dir/depend
cd /home/hj/Documents/COSMIC_FSW/build/i686-linux-gnu/default_cpu1 && /usr/bin/cmake -E cmake_depends "Unix Makefiles" /home/hj/Documents/COSMIC_FSW/cfe /home/hj/Documents/COSMIC_FSW/cfe/modules/fs /home/hj/Documents/COSMIC_FSW/build/i686-linux-gnu/default_cpu1 /home/hj/Documents/COSMIC_FSW/build/i686-linux-gnu/default_cpu1/fs /home/hj/Documents/COSMIC_FSW/build/i686-linux-gnu/default_cpu1/fs/CMakeFiles/fs.dir/DependInfo.cmake --color=
Dependencies file "fs/CMakeFiles/fs.dir/fsw/src/cfe_fs_api.c.o.d" is newer than depends file "/home/hj/Documents/COSMIC_FSW/build/i686-linux-gnu/default_cpu1/fs/CMakeFiles/fs.dir/compiler_depend.internal".
Dependencies file "fs/CMakeFiles/fs.dir/fsw/src/cfe_fs_priv.c.o.d" is newer than depends file "/home/hj/Documents/COSMIC_FSW/build/i686-linux-gnu/default_cpu1/fs/CMakeFiles/fs.dir/compiler_depend.internal".
Consolidate compiler generated dependencies of target fs
make  -f fs/CMakeFiles/fs.dir/build.make fs/CMakeFiles/fs.dir/build
[ 45%] Building C object fs/CMakeFiles/fs.dir/fsw/src/cfe_fs_api.c.o
cd /home/hj/Documents/COSMIC_FSW/build/i686-linux-gnu/default_cpu1/fs && /usr/bin/gcc -D_CFE_CORE_ -D_LINUX_OS_ -D_POSIX_OS_ -D_XOPEN_SOURCE=600 -I/home/hj/Documents/COSMIC_FSW/build/inc -I/home/hj/Documents/COSMIC_FSW/build/i686-linux-gnu/default_cpu1/inc -I/home/hj/Documents/COSMIC_FSW/cfe/modules/fs/fsw/inc -I/home/hj/Documents/COSMIC_FSW/cfe/modules/core_private/fsw/inc -I/home/hj/Documents/COSMIC_FSW/cfe/cmake/target/inc -I/home/hj/Documents/COSMIC_FSW/cfe/modules/core_api/fsw/inc -I/home/hj/Documents/COSMIC_FSW/cfe/modules/es/fsw/inc -I/home/hj/Documents/COSMIC_FSW/cfe/modules/evs/fsw/inc -I/home/hj/Documents/COSMIC_FSW/cfe/modules/sb/fsw/inc -I/home/hj/Documents/COSMIC_FSW/cfe/modules/tbl/fsw/inc -I/home/hj/Documents/COSMIC_FSW/cfe/modules/time/fsw/inc -I/home/hj/Documents/COSMIC_FSW/osal/src/os/inc -I/home/hj/Documents/COSMIC_FSW/build/i686-linux-gnu/default_cpu1/osal/inc -I/home/hj/Documents/COSMIC_FSW/psp/fsw/inc -I/home/hj/Documents/COSMIC_FSW/psp/fsw/modules/iodriver/inc -I/home/hj/Documents/COSMIC_FSW/cfe/modules/msg/fsw/inc -I/home/hj/Documents/COSMIC_FSW/cfe/modules/resourceid/fsw/inc -I/home/hj/Documents/COSMIC_FSW/cfe/modules/config/fsw/inc -I/home/hj/Documents/COSMIC_FSW/cfe/modules/srl/fsw/inc -I/home/hj/Documents/COSMIC_FSW/cfe/modules/rf/fsw/inc -g -std=c99 -pedantic -Wall -Wstrict-prototypes -Wwrite-strings -Wpointer-arith -Werror -Wno-format-truncation -Wno-stringop-truncation -MD -MT fs/CMakeFiles/fs.dir/fsw/src/cfe_fs_api.c.o -MF CMakeFiles/fs.dir/fsw/src/cfe_fs_api.c.o.d -o CMakeFiles/fs.dir/fsw/src/cfe_fs_api.c.o -c /home/hj/Documents/COSMIC_FSW/cfe/modules/fs/fsw/src/cfe_fs_api.c
[ 45%] Building C object fs/CMakeFiles/fs.dir/fsw/src/cfe_fs_priv.c.o
cd /home/hj/Documents/COSMIC_FSW/build/i686-linux-gnu/default_cpu1/fs && /usr/bin/gcc -D_CFE_CORE_ -D_LINUX_OS_ -D_POSIX_OS_ -D_XOPEN_SOURCE=600 -I/home/hj/Documents/COSMIC_FSW/build/inc -I/home/hj/Documents/COSMIC_FSW/build/i686-linux-gnu/default_cpu1/inc -I/home/hj/Documents/COSMIC_FSW/cfe/modules/fs/fsw/inc -I/home/hj/Documents/COSMIC_FSW/cfe/modules/core_private/fsw/inc -I/home/hj/Documents/COSMIC_FSW/cfe/cmake/target/inc -I/home/hj/Documents/COSMIC_FSW/cfe/modules/core_api/fsw/inc -I/home/hj/Documents/COSMIC_FSW/cfe/modules/es/fsw/inc -I/home/hj/Documents/COSMIC_FSW/cfe/modules/evs/fsw/inc -I/home/hj/Documents/COSMIC_FSW/cfe/modules/sb/fsw/inc -I/home/hj/Documents/COSMIC_FSW/cfe/modules/tbl/fsw/inc -I/home/hj/Documents/COSMIC_FSW/cfe/modules/time/fsw/inc -I/home/hj/Documents/COSMIC_FSW/osal/src/os/inc -I/home/hj/Documents/COSMIC_FSW/build/i686-linux-gnu/default_cpu1/osal/inc -I/home/hj/Documents/COSMIC_FSW/psp/fsw/inc -I/home/hj/Documents/COSMIC_FSW/psp/fsw/modules/iodriver/inc -I/home/hj/Documents/COSMIC_FSW/cfe/modules/msg/fsw/inc -I/home/hj/Documents/COSMIC_FSW/cfe/modules/resourceid/fsw/inc -I/home/hj/Documents/COSMIC_FSW/cfe/modules/config/fsw/inc -I/home/hj/Documents/COSMIC_FSW/cfe/modules/srl/fsw/inc -I/home/hj/Documents/COSMIC_FSW/cfe/modules/rf/fsw/inc -g -std=c99 -pedantic -Wall -Wstrict-prototypes -Wwrite-strings -Wpointer-arith -Werror -Wno-format-truncation -Wno-stringop-truncation -MD -MT fs/CMakeFiles/fs.dir/fsw/src/cfe_fs_priv.c.o -MF CMakeFiles/fs.dir/fsw/src/cfe_fs_priv.c.o.d -o CMakeFiles/fs.dir/fsw/src/cfe_fs_priv.c.o -c /home/hj/Documents/COSMIC_FSW/cfe/modules/fs/fsw/src/cfe_fs_priv.c
[ 47%] Linking C static library libfs.a
cd /home/hj/Documents/COSMIC_FSW/build/i686-linux-gnu/default_cpu1/fs && /usr/bin/cmake -P CMakeFiles/fs.dir/cmake_clean_target.cmake
cd /home/hj/Documents/COSMIC_FSW/build/i686-linux-gnu/default_cpu1/fs && /usr/bin/cmake -E cmake_link_script CMakeFiles/fs.dir/link.txt --verbose=1
/usr/bin/ar qc libfs.a CMakeFiles/fs.dir/fsw/src/cfe_fs_api.c.o CMakeFiles/fs.dir/fsw/src/cfe_fs_priv.c.o
/usr/bin/ranlib libfs.a
[ 47%] Built target fs
make  -f sb/CMakeFiles/sb.dir/build.make sb/CMakeFiles/sb.dir/depend
cd /home/hj/Documents/COSMIC_FSW/build/i686-linux-gnu/default_cpu1 && /usr/bin/cmake -E cmake_depends "Unix Makefiles" /home/hj/Documents/COSMIC_FSW/cfe /home/hj/Documents/COSMIC_FSW/cfe/modules/sb /home/hj/Documents/COSMIC_FSW/build/i686-linux-gnu/default_cpu1 /home/hj/Documents/COSMIC_FSW/build/i686-linux-gnu/default_cpu1/sb /home/hj/Documents/COSMIC_FSW/build/i686-linux-gnu/default_cpu1/sb/CMakeFiles/sb.dir/DependInfo.cmake --color=
Dependencies file "sb/CMakeFiles/sb.dir/fsw/src/cfe_sb_api.c.o.d" is newer than depends file "/home/hj/Documents/COSMIC_FSW/build/i686-linux-gnu/default_cpu1/sb/CMakeFiles/sb.dir/compiler_depend.internal".
Dependencies file "sb/CMakeFiles/sb.dir/fsw/src/cfe_sb_buf.c.o.d" is newer than depends file "/home/hj/Documents/COSMIC_FSW/build/i686-linux-gnu/default_cpu1/sb/CMakeFiles/sb.dir/compiler_depend.internal".
Dependencies file "sb/CMakeFiles/sb.dir/fsw/src/cfe_sb_dispatch.c.o.d" is newer than depends file "/home/hj/Documents/COSMIC_FSW/build/i686-linux-gnu/default_cpu1/sb/CMakeFiles/sb.dir/compiler_depend.internal".
Dependencies file "sb/CMakeFiles/sb.dir/fsw/src/cfe_sb_init.c.o.d" is newer than depends file "/home/hj/Documents/COSMIC_FSW/build/i686-linux-gnu/default_cpu1/sb/CMakeFiles/sb.dir/compiler_depend.internal".
Dependencies file "sb/CMakeFiles/sb.dir/fsw/src/cfe_sb_msg_id_util.c.o.d" is newer than depends file "/home/hj/Documents/COSMIC_FSW/build/i686-linux-gnu/default_cpu1/sb/CMakeFiles/sb.dir/compiler_depend.internal".
Dependencies file "sb/CMakeFiles/sb.dir/fsw/src/cfe_sb_priv.c.o.d" is newer than depends file "/home/hj/Documents/COSMIC_FSW/build/i686-linux-gnu/default_cpu1/sb/CMakeFiles/sb.dir/compiler_depend.internal".
Dependencies file "sb/CMakeFiles/sb.dir/fsw/src/cfe_sb_task.c.o.d" is newer than depends file "/home/hj/Documents/COSMIC_FSW/build/i686-linux-gnu/default_cpu1/sb/CMakeFiles/sb.dir/compiler_depend.internal".
Dependencies file "sb/CMakeFiles/sb.dir/fsw/src/cfe_sb_util.c.o.d" is newer than depends file "/home/hj/Documents/COSMIC_FSW/build/i686-linux-gnu/default_cpu1/sb/CMakeFiles/sb.dir/compiler_depend.internal".
Consolidate compiler generated dependencies of target sb
make  -f sb/CMakeFiles/sb.dir/build.make sb/CMakeFiles/sb.dir/build
[ 47%] Building C object sb/CMakeFiles/sb.dir/fsw/src/cfe_sb_api.c.o
cd /home/hj/Documents/COSMIC_FSW/build/i686-linux-gnu/default_cpu1/sb && /usr/bin/gcc -D_CFE_CORE_ -D_LINUX_OS_ -D_POSIX_OS_ -D_XOPEN_SOURCE=600 -I/home/hj/Documents/COSMIC_FSW/build/inc -I/home/hj/Documents/COSMIC_FSW/build/i686-linux-gnu/default_cpu1/inc -I/home/hj/Documents/COSMIC_FSW/cfe/modules/sb/fsw/inc -I/home/hj/Documents/COSMIC_FSW/cfe/modules/core_private/fsw/inc -I/home/hj/Documents/COSMIC_FSW/cfe/cmake/target/inc -I/home/hj/Documents/COSMIC_FSW/cfe/modules/core_api/fsw/inc -I/home/hj/Documents/COSMIC_FSW/cfe/modules/es/fsw/inc -I/home/hj/Documents/COSMIC_FSW/cfe/modules/evs/fsw/inc -I/home/hj/Documents/COSMIC_FSW/cfe/modules/fs/fsw/inc -I/home/hj/Documents/COSMIC_FSW/cfe/modules/tbl/fsw/inc -I/home/hj/Documents/COSMIC_FSW/cfe/modules/time/fsw/inc -I/home/hj/Documents/COSMIC_FSW/osal/src/os/inc -I/home/hj/Documents/COSMIC_FSW/build/i686-linux-gnu/default_cpu1/osal/inc -I/home/hj/Documents/COSMIC_FSW/psp/fsw/inc -I/home/hj/Documents/COSMIC_FSW/psp/fsw/modules/iodriver/inc -I/home/hj/Documents/COSMIC_FSW/cfe/modules/msg/fsw/inc -I/home/hj/Documents/COSMIC_FSW/cfe/modules/resourceid/fsw/inc -I/home/hj/Documents/COSMIC_FSW/cfe/modules/config/fsw/inc -I/home/hj/Documents/COSMIC_FSW/cfe/modules/srl/fsw/inc -I/home/hj/Documents/COSMIC_FSW/cfe/modules/rf/fsw/inc -g -std=c99 -pedantic -Wall -Wstrict-prototypes -Wwrite-strings -Wpointer-arith -Werror -Wno-format-truncation -Wno-stringop-truncation -MD -MT sb/CMakeFiles/sb.dir/fsw/src/cfe_sb_api.c.o -MF CMakeFiles/sb.dir/fsw/src/cfe_sb_api.c.o.d -o CMakeFiles/sb.dir/fsw/src/cfe_sb_api.c.o -c /home/hj/Documents/COSMIC_FSW/cfe/modules/sb/fsw/src/cfe_sb_api.c
[ 47%] Building C object sb/CMakeFiles/sb.dir/fsw/src/cfe_sb_buf.c.o
cd /home/hj/Documents/COSMIC_FSW/build/i686-linux-gnu/default_cpu1/sb && /usr/bin/gcc -D_CFE_CORE_ -D_LINUX_OS_ -D_POSIX_OS_ -D_XOPEN_SOURCE=600 -I/home/hj/Documents/COSMIC_FSW/build/inc -I/home/hj/Documents/COSMIC_FSW/build/i686-linux-gnu/default_cpu1/inc -I/home/hj/Documents/COSMIC_FSW/cfe/modules/sb/fsw/inc -I/home/hj/Documents/COSMIC_FSW/cfe/modules/core_private/fsw/inc -I/home/hj/Documents/COSMIC_FSW/cfe/cmake/target/inc -I/home/hj/Documents/COSMIC_FSW/cfe/modules/core_api/fsw/inc -I/home/hj/Documents/COSMIC_FSW/cfe/modules/es/fsw/inc -I/home/hj/Documents/COSMIC_FSW/cfe/modules/evs/fsw/inc -I/home/hj/Documents/COSMIC_FSW/cfe/modules/fs/fsw/inc -I/home/hj/Documents/COSMIC_FSW/cfe/modules/tbl/fsw/inc -I/home/hj/Documents/COSMIC_FSW/cfe/modules/time/fsw/inc -I/home/hj/Documents/COSMIC_FSW/osal/src/os/inc -I/home/hj/Documents/COSMIC_FSW/build/i686-linux-gnu/default_cpu1/osal/inc -I/home/hj/Documents/COSMIC_FSW/psp/fsw/inc -I/home/hj/Documents/COSMIC_FSW/psp/fsw/modules/iodriver/inc -I/home/hj/Documents/COSMIC_FSW/cfe/modules/msg/fsw/inc -I/home/hj/Documents/COSMIC_FSW/cfe/modules/resourceid/fsw/inc -I/home/hj/Documents/COSMIC_FSW/cfe/modules/config/fsw/inc -I/home/hj/Documents/COSMIC_FSW/cfe/modules/srl/fsw/inc -I/home/hj/Documents/COSMIC_FSW/cfe/modules/rf/fsw/inc -g -std=c99 -pedantic -Wall -Wstrict-prototypes -Wwrite-strings -Wpointer-arith -Werror -Wno-format-truncation -Wno-stringop-truncation -MD -MT sb/CMakeFiles/sb.dir/fsw/src/cfe_sb_buf.c.o -MF CMakeFiles/sb.dir/fsw/src/cfe_sb_buf.c.o.d -o CMakeFiles/sb.dir/fsw/src/cfe_sb_buf.c.o -c /home/hj/Documents/COSMIC_FSW/cfe/modules/sb/fsw/src/cfe_sb_buf.c
[ 47%] Building C object sb/CMakeFiles/sb.dir/fsw/src/cfe_sb_init.c.o
cd /home/hj/Documents/COSMIC_FSW/build/i686-linux-gnu/default_cpu1/sb && /usr/bin/gcc -D_CFE_CORE_ -D_LINUX_OS_ -D_POSIX_OS_ -D_XOPEN_SOURCE=600 -I/home/hj/Documents/COSMIC_FSW/build/inc -I/home/hj/Documents/COSMIC_FSW/build/i686-linux-gnu/default_cpu1/inc -I/home/hj/Documents/COSMIC_FSW/cfe/modules/sb/fsw/inc -I/home/hj/Documents/COSMIC_FSW/cfe/modules/core_private/fsw/inc -I/home/hj/Documents/COSMIC_FSW/cfe/cmake/target/inc -I/home/hj/Documents/COSMIC_FSW/cfe/modules/core_api/fsw/inc -I/home/hj/Documents/COSMIC_FSW/cfe/modules/es/fsw/inc -I/home/hj/Documents/COSMIC_FSW/cfe/modules/evs/fsw/inc -I/home/hj/Documents/COSMIC_FSW/cfe/modules/fs/fsw/inc -I/home/hj/Documents/COSMIC_FSW/cfe/modules/tbl/fsw/inc -I/home/hj/Documents/COSMIC_FSW/cfe/modules/time/fsw/inc -I/home/hj/Documents/COSMIC_FSW/osal/src/os/inc -I/home/hj/Documents/COSMIC_FSW/build/i686-linux-gnu/default_cpu1/osal/inc -I/home/hj/Documents/COSMIC_FSW/psp/fsw/inc -I/home/hj/Documents/COSMIC_FSW/psp/fsw/modules/iodriver/inc -I/home/hj/Documents/COSMIC_FSW/cfe/modules/msg/fsw/inc -I/home/hj/Documents/COSMIC_FSW/cfe/modules/resourceid/fsw/inc -I/home/hj/Documents/COSMIC_FSW/cfe/modules/config/fsw/inc -I/home/hj/Documents/COSMIC_FSW/cfe/modules/srl/fsw/inc -I/home/hj/Documents/COSMIC_FSW/cfe/modules/rf/fsw/inc -g -std=c99 -pedantic -Wall -Wstrict-prototypes -Wwrite-strings -Wpointer-arith -Werror -Wno-format-truncation -Wno-stringop-truncation -MD -MT sb/CMakeFiles/sb.dir/fsw/src/cfe_sb_init.c.o -MF CMakeFiles/sb.dir/fsw/src/cfe_sb_init.c.o.d -o CMakeFiles/sb.dir/fsw/src/cfe_sb_init.c.o -c /home/hj/Documents/COSMIC_FSW/cfe/modules/sb/fsw/src/cfe_sb_init.c
[ 48%] Building C object sb/CMakeFiles/sb.dir/fsw/src/cfe_sb_msg_id_util.c.o
cd /home/hj/Documents/COSMIC_FSW/build/i686-linux-gnu/default_cpu1/sb && /usr/bin/gcc -D_CFE_CORE_ -D_LINUX_OS_ -D_POSIX_OS_ -D_XOPEN_SOURCE=600 -I/home/hj/Documents/COSMIC_FSW/build/inc -I/home/hj/Documents/COSMIC_FSW/build/i686-linux-gnu/default_cpu1/inc -I/home/hj/Documents/COSMIC_FSW/cfe/modules/sb/fsw/inc -I/home/hj/Documents/COSMIC_FSW/cfe/modules/core_private/fsw/inc -I/home/hj/Documents/COSMIC_FSW/cfe/cmake/target/inc -I/home/hj/Documents/COSMIC_FSW/cfe/modules/core_api/fsw/inc -I/home/hj/Documents/COSMIC_FSW/cfe/modules/es/fsw/inc -I/home/hj/Documents/COSMIC_FSW/cfe/modules/evs/fsw/inc -I/home/hj/Documents/COSMIC_FSW/cfe/modules/fs/fsw/inc -I/home/hj/Documents/COSMIC_FSW/cfe/modules/tbl/fsw/inc -I/home/hj/Documents/COSMIC_FSW/cfe/modules/time/fsw/inc -I/home/hj/Documents/COSMIC_FSW/osal/src/os/inc -I/home/hj/Documents/COSMIC_FSW/build/i686-linux-gnu/default_cpu1/osal/inc -I/home/hj/Documents/COSMIC_FSW/psp/fsw/inc -I/home/hj/Documents/COSMIC_FSW/psp/fsw/modules/iodriver/inc -I/home/hj/Documents/COSMIC_FSW/cfe/modules/msg/fsw/inc -I/home/hj/Documents/COSMIC_FSW/cfe/modules/resourceid/fsw/inc -I/home/hj/Documents/COSMIC_FSW/cfe/modules/config/fsw/inc -I/home/hj/Documents/COSMIC_FSW/cfe/modules/srl/fsw/inc -I/home/hj/Documents/COSMIC_FSW/cfe/modules/rf/fsw/inc -g -std=c99 -pedantic -Wall -Wstrict-prototypes -Wwrite-strings -Wpointer-arith -Werror -Wno-format-truncation -Wno-stringop-truncation -MD -MT sb/CMakeFiles/sb.dir/fsw/src/cfe_sb_msg_id_util.c.o -MF CMakeFiles/sb.dir/fsw/src/cfe_sb_msg_id_util.c.o.d -o CMakeFiles/sb.dir/fsw/src/cfe_sb_msg_id_util.c.o -c /home/hj/Documents/COSMIC_FSW/cfe/modules/sb/fsw/src/cfe_sb_msg_id_util.c
[ 48%] Building C object sb/CMakeFiles/sb.dir/fsw/src/cfe_sb_priv.c.o
cd /home/hj/Documents/COSMIC_FSW/build/i686-linux-gnu/default_cpu1/sb && /usr/bin/gcc -D_CFE_CORE_ -D_LINUX_OS_ -D_POSIX_OS_ -D_XOPEN_SOURCE=600 -I/home/hj/Documents/COSMIC_FSW/build/inc -I/home/hj/Documents/COSMIC_FSW/build/i686-linux-gnu/default_cpu1/inc -I/home/hj/Documents/COSMIC_FSW/cfe/modules/sb/fsw/inc -I/home/hj/Documents/COSMIC_FSW/cfe/modules/core_private/fsw/inc -I/home/hj/Documents/COSMIC_FSW/cfe/cmake/target/inc -I/home/hj/Documents/COSMIC_FSW/cfe/modules/core_api/fsw/inc -I/home/hj/Documents/COSMIC_FSW/cfe/modules/es/fsw/inc -I/home/hj/Documents/COSMIC_FSW/cfe/modules/evs/fsw/inc -I/home/hj/Documents/COSMIC_FSW/cfe/modules/fs/fsw/inc -I/home/hj/Documents/COSMIC_FSW/cfe/modules/tbl/fsw/inc -I/home/hj/Documents/COSMIC_FSW/cfe/modules/time/fsw/inc -I/home/hj/Documents/COSMIC_FSW/osal/src/os/inc -I/home/hj/Documents/COSMIC_FSW/build/i686-linux-gnu/default_cpu1/osal/inc -I/home/hj/Documents/COSMIC_FSW/psp/fsw/inc -I/home/hj/Documents/COSMIC_FSW/psp/fsw/modules/iodriver/inc -I/home/hj/Documents/COSMIC_FSW/cfe/modules/msg/fsw/inc -I/home/hj/Documents/COSMIC_FSW/cfe/modules/resourceid/fsw/inc -I/home/hj/Documents/COSMIC_FSW/cfe/modules/config/fsw/inc -I/home/hj/Documents/COSMIC_FSW/cfe/modules/srl/fsw/inc -I/home/hj/Documents/COSMIC_FSW/cfe/modules/rf/fsw/inc -g -std=c99 -pedantic -Wall -Wstrict-prototypes -Wwrite-strings -Wpointer-arith -Werror -Wno-format-truncation -Wno-stringop-truncation -MD -MT sb/CMakeFiles/sb.dir/fsw/src/cfe_sb_priv.c.o -MF CMakeFiles/sb.dir/fsw/src/cfe_sb_priv.c.o.d -o CMakeFiles/sb.dir/fsw/src/cfe_sb_priv.c.o -c /home/hj/Documents/COSMIC_FSW/cfe/modules/sb/fsw/src/cfe_sb_priv.c
[ 48%] Building C object sb/CMakeFiles/sb.dir/fsw/src/cfe_sb_dispatch.c.o
cd /home/hj/Documents/COSMIC_FSW/build/i686-linux-gnu/default_cpu1/sb && /usr/bin/gcc -D_CFE_CORE_ -D_LINUX_OS_ -D_POSIX_OS_ -D_XOPEN_SOURCE=600 -I/home/hj/Documents/COSMIC_FSW/build/inc -I/home/hj/Documents/COSMIC_FSW/build/i686-linux-gnu/default_cpu1/inc -I/home/hj/Documents/COSMIC_FSW/cfe/modules/sb/fsw/inc -I/home/hj/Documents/COSMIC_FSW/cfe/modules/core_private/fsw/inc -I/home/hj/Documents/COSMIC_FSW/cfe/cmake/target/inc -I/home/hj/Documents/COSMIC_FSW/cfe/modules/core_api/fsw/inc -I/home/hj/Documents/COSMIC_FSW/cfe/modules/es/fsw/inc -I/home/hj/Documents/COSMIC_FSW/cfe/modules/evs/fsw/inc -I/home/hj/Documents/COSMIC_FSW/cfe/modules/fs/fsw/inc -I/home/hj/Documents/COSMIC_FSW/cfe/modules/tbl/fsw/inc -I/home/hj/Documents/COSMIC_FSW/cfe/modules/time/fsw/inc -I/home/hj/Documents/COSMIC_FSW/osal/src/os/inc -I/home/hj/Documents/COSMIC_FSW/build/i686-linux-gnu/default_cpu1/osal/inc -I/home/hj/Documents/COSMIC_FSW/psp/fsw/inc -I/home/hj/Documents/COSMIC_FSW/psp/fsw/modules/iodriver/inc -I/home/hj/Documents/COSMIC_FSW/cfe/modules/msg/fsw/inc -I/home/hj/Documents/COSMIC_FSW/cfe/modules/resourceid/fsw/inc -I/home/hj/Documents/COSMIC_FSW/cfe/modules/config/fsw/inc -I/home/hj/Documents/COSMIC_FSW/cfe/modules/srl/fsw/inc -I/home/hj/Documents/COSMIC_FSW/cfe/modules/rf/fsw/inc -g -std=c99 -pedantic -Wall -Wstrict-prototypes -Wwrite-strings -Wpointer-arith -Werror -Wno-format-truncation -Wno-stringop-truncation -MD -MT sb/CMakeFiles/sb.dir/fsw/src/cfe_sb_dispatch.c.o -MF CMakeFiles/sb.dir/fsw/src/cfe_sb_dispatch.c.o.d -o CMakeFiles/sb.dir/fsw/src/cfe_sb_dispatch.c.o -c /home/hj/Documents/COSMIC_FSW/cfe/modules/sb/fsw/src/cfe_sb_dispatch.c
[ 48%] Building C object sb/CMakeFiles/sb.dir/fsw/src/cfe_sb_task.c.o
cd /home/hj/Documents/COSMIC_FSW/build/i686-linux-gnu/default_cpu1/sb && /usr/bin/gcc -D_CFE_CORE_ -D_LINUX_OS_ -D_POSIX_OS_ -D_XOPEN_SOURCE=600 -I/home/hj/Documents/COSMIC_FSW/build/inc -I/home/hj/Documents/COSMIC_FSW/build/i686-linux-gnu/default_cpu1/inc -I/home/hj/Documents/COSMIC_FSW/cfe/modules/sb/fsw/inc -I/home/hj/Documents/COSMIC_FSW/cfe/modules/core_private/fsw/inc -I/home/hj/Documents/COSMIC_FSW/cfe/cmake/target/inc -I/home/hj/Documents/COSMIC_FSW/cfe/modules/core_api/fsw/inc -I/home/hj/Documents/COSMIC_FSW/cfe/modules/es/fsw/inc -I/home/hj/Documents/COSMIC_FSW/cfe/modules/evs/fsw/inc -I/home/hj/Documents/COSMIC_FSW/cfe/modules/fs/fsw/inc -I/home/hj/Documents/COSMIC_FSW/cfe/modules/tbl/fsw/inc -I/home/hj/Documents/COSMIC_FSW/cfe/modules/time/fsw/inc -I/home/hj/Documents/COSMIC_FSW/osal/src/os/inc -I/home/hj/Documents/COSMIC_FSW/build/i686-linux-gnu/default_cpu1/osal/inc -I/home/hj/Documents/COSMIC_FSW/psp/fsw/inc -I/home/hj/Documents/COSMIC_FSW/psp/fsw/modules/iodriver/inc -I/home/hj/Documents/COSMIC_FSW/cfe/modules/msg/fsw/inc -I/home/hj/Documents/COSMIC_FSW/cfe/modules/resourceid/fsw/inc -I/home/hj/Documents/COSMIC_FSW/cfe/modules/config/fsw/inc -I/home/hj/Documents/COSMIC_FSW/cfe/modules/srl/fsw/inc -I/home/hj/Documents/COSMIC_FSW/cfe/modules/rf/fsw/inc -g -std=c99 -pedantic -Wall -Wstrict-prototypes -Wwrite-strings -Wpointer-arith -Werror -Wno-format-truncation -Wno-stringop-truncation -MD -MT sb/CMakeFiles/sb.dir/fsw/src/cfe_sb_task.c.o -MF CMakeFiles/sb.dir/fsw/src/cfe_sb_task.c.o.d -o CMakeFiles/sb.dir/fsw/src/cfe_sb_task.c.o -c /home/hj/Documents/COSMIC_FSW/cfe/modules/sb/fsw/src/cfe_sb_task.c
[ 48%] Building C object sb/CMakeFiles/sb.dir/fsw/src/cfe_sb_util.c.o
cd /home/hj/Documents/COSMIC_FSW/build/i686-linux-gnu/default_cpu1/sb && /usr/bin/gcc -D_CFE_CORE_ -D_LINUX_OS_ -D_POSIX_OS_ -D_XOPEN_SOURCE=600 -I/home/hj/Documents/COSMIC_FSW/build/inc -I/home/hj/Documents/COSMIC_FSW/build/i686-linux-gnu/default_cpu1/inc -I/home/hj/Documents/COSMIC_FSW/cfe/modules/sb/fsw/inc -I/home/hj/Documents/COSMIC_FSW/cfe/modules/core_private/fsw/inc -I/home/hj/Documents/COSMIC_FSW/cfe/cmake/target/inc -I/home/hj/Documents/COSMIC_FSW/cfe/modules/core_api/fsw/inc -I/home/hj/Documents/COSMIC_FSW/cfe/modules/es/fsw/inc -I/home/hj/Documents/COSMIC_FSW/cfe/modules/evs/fsw/inc -I/home/hj/Documents/COSMIC_FSW/cfe/modules/fs/fsw/inc -I/home/hj/Documents/COSMIC_FSW/cfe/modules/tbl/fsw/inc -I/home/hj/Documents/COSMIC_FSW/cfe/modules/time/fsw/inc -I/home/hj/Documents/COSMIC_FSW/osal/src/os/inc -I/home/hj/Documents/COSMIC_FSW/build/i686-linux-gnu/default_cpu1/osal/inc -I/home/hj/Documents/COSMIC_FSW/psp/fsw/inc -I/home/hj/Documents/COSMIC_FSW/psp/fsw/modules/iodriver/inc -I/home/hj/Documents/COSMIC_FSW/cfe/modules/msg/fsw/inc -I/home/hj/Documents/COSMIC_FSW/cfe/modules/resourceid/fsw/inc -I/home/hj/Documents/COSMIC_FSW/cfe/modules/config/fsw/inc -I/home/hj/Documents/COSMIC_FSW/cfe/modules/srl/fsw/inc -I/home/hj/Documents/COSMIC_FSW/cfe/modules/rf/fsw/inc -g -std=c99 -pedantic -Wall -Wstrict-prototypes -Wwrite-strings -Wpointer-arith -Werror -Wno-format-truncation -Wno-stringop-truncation -MD -MT sb/CMakeFiles/sb.dir/fsw/src/cfe_sb_util.c.o -MF CMakeFiles/sb.dir/fsw/src/cfe_sb_util.c.o.d -o CMakeFiles/sb.dir/fsw/src/cfe_sb_util.c.o -c /home/hj/Documents/COSMIC_FSW/cfe/modules/sb/fsw/src/cfe_sb_util.c
[ 50%] Linking C static library libsb.a
cd /home/hj/Documents/COSMIC_FSW/build/i686-linux-gnu/default_cpu1/sb && /usr/bin/cmake -P CMakeFiles/sb.dir/cmake_clean_target.cmake
cd /home/hj/Documents/COSMIC_FSW/build/i686-linux-gnu/default_cpu1/sb && /usr/bin/cmake -E cmake_link_script CMakeFiles/sb.dir/link.txt --verbose=1
/usr/bin/ar qc libsb.a CMakeFiles/sb.dir/fsw/src/cfe_sb_api.c.o CMakeFiles/sb.dir/fsw/src/cfe_sb_buf.c.o CMakeFiles/sb.dir/fsw/src/cfe_sb_init.c.o CMakeFiles/sb.dir/fsw/src/cfe_sb_msg_id_util.c.o CMakeFiles/sb.dir/fsw/src/cfe_sb_priv.c.o CMakeFiles/sb.dir/fsw/src/cfe_sb_dispatch.c.o CMakeFiles/sb.dir/fsw/src/cfe_sb_task.c.o CMakeFiles/sb.dir/fsw/src/cfe_sb_util.c.o
/usr/bin/ranlib libsb.a
[ 50%] Built target sb
make  -f tbl/CMakeFiles/tbl.dir/build.make tbl/CMakeFiles/tbl.dir/depend
cd /home/hj/Documents/COSMIC_FSW/build/i686-linux-gnu/default_cpu1 && /usr/bin/cmake -E cmake_depends "Unix Makefiles" /home/hj/Documents/COSMIC_FSW/cfe /home/hj/Documents/COSMIC_FSW/cfe/modules/tbl /home/hj/Documents/COSMIC_FSW/build/i686-linux-gnu/default_cpu1 /home/hj/Documents/COSMIC_FSW/build/i686-linux-gnu/default_cpu1/tbl /home/hj/Documents/COSMIC_FSW/build/i686-linux-gnu/default_cpu1/tbl/CMakeFiles/tbl.dir/DependInfo.cmake --color=
Dependencies file "tbl/CMakeFiles/tbl.dir/fsw/src/cfe_tbl_api.c.o.d" is newer than depends file "/home/hj/Documents/COSMIC_FSW/build/i686-linux-gnu/default_cpu1/tbl/CMakeFiles/tbl.dir/compiler_depend.internal".
Dependencies file "tbl/CMakeFiles/tbl.dir/fsw/src/cfe_tbl_dispatch.c.o.d" is newer than depends file "/home/hj/Documents/COSMIC_FSW/build/i686-linux-gnu/default_cpu1/tbl/CMakeFiles/tbl.dir/compiler_depend.internal".
Dependencies file "tbl/CMakeFiles/tbl.dir/fsw/src/cfe_tbl_internal.c.o.d" is newer than depends file "/home/hj/Documents/COSMIC_FSW/build/i686-linux-gnu/default_cpu1/tbl/CMakeFiles/tbl.dir/compiler_depend.internal".
Dependencies file "tbl/CMakeFiles/tbl.dir/fsw/src/cfe_tbl_resource.c.o.d" is newer than depends file "/home/hj/Documents/COSMIC_FSW/build/i686-linux-gnu/default_cpu1/tbl/CMakeFiles/tbl.dir/compiler_depend.internal".
Dependencies file "tbl/CMakeFiles/tbl.dir/fsw/src/cfe_tbl_task.c.o.d" is newer than depends file "/home/hj/Documents/COSMIC_FSW/build/i686-linux-gnu/default_cpu1/tbl/CMakeFiles/tbl.dir/compiler_depend.internal".
Dependencies file "tbl/CMakeFiles/tbl.dir/fsw/src/cfe_tbl_task_cmds.c.o.d" is newer than depends file "/home/hj/Documents/COSMIC_FSW/build/i686-linux-gnu/default_cpu1/tbl/CMakeFiles/tbl.dir/compiler_depend.internal".
Dependencies file "tbl/CMakeFiles/tbl.dir/fsw/src/cfe_tbl_transaction.c.o.d" is newer than depends file "/home/hj/Documents/COSMIC_FSW/build/i686-linux-gnu/default_cpu1/tbl/CMakeFiles/tbl.dir/compiler_depend.internal".
Consolidate compiler generated dependencies of target tbl
make  -f tbl/CMakeFiles/tbl.dir/build.make tbl/CMakeFiles/tbl.dir/build
[ 51%] Building C object tbl/CMakeFiles/tbl.dir/fsw/src/cfe_tbl_api.c.o
cd /home/hj/Documents/COSMIC_FSW/build/i686-linux-gnu/default_cpu1/tbl && /usr/bin/gcc -D_CFE_CORE_ -D_LINUX_OS_ -D_POSIX_OS_ -D_XOPEN_SOURCE=600 -I/home/hj/Documents/COSMIC_FSW/build/inc -I/home/hj/Documents/COSMIC_FSW/build/i686-linux-gnu/default_cpu1/inc -I/home/hj/Documents/COSMIC_FSW/cfe/modules/tbl/fsw/inc -I/home/hj/Documents/COSMIC_FSW/cfe/modules/core_private/fsw/inc -I/home/hj/Documents/COSMIC_FSW/cfe/cmake/target/inc -I/home/hj/Documents/COSMIC_FSW/cfe/modules/core_api/fsw/inc -I/home/hj/Documents/COSMIC_FSW/cfe/modules/es/fsw/inc -I/home/hj/Documents/COSMIC_FSW/cfe/modules/evs/fsw/inc -I/home/hj/Documents/COSMIC_FSW/cfe/modules/fs/fsw/inc -I/home/hj/Documents/COSMIC_FSW/cfe/modules/sb/fsw/inc -I/home/hj/Documents/COSMIC_FSW/cfe/modules/time/fsw/inc -I/home/hj/Documents/COSMIC_FSW/osal/src/os/inc -I/home/hj/Documents/COSMIC_FSW/build/i686-linux-gnu/default_cpu1/osal/inc -I/home/hj/Documents/COSMIC_FSW/psp/fsw/inc -I/home/hj/Documents/COSMIC_FSW/psp/fsw/modules/iodriver/inc -I/home/hj/Documents/COSMIC_FSW/cfe/modules/msg/fsw/inc -I/home/hj/Documents/COSMIC_FSW/cfe/modules/resourceid/fsw/inc -I/home/hj/Documents/COSMIC_FSW/cfe/modules/config/fsw/inc -I/home/hj/Documents/COSMIC_FSW/cfe/modules/srl/fsw/inc -I/home/hj/Documents/COSMIC_FSW/cfe/modules/rf/fsw/inc -g -std=c99 -pedantic -Wall -Wstrict-prototypes -Wwrite-strings -Wpointer-arith -Werror -Wno-format-truncation -Wno-stringop-truncation -MD -MT tbl/CMakeFiles/tbl.dir/fsw/src/cfe_tbl_api.c.o -MF CMakeFiles/tbl.dir/fsw/src/cfe_tbl_api.c.o.d -o CMakeFiles/tbl.dir/fsw/src/cfe_tbl_api.c.o -c /home/hj/Documents/COSMIC_FSW/cfe/modules/tbl/fsw/src/cfe_tbl_api.c
[ 51%] Building C object tbl/CMakeFiles/tbl.dir/fsw/src/cfe_tbl_internal.c.o
cd /home/hj/Documents/COSMIC_FSW/build/i686-linux-gnu/default_cpu1/tbl && /usr/bin/gcc -D_CFE_CORE_ -D_LINUX_OS_ -D_POSIX_OS_ -D_XOPEN_SOURCE=600 -I/home/hj/Documents/COSMIC_FSW/build/inc -I/home/hj/Documents/COSMIC_FSW/build/i686-linux-gnu/default_cpu1/inc -I/home/hj/Documents/COSMIC_FSW/cfe/modules/tbl/fsw/inc -I/home/hj/Documents/COSMIC_FSW/cfe/modules/core_private/fsw/inc -I/home/hj/Documents/COSMIC_FSW/cfe/cmake/target/inc -I/home/hj/Documents/COSMIC_FSW/cfe/modules/core_api/fsw/inc -I/home/hj/Documents/COSMIC_FSW/cfe/modules/es/fsw/inc -I/home/hj/Documents/COSMIC_FSW/cfe/modules/evs/fsw/inc -I/home/hj/Documents/COSMIC_FSW/cfe/modules/fs/fsw/inc -I/home/hj/Documents/COSMIC_FSW/cfe/modules/sb/fsw/inc -I/home/hj/Documents/COSMIC_FSW/cfe/modules/time/fsw/inc -I/home/hj/Documents/COSMIC_FSW/osal/src/os/inc -I/home/hj/Documents/COSMIC_FSW/build/i686-linux-gnu/default_cpu1/osal/inc -I/home/hj/Documents/COSMIC_FSW/psp/fsw/inc -I/home/hj/Documents/COSMIC_FSW/psp/fsw/modules/iodriver/inc -I/home/hj/Documents/COSMIC_FSW/cfe/modules/msg/fsw/inc -I/home/hj/Documents/COSMIC_FSW/cfe/modules/resourceid/fsw/inc -I/home/hj/Documents/COSMIC_FSW/cfe/modules/config/fsw/inc -I/home/hj/Documents/COSMIC_FSW/cfe/modules/srl/fsw/inc -I/home/hj/Documents/COSMIC_FSW/cfe/modules/rf/fsw/inc -g -std=c99 -pedantic -Wall -Wstrict-prototypes -Wwrite-strings -Wpointer-arith -Werror -Wno-format-truncation -Wno-stringop-truncation -MD -MT tbl/CMakeFiles/tbl.dir/fsw/src/cfe_tbl_internal.c.o -MF CMakeFiles/tbl.dir/fsw/src/cfe_tbl_internal.c.o.d -o CMakeFiles/tbl.dir/fsw/src/cfe_tbl_internal.c.o -c /home/hj/Documents/COSMIC_FSW/cfe/modules/tbl/fsw/src/cfe_tbl_internal.c
[ 51%] Building C object tbl/CMakeFiles/tbl.dir/fsw/src/cfe_tbl_resource.c.o
cd /home/hj/Documents/COSMIC_FSW/build/i686-linux-gnu/default_cpu1/tbl && /usr/bin/gcc -D_CFE_CORE_ -D_LINUX_OS_ -D_POSIX_OS_ -D_XOPEN_SOURCE=600 -I/home/hj/Documents/COSMIC_FSW/build/inc -I/home/hj/Documents/COSMIC_FSW/build/i686-linux-gnu/default_cpu1/inc -I/home/hj/Documents/COSMIC_FSW/cfe/modules/tbl/fsw/inc -I/home/hj/Documents/COSMIC_FSW/cfe/modules/core_private/fsw/inc -I/home/hj/Documents/COSMIC_FSW/cfe/cmake/target/inc -I/home/hj/Documents/COSMIC_FSW/cfe/modules/core_api/fsw/inc -I/home/hj/Documents/COSMIC_FSW/cfe/modules/es/fsw/inc -I/home/hj/Documents/COSMIC_FSW/cfe/modules/evs/fsw/inc -I/home/hj/Documents/COSMIC_FSW/cfe/modules/fs/fsw/inc -I/home/hj/Documents/COSMIC_FSW/cfe/modules/sb/fsw/inc -I/home/hj/Documents/COSMIC_FSW/cfe/modules/time/fsw/inc -I/home/hj/Documents/COSMIC_FSW/osal/src/os/inc -I/home/hj/Documents/COSMIC_FSW/build/i686-linux-gnu/default_cpu1/osal/inc -I/home/hj/Documents/COSMIC_FSW/psp/fsw/inc -I/home/hj/Documents/COSMIC_FSW/psp/fsw/modules/iodriver/inc -I/home/hj/Documents/COSMIC_FSW/cfe/modules/msg/fsw/inc -I/home/hj/Documents/COSMIC_FSW/cfe/modules/resourceid/fsw/inc -I/home/hj/Documents/COSMIC_FSW/cfe/modules/config/fsw/inc -I/home/hj/Documents/COSMIC_FSW/cfe/modules/srl/fsw/inc -I/home/hj/Documents/COSMIC_FSW/cfe/modules/rf/fsw/inc -g -std=c99 -pedantic -Wall -Wstrict-prototypes -Wwrite-strings -Wpointer-arith -Werror -Wno-format-truncation -Wno-stringop-truncation -MD -MT tbl/CMakeFiles/tbl.dir/fsw/src/cfe_tbl_resource.c.o -MF CMakeFiles/tbl.dir/fsw/src/cfe_tbl_resource.c.o.d -o CMakeFiles/tbl.dir/fsw/src/cfe_tbl_resource.c.o -c /home/hj/Documents/COSMIC_FSW/cfe/modules/tbl/fsw/src/cfe_tbl_resource.c
[ 51%] Building C object tbl/CMakeFiles/tbl.dir/fsw/src/cfe_tbl_transaction.c.o
cd /home/hj/Documents/COSMIC_FSW/build/i686-linux-gnu/default_cpu1/tbl && /usr/bin/gcc -D_CFE_CORE_ -D_LINUX_OS_ -D_POSIX_OS_ -D_XOPEN_SOURCE=600 -I/home/hj/Documents/COSMIC_FSW/build/inc -I/home/hj/Documents/COSMIC_FSW/build/i686-linux-gnu/default_cpu1/inc -I/home/hj/Documents/COSMIC_FSW/cfe/modules/tbl/fsw/inc -I/home/hj/Documents/COSMIC_FSW/cfe/modules/core_private/fsw/inc -I/home/hj/Documents/COSMIC_FSW/cfe/cmake/target/inc -I/home/hj/Documents/COSMIC_FSW/cfe/modules/core_api/fsw/inc -I/home/hj/Documents/COSMIC_FSW/cfe/modules/es/fsw/inc -I/home/hj/Documents/COSMIC_FSW/cfe/modules/evs/fsw/inc -I/home/hj/Documents/COSMIC_FSW/cfe/modules/fs/fsw/inc -I/home/hj/Documents/COSMIC_FSW/cfe/modules/sb/fsw/inc -I/home/hj/Documents/COSMIC_FSW/cfe/modules/time/fsw/inc -I/home/hj/Documents/COSMIC_FSW/osal/src/os/inc -I/home/hj/Documents/COSMIC_FSW/build/i686-linux-gnu/default_cpu1/osal/inc -I/home/hj/Documents/COSMIC_FSW/psp/fsw/inc -I/home/hj/Documents/COSMIC_FSW/psp/fsw/modules/iodriver/inc -I/home/hj/Documents/COSMIC_FSW/cfe/modules/msg/fsw/inc -I/home/hj/Documents/COSMIC_FSW/cfe/modules/resourceid/fsw/inc -I/home/hj/Documents/COSMIC_FSW/cfe/modules/config/fsw/inc -I/home/hj/Documents/COSMIC_FSW/cfe/modules/srl/fsw/inc -I/home/hj/Documents/COSMIC_FSW/cfe/modules/rf/fsw/inc -g -std=c99 -pedantic -Wall -Wstrict-prototypes -Wwrite-strings -Wpointer-arith -Werror -Wno-format-truncation -Wno-stringop-truncation -MD -MT tbl/CMakeFiles/tbl.dir/fsw/src/cfe_tbl_transaction.c.o -MF CMakeFiles/tbl.dir/fsw/src/cfe_tbl_transaction.c.o.d -o CMakeFiles/tbl.dir/fsw/src/cfe_tbl_transaction.c.o -c /home/hj/Documents/COSMIC_FSW/cfe/modules/tbl/fsw/src/cfe_tbl_transaction.c
[ 52%] Building C object tbl/CMakeFiles/tbl.dir/fsw/src/cfe_tbl_task.c.o
cd /home/hj/Documents/COSMIC_FSW/build/i686-linux-gnu/default_cpu1/tbl && /usr/bin/gcc -D_CFE_CORE_ -D_LINUX_OS_ -D_POSIX_OS_ -D_XOPEN_SOURCE=600 -I/home/hj/Documents/COSMIC_FSW/build/inc -I/home/hj/Documents/COSMIC_FSW/build/i686-linux-gnu/default_cpu1/inc -I/home/hj/Documents/COSMIC_FSW/cfe/modules/tbl/fsw/inc -I/home/hj/Documents/COSMIC_FSW/cfe/modules/core_private/fsw/inc -I/home/hj/Documents/COSMIC_FSW/cfe/cmake/target/inc -I/home/hj/Documents/COSMIC_FSW/cfe/modules/core_api/fsw/inc -I/home/hj/Documents/COSMIC_FSW/cfe/modules/es/fsw/inc -I/home/hj/Documents/COSMIC_FSW/cfe/modules/evs/fsw/inc -I/home/hj/Documents/COSMIC_FSW/cfe/modules/fs/fsw/inc -I/home/hj/Documents/COSMIC_FSW/cfe/modules/sb/fsw/inc -I/home/hj/Documents/COSMIC_FSW/cfe/modules/time/fsw/inc -I/home/hj/Documents/COSMIC_FSW/osal/src/os/inc -I/home/hj/Documents/COSMIC_FSW/build/i686-linux-gnu/default_cpu1/osal/inc -I/home/hj/Documents/COSMIC_FSW/psp/fsw/inc -I/home/hj/Documents/COSMIC_FSW/psp/fsw/modules/iodriver/inc -I/home/hj/Documents/COSMIC_FSW/cfe/modules/msg/fsw/inc -I/home/hj/Documents/COSMIC_FSW/cfe/modules/resourceid/fsw/inc -I/home/hj/Documents/COSMIC_FSW/cfe/modules/config/fsw/inc -I/home/hj/Documents/COSMIC_FSW/cfe/modules/srl/fsw/inc -I/home/hj/Documents/COSMIC_FSW/cfe/modules/rf/fsw/inc -g -std=c99 -pedantic -Wall -Wstrict-prototypes -Wwrite-strings -Wpointer-arith -Werror -Wno-format-truncation -Wno-stringop-truncation -MD -MT tbl/CMakeFiles/tbl.dir/fsw/src/cfe_tbl_task.c.o -MF CMakeFiles/tbl.dir/fsw/src/cfe_tbl_task.c.o.d -o CMakeFiles/tbl.dir/fsw/src/cfe_tbl_task.c.o -c /home/hj/Documents/COSMIC_FSW/cfe/modules/tbl/fsw/src/cfe_tbl_task.c
[ 52%] Building C object tbl/CMakeFiles/tbl.dir/fsw/src/cfe_tbl_task_cmds.c.o
cd /home/hj/Documents/COSMIC_FSW/build/i686-linux-gnu/default_cpu1/tbl && /usr/bin/gcc -D_CFE_CORE_ -D_LINUX_OS_ -D_POSIX_OS_ -D_XOPEN_SOURCE=600 -I/home/hj/Documents/COSMIC_FSW/build/inc -I/home/hj/Documents/COSMIC_FSW/build/i686-linux-gnu/default_cpu1/inc -I/home/hj/Documents/COSMIC_FSW/cfe/modules/tbl/fsw/inc -I/home/hj/Documents/COSMIC_FSW/cfe/modules/core_private/fsw/inc -I/home/hj/Documents/COSMIC_FSW/cfe/cmake/target/inc -I/home/hj/Documents/COSMIC_FSW/cfe/modules/core_api/fsw/inc -I/home/hj/Documents/COSMIC_FSW/cfe/modules/es/fsw/inc -I/home/hj/Documents/COSMIC_FSW/cfe/modules/evs/fsw/inc -I/home/hj/Documents/COSMIC_FSW/cfe/modules/fs/fsw/inc -I/home/hj/Documents/COSMIC_FSW/cfe/modules/sb/fsw/inc -I/home/hj/Documents/COSMIC_FSW/cfe/modules/time/fsw/inc -I/home/hj/Documents/COSMIC_FSW/osal/src/os/inc -I/home/hj/Documents/COSMIC_FSW/build/i686-linux-gnu/default_cpu1/osal/inc -I/home/hj/Documents/COSMIC_FSW/psp/fsw/inc -I/home/hj/Documents/COSMIC_FSW/psp/fsw/modules/iodriver/inc -I/home/hj/Documents/COSMIC_FSW/cfe/modules/msg/fsw/inc -I/home/hj/Documents/COSMIC_FSW/cfe/modules/resourceid/fsw/inc -I/home/hj/Documents/COSMIC_FSW/cfe/modules/config/fsw/inc -I/home/hj/Documents/COSMIC_FSW/cfe/modules/srl/fsw/inc -I/home/hj/Documents/COSMIC_FSW/cfe/modules/rf/fsw/inc -g -std=c99 -pedantic -Wall -Wstrict-prototypes -Wwrite-strings -Wpointer-arith -Werror -Wno-format-truncation -Wno-stringop-truncation -MD -MT tbl/CMakeFiles/tbl.dir/fsw/src/cfe_tbl_task_cmds.c.o -MF CMakeFiles/tbl.dir/fsw/src/cfe_tbl_task_cmds.c.o.d -o CMakeFiles/tbl.dir/fsw/src/cfe_tbl_task_cmds.c.o -c /home/hj/Documents/COSMIC_FSW/cfe/modules/tbl/fsw/src/cfe_tbl_task_cmds.c
[ 52%] Building C object tbl/CMakeFiles/tbl.dir/fsw/src/cfe_tbl_dispatch.c.o
cd /home/hj/Documents/COSMIC_FSW/build/i686-linux-gnu/default_cpu1/tbl && /usr/bin/gcc -D_CFE_CORE_ -D_LINUX_OS_ -D_POSIX_OS_ -D_XOPEN_SOURCE=600 -I/home/hj/Documents/COSMIC_FSW/build/inc -I/home/hj/Documents/COSMIC_FSW/build/i686-linux-gnu/default_cpu1/inc -I/home/hj/Documents/COSMIC_FSW/cfe/modules/tbl/fsw/inc -I/home/hj/Documents/COSMIC_FSW/cfe/modules/core_private/fsw/inc -I/home/hj/Documents/COSMIC_FSW/cfe/cmake/target/inc -I/home/hj/Documents/COSMIC_FSW/cfe/modules/core_api/fsw/inc -I/home/hj/Documents/COSMIC_FSW/cfe/modules/es/fsw/inc -I/home/hj/Documents/COSMIC_FSW/cfe/modules/evs/fsw/inc -I/home/hj/Documents/COSMIC_FSW/cfe/modules/fs/fsw/inc -I/home/hj/Documents/COSMIC_FSW/cfe/modules/sb/fsw/inc -I/home/hj/Documents/COSMIC_FSW/cfe/modules/time/fsw/inc -I/home/hj/Documents/COSMIC_FSW/osal/src/os/inc -I/home/hj/Documents/COSMIC_FSW/build/i686-linux-gnu/default_cpu1/osal/inc -I/home/hj/Documents/COSMIC_FSW/psp/fsw/inc -I/home/hj/Documents/COSMIC_FSW/psp/fsw/modules/iodriver/inc -I/home/hj/Documents/COSMIC_FSW/cfe/modules/msg/fsw/inc -I/home/hj/Documents/COSMIC_FSW/cfe/modules/resourceid/fsw/inc -I/home/hj/Documents/COSMIC_FSW/cfe/modules/config/fsw/inc -I/home/hj/Documents/COSMIC_FSW/cfe/modules/srl/fsw/inc -I/home/hj/Documents/COSMIC_FSW/cfe/modules/rf/fsw/inc -g -std=c99 -pedantic -Wall -Wstrict-prototypes -Wwrite-strings -Wpointer-arith -Werror -Wno-format-truncation -Wno-stringop-truncation -MD -MT tbl/CMakeFiles/tbl.dir/fsw/src/cfe_tbl_dispatch.c.o -MF CMakeFiles/tbl.dir/fsw/src/cfe_tbl_dispatch.c.o.d -o CMakeFiles/tbl.dir/fsw/src/cfe_tbl_dispatch.c.o -c /home/hj/Documents/COSMIC_FSW/cfe/modules/tbl/fsw/src/cfe_tbl_dispatch.c
[ 52%] Linking C static library libtbl.a
cd /home/hj/Documents/COSMIC_FSW/build/i686-linux-gnu/default_cpu1/tbl && /usr/bin/cmake -P CMakeFiles/tbl.dir/cmake_clean_target.cmake
cd /home/hj/Documents/COSMIC_FSW/build/i686-linux-gnu/default_cpu1/tbl && /usr/bin/cmake -E cmake_link_script CMakeFiles/tbl.dir/link.txt --verbose=1
/usr/bin/ar qc libtbl.a CMakeFiles/tbl.dir/fsw/src/cfe_tbl_api.c.o CMakeFiles/tbl.dir/fsw/src/cfe_tbl_internal.c.o CMakeFiles/tbl.dir/fsw/src/cfe_tbl_resource.c.o CMakeFiles/tbl.dir/fsw/src/cfe_tbl_transaction.c.o CMakeFiles/tbl.dir/fsw/src/cfe_tbl_task.c.o CMakeFiles/tbl.dir/fsw/src/cfe_tbl_task_cmds.c.o CMakeFiles/tbl.dir/fsw/src/cfe_tbl_dispatch.c.o
/usr/bin/ranlib libtbl.a
[ 52%] Built target tbl
make  -f time/CMakeFiles/time.dir/build.make time/CMakeFiles/time.dir/depend
cd /home/hj/Documents/COSMIC_FSW/build/i686-linux-gnu/default_cpu1 && /usr/bin/cmake -E cmake_depends "Unix Makefiles" /home/hj/Documents/COSMIC_FSW/cfe /home/hj/Documents/COSMIC_FSW/cfe/modules/time /home/hj/Documents/COSMIC_FSW/build/i686-linux-gnu/default_cpu1 /home/hj/Documents/COSMIC_FSW/build/i686-linux-gnu/default_cpu1/time /home/hj/Documents/COSMIC_FSW/build/i686-linux-gnu/default_cpu1/time/CMakeFiles/time.dir/DependInfo.cmake --color=
Dependencies file "time/CMakeFiles/time.dir/fsw/src/cfe_time_api.c.o.d" is newer than depends file "/home/hj/Documents/COSMIC_FSW/build/i686-linux-gnu/default_cpu1/time/CMakeFiles/time.dir/compiler_depend.internal".
Dependencies file "time/CMakeFiles/time.dir/fsw/src/cfe_time_dispatch.c.o.d" is newer than depends file "/home/hj/Documents/COSMIC_FSW/build/i686-linux-gnu/default_cpu1/time/CMakeFiles/time.dir/compiler_depend.internal".
Dependencies file "time/CMakeFiles/time.dir/fsw/src/cfe_time_task.c.o.d" is newer than depends file "/home/hj/Documents/COSMIC_FSW/build/i686-linux-gnu/default_cpu1/time/CMakeFiles/time.dir/compiler_depend.internal".
Dependencies file "time/CMakeFiles/time.dir/fsw/src/cfe_time_tone.c.o.d" is newer than depends file "/home/hj/Documents/COSMIC_FSW/build/i686-linux-gnu/default_cpu1/time/CMakeFiles/time.dir/compiler_depend.internal".
Dependencies file "time/CMakeFiles/time.dir/fsw/src/cfe_time_utils.c.o.d" is newer than depends file "/home/hj/Documents/COSMIC_FSW/build/i686-linux-gnu/default_cpu1/time/CMakeFiles/time.dir/compiler_depend.internal".
Consolidate compiler generated dependencies of target time
make  -f time/CMakeFiles/time.dir/build.make time/CMakeFiles/time.dir/build
[ 52%] Building C object time/CMakeFiles/time.dir/fsw/src/cfe_time_api.c.o
cd /home/hj/Documents/COSMIC_FSW/build/i686-linux-gnu/default_cpu1/time && /usr/bin/gcc -D_CFE_CORE_ -D_LINUX_OS_ -D_POSIX_OS_ -D_XOPEN_SOURCE=600 -I/home/hj/Documents/COSMIC_FSW/build/inc -I/home/hj/Documents/COSMIC_FSW/build/i686-linux-gnu/default_cpu1/inc -I/home/hj/Documents/COSMIC_FSW/cfe/modules/time/fsw/inc -I/home/hj/Documents/COSMIC_FSW/cfe/modules/core_private/fsw/inc -I/home/hj/Documents/COSMIC_FSW/cfe/cmake/target/inc -I/home/hj/Documents/COSMIC_FSW/cfe/modules/core_api/fsw/inc -I/home/hj/Documents/COSMIC_FSW/cfe/modules/es/fsw/inc -I/home/hj/Documents/COSMIC_FSW/cfe/modules/evs/fsw/inc -I/home/hj/Documents/COSMIC_FSW/cfe/modules/fs/fsw/inc -I/home/hj/Documents/COSMIC_FSW/cfe/modules/sb/fsw/inc -I/home/hj/Documents/COSMIC_FSW/cfe/modules/tbl/fsw/inc -I/home/hj/Documents/COSMIC_FSW/osal/src/os/inc -I/home/hj/Documents/COSMIC_FSW/build/i686-linux-gnu/default_cpu1/osal/inc -I/home/hj/Documents/COSMIC_FSW/psp/fsw/inc -I/home/hj/Documents/COSMIC_FSW/psp/fsw/modules/iodriver/inc -I/home/hj/Documents/COSMIC_FSW/cfe/modules/msg/fsw/inc -I/home/hj/Documents/COSMIC_FSW/cfe/modules/resourceid/fsw/inc -I/home/hj/Documents/COSMIC_FSW/cfe/modules/config/fsw/inc -I/home/hj/Documents/COSMIC_FSW/cfe/modules/srl/fsw/inc -I/home/hj/Documents/COSMIC_FSW/cfe/modules/rf/fsw/inc -g -std=c99 -pedantic -Wall -Wstrict-prototypes -Wwrite-strings -Wpointer-arith -Werror -Wno-format-truncation -Wno-stringop-truncation -MD -MT time/CMakeFiles/time.dir/fsw/src/cfe_time_api.c.o -MF CMakeFiles/time.dir/fsw/src/cfe_time_api.c.o.d -o CMakeFiles/time.dir/fsw/src/cfe_time_api.c.o -c /home/hj/Documents/COSMIC_FSW/cfe/modules/time/fsw/src/cfe_time_api.c
[ 54%] Building C object time/CMakeFiles/time.dir/fsw/src/cfe_time_task.c.o
cd /home/hj/Documents/COSMIC_FSW/build/i686-linux-gnu/default_cpu1/time && /usr/bin/gcc -D_CFE_CORE_ -D_LINUX_OS_ -D_POSIX_OS_ -D_XOPEN_SOURCE=600 -I/home/hj/Documents/COSMIC_FSW/build/inc -I/home/hj/Documents/COSMIC_FSW/build/i686-linux-gnu/default_cpu1/inc -I/home/hj/Documents/COSMIC_FSW/cfe/modules/time/fsw/inc -I/home/hj/Documents/COSMIC_FSW/cfe/modules/core_private/fsw/inc -I/home/hj/Documents/COSMIC_FSW/cfe/cmake/target/inc -I/home/hj/Documents/COSMIC_FSW/cfe/modules/core_api/fsw/inc -I/home/hj/Documents/COSMIC_FSW/cfe/modules/es/fsw/inc -I/home/hj/Documents/COSMIC_FSW/cfe/modules/evs/fsw/inc -I/home/hj/Documents/COSMIC_FSW/cfe/modules/fs/fsw/inc -I/home/hj/Documents/COSMIC_FSW/cfe/modules/sb/fsw/inc -I/home/hj/Documents/COSMIC_FSW/cfe/modules/tbl/fsw/inc -I/home/hj/Documents/COSMIC_FSW/osal/src/os/inc -I/home/hj/Documents/COSMIC_FSW/build/i686-linux-gnu/default_cpu1/osal/inc -I/home/hj/Documents/COSMIC_FSW/psp/fsw/inc -I/home/hj/Documents/COSMIC_FSW/psp/fsw/modules/iodriver/inc -I/home/hj/Documents/COSMIC_FSW/cfe/modules/msg/fsw/inc -I/home/hj/Documents/COSMIC_FSW/cfe/modules/resourceid/fsw/inc -I/home/hj/Documents/COSMIC_FSW/cfe/modules/config/fsw/inc -I/home/hj/Documents/COSMIC_FSW/cfe/modules/srl/fsw/inc -I/home/hj/Documents/COSMIC_FSW/cfe/modules/rf/fsw/inc -g -std=c99 -pedantic -Wall -Wstrict-prototypes -Wwrite-strings -Wpointer-arith -Werror -Wno-format-truncation -Wno-stringop-truncation -MD -MT time/CMakeFiles/time.dir/fsw/src/cfe_time_task.c.o -MF CMakeFiles/time.dir/fsw/src/cfe_time_task.c.o.d -o CMakeFiles/time.dir/fsw/src/cfe_time_task.c.o -c /home/hj/Documents/COSMIC_FSW/cfe/modules/time/fsw/src/cfe_time_task.c
[ 54%] Building C object time/CMakeFiles/time.dir/fsw/src/cfe_time_tone.c.o
cd /home/hj/Documents/COSMIC_FSW/build/i686-linux-gnu/default_cpu1/time && /usr/bin/gcc -D_CFE_CORE_ -D_LINUX_OS_ -D_POSIX_OS_ -D_XOPEN_SOURCE=600 -I/home/hj/Documents/COSMIC_FSW/build/inc -I/home/hj/Documents/COSMIC_FSW/build/i686-linux-gnu/default_cpu1/inc -I/home/hj/Documents/COSMIC_FSW/cfe/modules/time/fsw/inc -I/home/hj/Documents/COSMIC_FSW/cfe/modules/core_private/fsw/inc -I/home/hj/Documents/COSMIC_FSW/cfe/cmake/target/inc -I/home/hj/Documents/COSMIC_FSW/cfe/modules/core_api/fsw/inc -I/home/hj/Documents/COSMIC_FSW/cfe/modules/es/fsw/inc -I/home/hj/Documents/COSMIC_FSW/cfe/modules/evs/fsw/inc -I/home/hj/Documents/COSMIC_FSW/cfe/modules/fs/fsw/inc -I/home/hj/Documents/COSMIC_FSW/cfe/modules/sb/fsw/inc -I/home/hj/Documents/COSMIC_FSW/cfe/modules/tbl/fsw/inc -I/home/hj/Documents/COSMIC_FSW/osal/src/os/inc -I/home/hj/Documents/COSMIC_FSW/build/i686-linux-gnu/default_cpu1/osal/inc -I/home/hj/Documents/COSMIC_FSW/psp/fsw/inc -I/home/hj/Documents/COSMIC_FSW/psp/fsw/modules/iodriver/inc -I/home/hj/Documents/COSMIC_FSW/cfe/modules/msg/fsw/inc -I/home/hj/Documents/COSMIC_FSW/cfe/modules/resourceid/fsw/inc -I/home/hj/Documents/COSMIC_FSW/cfe/modules/config/fsw/inc -I/home/hj/Documents/COSMIC_FSW/cfe/modules/srl/fsw/inc -I/home/hj/Documents/COSMIC_FSW/cfe/modules/rf/fsw/inc -g -std=c99 -pedantic -Wall -Wstrict-prototypes -Wwrite-strings -Wpointer-arith -Werror -Wno-format-truncation -Wno-stringop-truncation -MD -MT time/CMakeFiles/time.dir/fsw/src/cfe_time_tone.c.o -MF CMakeFiles/time.dir/fsw/src/cfe_time_tone.c.o.d -o CMakeFiles/time.dir/fsw/src/cfe_time_tone.c.o -c /home/hj/Documents/COSMIC_FSW/cfe/modules/time/fsw/src/cfe_time_tone.c
[ 54%] Building C object time/CMakeFiles/time.dir/fsw/src/cfe_time_utils.c.o
cd /home/hj/Documents/COSMIC_FSW/build/i686-linux-gnu/default_cpu1/time && /usr/bin/gcc -D_CFE_CORE_ -D_LINUX_OS_ -D_POSIX_OS_ -D_XOPEN_SOURCE=600 -I/home/hj/Documents/COSMIC_FSW/build/inc -I/home/hj/Documents/COSMIC_FSW/build/i686-linux-gnu/default_cpu1/inc -I/home/hj/Documents/COSMIC_FSW/cfe/modules/time/fsw/inc -I/home/hj/Documents/COSMIC_FSW/cfe/modules/core_private/fsw/inc -I/home/hj/Documents/COSMIC_FSW/cfe/cmake/target/inc -I/home/hj/Documents/COSMIC_FSW/cfe/modules/core_api/fsw/inc -I/home/hj/Documents/COSMIC_FSW/cfe/modules/es/fsw/inc -I/home/hj/Documents/COSMIC_FSW/cfe/modules/evs/fsw/inc -I/home/hj/Documents/COSMIC_FSW/cfe/modules/fs/fsw/inc -I/home/hj/Documents/COSMIC_FSW/cfe/modules/sb/fsw/inc -I/home/hj/Documents/COSMIC_FSW/cfe/modules/tbl/fsw/inc -I/home/hj/Documents/COSMIC_FSW/osal/src/os/inc -I/home/hj/Documents/COSMIC_FSW/build/i686-linux-gnu/default_cpu1/osal/inc -I/home/hj/Documents/COSMIC_FSW/psp/fsw/inc -I/home/hj/Documents/COSMIC_FSW/psp/fsw/modules/iodriver/inc -I/home/hj/Documents/COSMIC_FSW/cfe/modules/msg/fsw/inc -I/home/hj/Documents/COSMIC_FSW/cfe/modules/resourceid/fsw/inc -I/home/hj/Documents/COSMIC_FSW/cfe/modules/config/fsw/inc -I/home/hj/Documents/COSMIC_FSW/cfe/modules/srl/fsw/inc -I/home/hj/Documents/COSMIC_FSW/cfe/modules/rf/fsw/inc -g -std=c99 -pedantic -Wall -Wstrict-prototypes -Wwrite-strings -Wpointer-arith -Werror -Wno-format-truncation -Wno-stringop-truncation -MD -MT time/CMakeFiles/time.dir/fsw/src/cfe_time_utils.c.o -MF CMakeFiles/time.dir/fsw/src/cfe_time_utils.c.o.d -o CMakeFiles/time.dir/fsw/src/cfe_time_utils.c.o -c /home/hj/Documents/COSMIC_FSW/cfe/modules/time/fsw/src/cfe_time_utils.c
[ 54%] Building C object time/CMakeFiles/time.dir/fsw/src/cfe_time_dispatch.c.o
cd /home/hj/Documents/COSMIC_FSW/build/i686-linux-gnu/default_cpu1/time && /usr/bin/gcc -D_CFE_CORE_ -D_LINUX_OS_ -D_POSIX_OS_ -D_XOPEN_SOURCE=600 -I/home/hj/Documents/COSMIC_FSW/build/inc -I/home/hj/Documents/COSMIC_FSW/build/i686-linux-gnu/default_cpu1/inc -I/home/hj/Documents/COSMIC_FSW/cfe/modules/time/fsw/inc -I/home/hj/Documents/COSMIC_FSW/cfe/modules/core_private/fsw/inc -I/home/hj/Documents/COSMIC_FSW/cfe/cmake/target/inc -I/home/hj/Documents/COSMIC_FSW/cfe/modules/core_api/fsw/inc -I/home/hj/Documents/COSMIC_FSW/cfe/modules/es/fsw/inc -I/home/hj/Documents/COSMIC_FSW/cfe/modules/evs/fsw/inc -I/home/hj/Documents/COSMIC_FSW/cfe/modules/fs/fsw/inc -I/home/hj/Documents/COSMIC_FSW/cfe/modules/sb/fsw/inc -I/home/hj/Documents/COSMIC_FSW/cfe/modules/tbl/fsw/inc -I/home/hj/Documents/COSMIC_FSW/osal/src/os/inc -I/home/hj/Documents/COSMIC_FSW/build/i686-linux-gnu/default_cpu1/osal/inc -I/home/hj/Documents/COSMIC_FSW/psp/fsw/inc -I/home/hj/Documents/COSMIC_FSW/psp/fsw/modules/iodriver/inc -I/home/hj/Documents/COSMIC_FSW/cfe/modules/msg/fsw/inc -I/home/hj/Documents/COSMIC_FSW/cfe/modules/resourceid/fsw/inc -I/home/hj/Documents/COSMIC_FSW/cfe/modules/config/fsw/inc -I/home/hj/Documents/COSMIC_FSW/cfe/modules/srl/fsw/inc -I/home/hj/Documents/COSMIC_FSW/cfe/modules/rf/fsw/inc -g -std=c99 -pedantic -Wall -Wstrict-prototypes -Wwrite-strings -Wpointer-arith -Werror -Wno-format-truncation -Wno-stringop-truncation -MD -MT time/CMakeFiles/time.dir/fsw/src/cfe_time_dispatch.c.o -MF CMakeFiles/time.dir/fsw/src/cfe_time_dispatch.c.o.d -o CMakeFiles/time.dir/fsw/src/cfe_time_dispatch.c.o -c /home/hj/Documents/COSMIC_FSW/cfe/modules/time/fsw/src/cfe_time_dispatch.c
[ 54%] Linking C static library libtime.a
cd /home/hj/Documents/COSMIC_FSW/build/i686-linux-gnu/default_cpu1/time && /usr/bin/cmake -P CMakeFiles/time.dir/cmake_clean_target.cmake
cd /home/hj/Documents/COSMIC_FSW/build/i686-linux-gnu/default_cpu1/time && /usr/bin/cmake -E cmake_link_script CMakeFiles/time.dir/link.txt --verbose=1
/usr/bin/ar qc libtime.a CMakeFiles/time.dir/fsw/src/cfe_time_api.c.o CMakeFiles/time.dir/fsw/src/cfe_time_task.c.o CMakeFiles/time.dir/fsw/src/cfe_time_tone.c.o CMakeFiles/time.dir/fsw/src/cfe_time_utils.c.o CMakeFiles/time.dir/fsw/src/cfe_time_dispatch.c.o
/usr/bin/ranlib libtime.a
[ 54%] Built target time
make  -f psp/linux_sysmon-pc-linux-impl/CMakeFiles/linux_sysmon.dir/build.make psp/linux_sysmon-pc-linux-impl/CMakeFiles/linux_sysmon.dir/depend
cd /home/hj/Documents/COSMIC_FSW/build/i686-linux-gnu/default_cpu1 && /usr/bin/cmake -E cmake_depends "Unix Makefiles" /home/hj/Documents/COSMIC_FSW/cfe /home/hj/Documents/COSMIC_FSW/psp/fsw/modules/linux_sysmon /home/hj/Documents/COSMIC_FSW/build/i686-linux-gnu/default_cpu1 /home/hj/Documents/COSMIC_FSW/build/i686-linux-gnu/default_cpu1/psp/linux_sysmon-pc-linux-impl /home/hj/Documents/COSMIC_FSW/build/i686-linux-gnu/default_cpu1/psp/linux_sysmon-pc-linux-impl/CMakeFiles/linux_sysmon.dir/DependInfo.cmake --color=
Dependencies file "psp/linux_sysmon-pc-linux-impl/CMakeFiles/linux_sysmon.dir/linux_sysmon.c.o.d" is newer than depends file "/home/hj/Documents/COSMIC_FSW/build/i686-linux-gnu/default_cpu1/psp/linux_sysmon-pc-linux-impl/CMakeFiles/linux_sysmon.dir/compiler_depend.internal".
Consolidate compiler generated dependencies of target linux_sysmon
make  -f psp/linux_sysmon-pc-linux-impl/CMakeFiles/linux_sysmon.dir/build.make psp/linux_sysmon-pc-linux-impl/CMakeFiles/linux_sysmon.dir/build
make[7]: 'psp/linux_sysmon-pc-linux-impl/CMakeFiles/linux_sysmon.dir/build'을(를) 위해 할 일이 없습니다.
[ 54%] Built target linux_sysmon
make  -f psp/pc-linux-impl/CMakeFiles/psp-pc-linux-impl.dir/build.make psp/pc-linux-impl/CMakeFiles/psp-pc-linux-impl.dir/depend
cd /home/hj/Documents/COSMIC_FSW/build/i686-linux-gnu/default_cpu1 && /usr/bin/cmake -E cmake_depends "Unix Makefiles" /home/hj/Documents/COSMIC_FSW/cfe /home/hj/Documents/COSMIC_FSW/psp/fsw/pc-linux /home/hj/Documents/COSMIC_FSW/build/i686-linux-gnu/default_cpu1 /home/hj/Documents/COSMIC_FSW/build/i686-linux-gnu/default_cpu1/psp/pc-linux-impl /home/hj/Documents/COSMIC_FSW/build/i686-linux-gnu/default_cpu1/psp/pc-linux-impl/CMakeFiles/psp-pc-linux-impl.dir/DependInfo.cmake --color=
Dependencies file "psp/pc-linux-impl/CMakeFiles/psp-pc-linux-impl.dir/src/cfe_psp_exception.c.o.d" is newer than depends file "/home/hj/Documents/COSMIC_FSW/build/i686-linux-gnu/default_cpu1/psp/pc-linux-impl/CMakeFiles/psp-pc-linux-impl.dir/compiler_depend.internal".
Dependencies file "psp/pc-linux-impl/CMakeFiles/psp-pc-linux-impl.dir/src/cfe_psp_memory.c.o.d" is newer than depends file "/home/hj/Documents/COSMIC_FSW/build/i686-linux-gnu/default_cpu1/psp/pc-linux-impl/CMakeFiles/psp-pc-linux-impl.dir/compiler_depend.internal".
Dependencies file "psp/pc-linux-impl/CMakeFiles/psp-pc-linux-impl.dir/src/cfe_psp_ssr.c.o.d" is newer than depends file "/home/hj/Documents/COSMIC_FSW/build/i686-linux-gnu/default_cpu1/psp/pc-linux-impl/CMakeFiles/psp-pc-linux-impl.dir/compiler_depend.internal".
Dependencies file "psp/pc-linux-impl/CMakeFiles/psp-pc-linux-impl.dir/src/cfe_psp_start.c.o.d" is newer than depends file "/home/hj/Documents/COSMIC_FSW/build/i686-linux-gnu/default_cpu1/psp/pc-linux-impl/CMakeFiles/psp-pc-linux-impl.dir/compiler_depend.internal".
Dependencies file "psp/pc-linux-impl/CMakeFiles/psp-pc-linux-impl.dir/src/cfe_psp_support.c.o.d" is newer than depends file "/home/hj/Documents/COSMIC_FSW/build/i686-linux-gnu/default_cpu1/psp/pc-linux-impl/CMakeFiles/psp-pc-linux-impl.dir/compiler_depend.internal".
Dependencies file "psp/pc-linux-impl/CMakeFiles/psp-pc-linux-impl.dir/src/cfe_psp_watchdog.c.o.d" is newer than depends file "/home/hj/Documents/COSMIC_FSW/build/i686-linux-gnu/default_cpu1/psp/pc-linux-impl/CMakeFiles/psp-pc-linux-impl.dir/compiler_depend.internal".
Consolidate compiler generated dependencies of target psp-pc-linux-impl
make  -f psp/pc-linux-impl/CMakeFiles/psp-pc-linux-impl.dir/build.make psp/pc-linux-impl/CMakeFiles/psp-pc-linux-impl.dir/build
make[7]: 'psp/pc-linux-impl/CMakeFiles/psp-pc-linux-impl.dir/build'을(를) 위해 할 일이 없습니다.
[ 55%] Built target psp-pc-linux-impl
make  -f psp/pc-linux-shared/CMakeFiles/psp-pc-linux-shared.dir/build.make psp/pc-linux-shared/CMakeFiles/psp-pc-linux-shared.dir/depend
cd /home/hj/Documents/COSMIC_FSW/build/i686-linux-gnu/default_cpu1 && /usr/bin/cmake -E cmake_depends "Unix Makefiles" /home/hj/Documents/COSMIC_FSW/cfe /home/hj/Documents/COSMIC_FSW/psp/fsw/shared /home/hj/Documents/COSMIC_FSW/build/i686-linux-gnu/default_cpu1 /home/hj/Documents/COSMIC_FSW/build/i686-linux-gnu/default_cpu1/psp/pc-linux-shared /home/hj/Documents/COSMIC_FSW/build/i686-linux-gnu/default_cpu1/psp/pc-linux-shared/CMakeFiles/psp-pc-linux-shared.dir/DependInfo.cmake --color=
Dependencies file "psp/pc-linux-shared/CMakeFiles/psp-pc-linux-shared.dir/src/cfe_psp_error.c.o.d" is newer than depends file "/home/hj/Documents/COSMIC_FSW/build/i686-linux-gnu/default_cpu1/psp/pc-linux-shared/CMakeFiles/psp-pc-linux-shared.dir/compiler_depend.internal".
Dependencies file "psp/pc-linux-shared/CMakeFiles/psp-pc-linux-shared.dir/src/cfe_psp_exceptionstorage.c.o.d" is newer than depends file "/home/hj/Documents/COSMIC_FSW/build/i686-linux-gnu/default_cpu1/psp/pc-linux-shared/CMakeFiles/psp-pc-linux-shared.dir/compiler_depend.internal".
Dependencies file "psp/pc-linux-shared/CMakeFiles/psp-pc-linux-shared.dir/src/cfe_psp_memrange.c.o.d" is newer than depends file "/home/hj/Documents/COSMIC_FSW/build/i686-linux-gnu/default_cpu1/psp/pc-linux-shared/CMakeFiles/psp-pc-linux-shared.dir/compiler_depend.internal".
Dependencies file "psp/pc-linux-shared/CMakeFiles/psp-pc-linux-shared.dir/src/cfe_psp_memutils.c.o.d" is newer than depends file "/home/hj/Documents/COSMIC_FSW/build/i686-linux-gnu/default_cpu1/psp/pc-linux-shared/CMakeFiles/psp-pc-linux-shared.dir/compiler_depend.internal".
Dependencies file "psp/pc-linux-shared/CMakeFiles/psp-pc-linux-shared.dir/src/cfe_psp_module.c.o.d" is newer than depends file "/home/hj/Documents/COSMIC_FSW/build/i686-linux-gnu/default_cpu1/psp/pc-linux-shared/CMakeFiles/psp-pc-linux-shared.dir/compiler_depend.internal".
Dependencies file "psp/pc-linux-shared/CMakeFiles/psp-pc-linux-shared.dir/src/cfe_psp_version.c.o.d" is newer than depends file "/home/hj/Documents/COSMIC_FSW/build/i686-linux-gnu/default_cpu1/psp/pc-linux-shared/CMakeFiles/psp-pc-linux-shared.dir/compiler_depend.internal".
Consolidate compiler generated dependencies of target psp-pc-linux-shared
make  -f psp/pc-linux-shared/CMakeFiles/psp-pc-linux-shared.dir/build.make psp/pc-linux-shared/CMakeFiles/psp-pc-linux-shared.dir/build
make[7]: 'psp/pc-linux-shared/CMakeFiles/psp-pc-linux-shared.dir/build'을(를) 위해 할 일이 없습니다.
[ 56%] Built target psp-pc-linux-shared
make  -f psp/soft_timebase-pc-linux-impl/CMakeFiles/soft_timebase.dir/build.make psp/soft_timebase-pc-linux-impl/CMakeFiles/soft_timebase.dir/depend
cd /home/hj/Documents/COSMIC_FSW/build/i686-linux-gnu/default_cpu1 && /usr/bin/cmake -E cmake_depends "Unix Makefiles" /home/hj/Documents/COSMIC_FSW/cfe /home/hj/Documents/COSMIC_FSW/psp/fsw/modules/soft_timebase /home/hj/Documents/COSMIC_FSW/build/i686-linux-gnu/default_cpu1 /home/hj/Documents/COSMIC_FSW/build/i686-linux-gnu/default_cpu1/psp/soft_timebase-pc-linux-impl /home/hj/Documents/COSMIC_FSW/build/i686-linux-gnu/default_cpu1/psp/soft_timebase-pc-linux-impl/CMakeFiles/soft_timebase.dir/DependInfo.cmake --color=
Dependencies file "psp/soft_timebase-pc-linux-impl/CMakeFiles/soft_timebase.dir/cfe_psp_soft_timebase.c.o.d" is newer than depends file "/home/hj/Documents/COSMIC_FSW/build/i686-linux-gnu/default_cpu1/psp/soft_timebase-pc-linux-impl/CMakeFiles/soft_timebase.dir/compiler_depend.internal".
Consolidate compiler generated dependencies of target soft_timebase
make  -f psp/soft_timebase-pc-linux-impl/CMakeFiles/soft_timebase.dir/build.make psp/soft_timebase-pc-linux-impl/CMakeFiles/soft_timebase.dir/build
make[7]: 'psp/soft_timebase-pc-linux-impl/CMakeFiles/soft_timebase.dir/build'을(를) 위해 할 일이 없습니다.
[ 56%] Built target soft_timebase
make  -f psp/timebase_posix_clock-pc-linux-impl/CMakeFiles/timebase_posix_clock.dir/build.make psp/timebase_posix_clock-pc-linux-impl/CMakeFiles/timebase_posix_clock.dir/depend
cd /home/hj/Documents/COSMIC_FSW/build/i686-linux-gnu/default_cpu1 && /usr/bin/cmake -E cmake_depends "Unix Makefiles" /home/hj/Documents/COSMIC_FSW/cfe /home/hj/Documents/COSMIC_FSW/psp/fsw/modules/timebase_posix_clock /home/hj/Documents/COSMIC_FSW/build/i686-linux-gnu/default_cpu1 /home/hj/Documents/COSMIC_FSW/build/i686-linux-gnu/default_cpu1/psp/timebase_posix_clock-pc-linux-impl /home/hj/Documents/COSMIC_FSW/build/i686-linux-gnu/default_cpu1/psp/timebase_posix_clock-pc-linux-impl/CMakeFiles/timebase_posix_clock.dir/DependInfo.cmake --color=
Dependencies file "psp/timebase_posix_clock-pc-linux-impl/CMakeFiles/timebase_posix_clock.dir/cfe_psp_timebase_posix_clock.c.o.d" is newer than depends file "/home/hj/Documents/COSMIC_FSW/build/i686-linux-gnu/default_cpu1/psp/timebase_posix_clock-pc-linux-impl/CMakeFiles/timebase_posix_clock.dir/compiler_depend.internal".
Consolidate compiler generated dependencies of target timebase_posix_clock
make  -f psp/timebase_posix_clock-pc-linux-impl/CMakeFiles/timebase_posix_clock.dir/build.make psp/timebase_posix_clock-pc-linux-impl/CMakeFiles/timebase_posix_clock.dir/build
make[7]: 'psp/timebase_posix_clock-pc-linux-impl/CMakeFiles/timebase_posix_clock.dir/build'을(를) 위해 할 일이 없습니다.
[ 56%] Built target timebase_posix_clock
make  -f psp/eeprom_mmap_file-pc-linux-impl/CMakeFiles/eeprom_mmap_file.dir/build.make psp/eeprom_mmap_file-pc-linux-impl/CMakeFiles/eeprom_mmap_file.dir/depend
cd /home/hj/Documents/COSMIC_FSW/build/i686-linux-gnu/default_cpu1 && /usr/bin/cmake -E cmake_depends "Unix Makefiles" /home/hj/Documents/COSMIC_FSW/cfe /home/hj/Documents/COSMIC_FSW/psp/fsw/modules/eeprom_mmap_file /home/hj/Documents/COSMIC_FSW/build/i686-linux-gnu/default_cpu1 /home/hj/Documents/COSMIC_FSW/build/i686-linux-gnu/default_cpu1/psp/eeprom_mmap_file-pc-linux-impl /home/hj/Documents/COSMIC_FSW/build/i686-linux-gnu/default_cpu1/psp/eeprom_mmap_file-pc-linux-impl/CMakeFiles/eeprom_mmap_file.dir/DependInfo.cmake --color=
Dependencies file "psp/eeprom_mmap_file-pc-linux-impl/CMakeFiles/eeprom_mmap_file.dir/cfe_psp_eeprom_mmap_file.c.o.d" is newer than depends file "/home/hj/Documents/COSMIC_FSW/build/i686-linux-gnu/default_cpu1/psp/eeprom_mmap_file-pc-linux-impl/CMakeFiles/eeprom_mmap_file.dir/compiler_depend.internal".
Consolidate compiler generated dependencies of target eeprom_mmap_file
make  -f psp/eeprom_mmap_file-pc-linux-impl/CMakeFiles/eeprom_mmap_file.dir/build.make psp/eeprom_mmap_file-pc-linux-impl/CMakeFiles/eeprom_mmap_file.dir/build
make[7]: 'psp/eeprom_mmap_file-pc-linux-impl/CMakeFiles/eeprom_mmap_file.dir/build'을(를) 위해 할 일이 없습니다.
[ 56%] Built target eeprom_mmap_file
make  -f psp/ram_notimpl-pc-linux-impl/CMakeFiles/ram_notimpl.dir/build.make psp/ram_notimpl-pc-linux-impl/CMakeFiles/ram_notimpl.dir/depend
cd /home/hj/Documents/COSMIC_FSW/build/i686-linux-gnu/default_cpu1 && /usr/bin/cmake -E cmake_depends "Unix Makefiles" /home/hj/Documents/COSMIC_FSW/cfe /home/hj/Documents/COSMIC_FSW/psp/fsw/modules/ram_notimpl /home/hj/Documents/COSMIC_FSW/build/i686-linux-gnu/default_cpu1 /home/hj/Documents/COSMIC_FSW/build/i686-linux-gnu/default_cpu1/psp/ram_notimpl-pc-linux-impl /home/hj/Documents/COSMIC_FSW/build/i686-linux-gnu/default_cpu1/psp/ram_notimpl-pc-linux-impl/CMakeFiles/ram_notimpl.dir/DependInfo.cmake --color=
Dependencies file "psp/ram_notimpl-pc-linux-impl/CMakeFiles/ram_notimpl.dir/cfe_psp_ram_notimpl.c.o.d" is newer than depends file "/home/hj/Documents/COSMIC_FSW/build/i686-linux-gnu/default_cpu1/psp/ram_notimpl-pc-linux-impl/CMakeFiles/ram_notimpl.dir/compiler_depend.internal".
Consolidate compiler generated dependencies of target ram_notimpl
make  -f psp/ram_notimpl-pc-linux-impl/CMakeFiles/ram_notimpl.dir/build.make psp/ram_notimpl-pc-linux-impl/CMakeFiles/ram_notimpl.dir/build
make[7]: 'psp/ram_notimpl-pc-linux-impl/CMakeFiles/ram_notimpl.dir/build'을(를) 위해 할 일이 없습니다.
[ 58%] Built target ram_notimpl
make  -f psp/port_notimpl-pc-linux-impl/CMakeFiles/port_notimpl.dir/build.make psp/port_notimpl-pc-linux-impl/CMakeFiles/port_notimpl.dir/depend
cd /home/hj/Documents/COSMIC_FSW/build/i686-linux-gnu/default_cpu1 && /usr/bin/cmake -E cmake_depends "Unix Makefiles" /home/hj/Documents/COSMIC_FSW/cfe /home/hj/Documents/COSMIC_FSW/psp/fsw/modules/port_notimpl /home/hj/Documents/COSMIC_FSW/build/i686-linux-gnu/default_cpu1 /home/hj/Documents/COSMIC_FSW/build/i686-linux-gnu/default_cpu1/psp/port_notimpl-pc-linux-impl /home/hj/Documents/COSMIC_FSW/build/i686-linux-gnu/default_cpu1/psp/port_notimpl-pc-linux-impl/CMakeFiles/port_notimpl.dir/DependInfo.cmake --color=
Dependencies file "psp/port_notimpl-pc-linux-impl/CMakeFiles/port_notimpl.dir/cfe_psp_port_notimpl.c.o.d" is newer than depends file "/home/hj/Documents/COSMIC_FSW/build/i686-linux-gnu/default_cpu1/psp/port_notimpl-pc-linux-impl/CMakeFiles/port_notimpl.dir/compiler_depend.internal".
Consolidate compiler generated dependencies of target port_notimpl
make  -f psp/port_notimpl-pc-linux-impl/CMakeFiles/port_notimpl.dir/build.make psp/port_notimpl-pc-linux-impl/CMakeFiles/port_notimpl.dir/build
make[7]: 'psp/port_notimpl-pc-linux-impl/CMakeFiles/port_notimpl.dir/build'을(를) 위해 할 일이 없습니다.
[ 58%] Built target port_notimpl
make  -f psp/iodriver-pc-linux-impl/CMakeFiles/iodriver.dir/build.make psp/iodriver-pc-linux-impl/CMakeFiles/iodriver.dir/depend
cd /home/hj/Documents/COSMIC_FSW/build/i686-linux-gnu/default_cpu1 && /usr/bin/cmake -E cmake_depends "Unix Makefiles" /home/hj/Documents/COSMIC_FSW/cfe /home/hj/Documents/COSMIC_FSW/psp/fsw/modules/iodriver /home/hj/Documents/COSMIC_FSW/build/i686-linux-gnu/default_cpu1 /home/hj/Documents/COSMIC_FSW/build/i686-linux-gnu/default_cpu1/psp/iodriver-pc-linux-impl /home/hj/Documents/COSMIC_FSW/build/i686-linux-gnu/default_cpu1/psp/iodriver-pc-linux-impl/CMakeFiles/iodriver.dir/DependInfo.cmake --color=
Dependencies file "psp/iodriver-pc-linux-impl/CMakeFiles/iodriver.dir/src/iodriver.c.o.d" is newer than depends file "/home/hj/Documents/COSMIC_FSW/build/i686-linux-gnu/default_cpu1/psp/iodriver-pc-linux-impl/CMakeFiles/iodriver.dir/compiler_depend.internal".
Consolidate compiler generated dependencies of target iodriver
make  -f psp/iodriver-pc-linux-impl/CMakeFiles/iodriver.dir/build.make psp/iodriver-pc-linux-impl/CMakeFiles/iodriver.dir/build
make[7]: 'psp/iodriver-pc-linux-impl/CMakeFiles/iodriver.dir/build'을(를) 위해 할 일이 없습니다.
[ 59%] Built target iodriver
make  -f psp/CMakeFiles/psp-pc-linux.dir/build.make psp/CMakeFiles/psp-pc-linux.dir/depend
cd /home/hj/Documents/COSMIC_FSW/build/i686-linux-gnu/default_cpu1 && /usr/bin/cmake -E cmake_depends "Unix Makefiles" /home/hj/Documents/COSMIC_FSW/cfe /home/hj/Documents/COSMIC_FSW/psp /home/hj/Documents/COSMIC_FSW/build/i686-linux-gnu/default_cpu1 /home/hj/Documents/COSMIC_FSW/build/i686-linux-gnu/default_cpu1/psp /home/hj/Documents/COSMIC_FSW/build/i686-linux-gnu/default_cpu1/psp/CMakeFiles/psp-pc-linux.dir/DependInfo.cmake --color=
Dependencies file "psp/CMakeFiles/psp-pc-linux.dir/pc-linux_module_list.c.o.d" is newer than depends file "/home/hj/Documents/COSMIC_FSW/build/i686-linux-gnu/default_cpu1/psp/CMakeFiles/psp-pc-linux.dir/compiler_depend.internal".
Consolidate compiler generated dependencies of target psp-pc-linux
make  -f psp/CMakeFiles/psp-pc-linux.dir/build.make psp/CMakeFiles/psp-pc-linux.dir/build
make[7]: 'psp/CMakeFiles/psp-pc-linux.dir/build'을(를) 위해 할 일이 없습니다.
[ 61%] Built target psp-pc-linux
make  -f msg/CMakeFiles/msg.dir/build.make msg/CMakeFiles/msg.dir/depend
cd /home/hj/Documents/COSMIC_FSW/build/i686-linux-gnu/default_cpu1 && /usr/bin/cmake -E cmake_depends "Unix Makefiles" /home/hj/Documents/COSMIC_FSW/cfe /home/hj/Documents/COSMIC_FSW/cfe/modules/msg /home/hj/Documents/COSMIC_FSW/build/i686-linux-gnu/default_cpu1 /home/hj/Documents/COSMIC_FSW/build/i686-linux-gnu/default_cpu1/msg /home/hj/Documents/COSMIC_FSW/build/i686-linux-gnu/default_cpu1/msg/CMakeFiles/msg.dir/DependInfo.cmake --color=
Dependencies file "msg/CMakeFiles/msg.dir/fsw/src/cfe_msg_ccsdspri.c.o.d" is newer than depends file "/home/hj/Documents/COSMIC_FSW/build/i686-linux-gnu/default_cpu1/msg/CMakeFiles/msg.dir/compiler_depend.internal".
Dependencies file "msg/CMakeFiles/msg.dir/fsw/src/cfe_msg_init.c.o.d" is newer than depends file "/home/hj/Documents/COSMIC_FSW/build/i686-linux-gnu/default_cpu1/msg/CMakeFiles/msg.dir/compiler_depend.internal".
Dependencies file "msg/CMakeFiles/msg.dir/fsw/src/cfe_msg_initdefaulthdr_pri.c.o.d" is newer than depends file "/home/hj/Documents/COSMIC_FSW/build/i686-linux-gnu/default_cpu1/msg/CMakeFiles/msg.dir/compiler_depend.internal".
Dependencies file "msg/CMakeFiles/msg.dir/fsw/src/cfe_msg_integrity.c.o.d" is newer than depends file "/home/hj/Documents/COSMIC_FSW/build/i686-linux-gnu/default_cpu1/msg/CMakeFiles/msg.dir/compiler_depend.internal".
Dependencies file "msg/CMakeFiles/msg.dir/fsw/src/cfe_msg_msgid_shared.c.o.d" is newer than depends file "/home/hj/Documents/COSMIC_FSW/build/i686-linux-gnu/default_cpu1/msg/CMakeFiles/msg.dir/compiler_depend.internal".
Dependencies file "msg/CMakeFiles/msg.dir/fsw/src/cfe_msg_msgid_v1.c.o.d" is newer than depends file "/home/hj/Documents/COSMIC_FSW/build/i686-linux-gnu/default_cpu1/msg/CMakeFiles/msg.dir/compiler_depend.internal".
Dependencies file "msg/CMakeFiles/msg.dir/fsw/src/cfe_msg_sechdr_checksum.c.o.d" is newer than depends file "/home/hj/Documents/COSMIC_FSW/build/i686-linux-gnu/default_cpu1/msg/CMakeFiles/msg.dir/compiler_depend.internal".
Dependencies file "msg/CMakeFiles/msg.dir/fsw/src/cfe_msg_sechdr_fc.c.o.d" is newer than depends file "/home/hj/Documents/COSMIC_FSW/build/i686-linux-gnu/default_cpu1/msg/CMakeFiles/msg.dir/compiler_depend.internal".
Dependencies file "msg/CMakeFiles/msg.dir/fsw/src/cfe_msg_sechdr_time.c.o.d" is newer than depends file "/home/hj/Documents/COSMIC_FSW/build/i686-linux-gnu/default_cpu1/msg/CMakeFiles/msg.dir/compiler_depend.internal".
Consolidate compiler generated dependencies of target msg
make  -f msg/CMakeFiles/msg.dir/build.make msg/CMakeFiles/msg.dir/build
[ 61%] Building C object msg/CMakeFiles/msg.dir/fsw/src/cfe_msg_ccsdspri.c.o
cd /home/hj/Documents/COSMIC_FSW/build/i686-linux-gnu/default_cpu1/msg && /usr/bin/gcc -D_CFE_CORE_ -D_LINUX_OS_ -D_POSIX_OS_ -D_XOPEN_SOURCE=600 -I/home/hj/Documents/COSMIC_FSW/build/inc -I/home/hj/Documents/COSMIC_FSW/build/i686-linux-gnu/default_cpu1/inc -I/home/hj/Documents/COSMIC_FSW/cfe/modules/msg/fsw/inc -I/home/hj/Documents/COSMIC_FSW/cfe/modules/core_private/fsw/inc -I/home/hj/Documents/COSMIC_FSW/cfe/cmake/target/inc -I/home/hj/Documents/COSMIC_FSW/cfe/modules/core_api/fsw/inc -I/home/hj/Documents/COSMIC_FSW/cfe/modules/es/fsw/inc -I/home/hj/Documents/COSMIC_FSW/cfe/modules/evs/fsw/inc -I/home/hj/Documents/COSMIC_FSW/cfe/modules/fs/fsw/inc -I/home/hj/Documents/COSMIC_FSW/cfe/modules/sb/fsw/inc -I/home/hj/Documents/COSMIC_FSW/cfe/modules/tbl/fsw/inc -I/home/hj/Documents/COSMIC_FSW/cfe/modules/time/fsw/inc -I/home/hj/Documents/COSMIC_FSW/osal/src/os/inc -I/home/hj/Documents/COSMIC_FSW/build/i686-linux-gnu/default_cpu1/osal/inc -I/home/hj/Documents/COSMIC_FSW/psp/fsw/inc -I/home/hj/Documents/COSMIC_FSW/psp/fsw/modules/iodriver/inc -I/home/hj/Documents/COSMIC_FSW/cfe/modules/resourceid/fsw/inc -I/home/hj/Documents/COSMIC_FSW/cfe/modules/config/fsw/inc -I/home/hj/Documents/COSMIC_FSW/cfe/modules/srl/fsw/inc -I/home/hj/Documents/COSMIC_FSW/cfe/modules/rf/fsw/inc -g -std=c99 -pedantic -Wall -Wstrict-prototypes -Wwrite-strings -Wpointer-arith -Werror -Wno-format-truncation -Wno-stringop-truncation -MD -MT msg/CMakeFiles/msg.dir/fsw/src/cfe_msg_ccsdspri.c.o -MF CMakeFiles/msg.dir/fsw/src/cfe_msg_ccsdspri.c.o.d -o CMakeFiles/msg.dir/fsw/src/cfe_msg_ccsdspri.c.o -c /home/hj/Documents/COSMIC_FSW/cfe/modules/msg/fsw/src/cfe_msg_ccsdspri.c
[ 62%] Building C object msg/CMakeFiles/msg.dir/fsw/src/cfe_msg_init.c.o
cd /home/hj/Documents/COSMIC_FSW/build/i686-linux-gnu/default_cpu1/msg && /usr/bin/gcc -D_CFE_CORE_ -D_LINUX_OS_ -D_POSIX_OS_ -D_XOPEN_SOURCE=600 -I/home/hj/Documents/COSMIC_FSW/build/inc -I/home/hj/Documents/COSMIC_FSW/build/i686-linux-gnu/default_cpu1/inc -I/home/hj/Documents/COSMIC_FSW/cfe/modules/msg/fsw/inc -I/home/hj/Documents/COSMIC_FSW/cfe/modules/core_private/fsw/inc -I/home/hj/Documents/COSMIC_FSW/cfe/cmake/target/inc -I/home/hj/Documents/COSMIC_FSW/cfe/modules/core_api/fsw/inc -I/home/hj/Documents/COSMIC_FSW/cfe/modules/es/fsw/inc -I/home/hj/Documents/COSMIC_FSW/cfe/modules/evs/fsw/inc -I/home/hj/Documents/COSMIC_FSW/cfe/modules/fs/fsw/inc -I/home/hj/Documents/COSMIC_FSW/cfe/modules/sb/fsw/inc -I/home/hj/Documents/COSMIC_FSW/cfe/modules/tbl/fsw/inc -I/home/hj/Documents/COSMIC_FSW/cfe/modules/time/fsw/inc -I/home/hj/Documents/COSMIC_FSW/osal/src/os/inc -I/home/hj/Documents/COSMIC_FSW/build/i686-linux-gnu/default_cpu1/osal/inc -I/home/hj/Documents/COSMIC_FSW/psp/fsw/inc -I/home/hj/Documents/COSMIC_FSW/psp/fsw/modules/iodriver/inc -I/home/hj/Documents/COSMIC_FSW/cfe/modules/resourceid/fsw/inc -I/home/hj/Documents/COSMIC_FSW/cfe/modules/config/fsw/inc -I/home/hj/Documents/COSMIC_FSW/cfe/modules/srl/fsw/inc -I/home/hj/Documents/COSMIC_FSW/cfe/modules/rf/fsw/inc -g -std=c99 -pedantic -Wall -Wstrict-prototypes -Wwrite-strings -Wpointer-arith -Werror -Wno-format-truncation -Wno-stringop-truncation -MD -MT msg/CMakeFiles/msg.dir/fsw/src/cfe_msg_init.c.o -MF CMakeFiles/msg.dir/fsw/src/cfe_msg_init.c.o.d -o CMakeFiles/msg.dir/fsw/src/cfe_msg_init.c.o -c /home/hj/Documents/COSMIC_FSW/cfe/modules/msg/fsw/src/cfe_msg_init.c
[ 62%] Building C object msg/CMakeFiles/msg.dir/fsw/src/cfe_msg_integrity.c.o
cd /home/hj/Documents/COSMIC_FSW/build/i686-linux-gnu/default_cpu1/msg && /usr/bin/gcc -D_CFE_CORE_ -D_LINUX_OS_ -D_POSIX_OS_ -D_XOPEN_SOURCE=600 -I/home/hj/Documents/COSMIC_FSW/build/inc -I/home/hj/Documents/COSMIC_FSW/build/i686-linux-gnu/default_cpu1/inc -I/home/hj/Documents/COSMIC_FSW/cfe/modules/msg/fsw/inc -I/home/hj/Documents/COSMIC_FSW/cfe/modules/core_private/fsw/inc -I/home/hj/Documents/COSMIC_FSW/cfe/cmake/target/inc -I/home/hj/Documents/COSMIC_FSW/cfe/modules/core_api/fsw/inc -I/home/hj/Documents/COSMIC_FSW/cfe/modules/es/fsw/inc -I/home/hj/Documents/COSMIC_FSW/cfe/modules/evs/fsw/inc -I/home/hj/Documents/COSMIC_FSW/cfe/modules/fs/fsw/inc -I/home/hj/Documents/COSMIC_FSW/cfe/modules/sb/fsw/inc -I/home/hj/Documents/COSMIC_FSW/cfe/modules/tbl/fsw/inc -I/home/hj/Documents/COSMIC_FSW/cfe/modules/time/fsw/inc -I/home/hj/Documents/COSMIC_FSW/osal/src/os/inc -I/home/hj/Documents/COSMIC_FSW/build/i686-linux-gnu/default_cpu1/osal/inc -I/home/hj/Documents/COSMIC_FSW/psp/fsw/inc -I/home/hj/Documents/COSMIC_FSW/psp/fsw/modules/iodriver/inc -I/home/hj/Documents/COSMIC_FSW/cfe/modules/resourceid/fsw/inc -I/home/hj/Documents/COSMIC_FSW/cfe/modules/config/fsw/inc -I/home/hj/Documents/COSMIC_FSW/cfe/modules/srl/fsw/inc -I/home/hj/Documents/COSMIC_FSW/cfe/modules/rf/fsw/inc -g -std=c99 -pedantic -Wall -Wstrict-prototypes -Wwrite-strings -Wpointer-arith -Werror -Wno-format-truncation -Wno-stringop-truncation -MD -MT msg/CMakeFiles/msg.dir/fsw/src/cfe_msg_integrity.c.o -MF CMakeFiles/msg.dir/fsw/src/cfe_msg_integrity.c.o.d -o CMakeFiles/msg.dir/fsw/src/cfe_msg_integrity.c.o -c /home/hj/Documents/COSMIC_FSW/cfe/modules/msg/fsw/src/cfe_msg_integrity.c
[ 62%] Building C object msg/CMakeFiles/msg.dir/fsw/src/cfe_msg_msgid_shared.c.o
cd /home/hj/Documents/COSMIC_FSW/build/i686-linux-gnu/default_cpu1/msg && /usr/bin/gcc -D_CFE_CORE_ -D_LINUX_OS_ -D_POSIX_OS_ -D_XOPEN_SOURCE=600 -I/home/hj/Documents/COSMIC_FSW/build/inc -I/home/hj/Documents/COSMIC_FSW/build/i686-linux-gnu/default_cpu1/inc -I/home/hj/Documents/COSMIC_FSW/cfe/modules/msg/fsw/inc -I/home/hj/Documents/COSMIC_FSW/cfe/modules/core_private/fsw/inc -I/home/hj/Documents/COSMIC_FSW/cfe/cmake/target/inc -I/home/hj/Documents/COSMIC_FSW/cfe/modules/core_api/fsw/inc -I/home/hj/Documents/COSMIC_FSW/cfe/modules/es/fsw/inc -I/home/hj/Documents/COSMIC_FSW/cfe/modules/evs/fsw/inc -I/home/hj/Documents/COSMIC_FSW/cfe/modules/fs/fsw/inc -I/home/hj/Documents/COSMIC_FSW/cfe/modules/sb/fsw/inc -I/home/hj/Documents/COSMIC_FSW/cfe/modules/tbl/fsw/inc -I/home/hj/Documents/COSMIC_FSW/cfe/modules/time/fsw/inc -I/home/hj/Documents/COSMIC_FSW/osal/src/os/inc -I/home/hj/Documents/COSMIC_FSW/build/i686-linux-gnu/default_cpu1/osal/inc -I/home/hj/Documents/COSMIC_FSW/psp/fsw/inc -I/home/hj/Documents/COSMIC_FSW/psp/fsw/modules/iodriver/inc -I/home/hj/Documents/COSMIC_FSW/cfe/modules/resourceid/fsw/inc -I/home/hj/Documents/COSMIC_FSW/cfe/modules/config/fsw/inc -I/home/hj/Documents/COSMIC_FSW/cfe/modules/srl/fsw/inc -I/home/hj/Documents/COSMIC_FSW/cfe/modules/rf/fsw/inc -g -std=c99 -pedantic -Wall -Wstrict-prototypes -Wwrite-strings -Wpointer-arith -Werror -Wno-format-truncation -Wno-stringop-truncation -MD -MT msg/CMakeFiles/msg.dir/fsw/src/cfe_msg_msgid_shared.c.o -MF CMakeFiles/msg.dir/fsw/src/cfe_msg_msgid_shared.c.o.d -o CMakeFiles/msg.dir/fsw/src/cfe_msg_msgid_shared.c.o -c /home/hj/Documents/COSMIC_FSW/cfe/modules/msg/fsw/src/cfe_msg_msgid_shared.c
[ 62%] Building C object msg/CMakeFiles/msg.dir/fsw/src/cfe_msg_sechdr_checksum.c.o
cd /home/hj/Documents/COSMIC_FSW/build/i686-linux-gnu/default_cpu1/msg && /usr/bin/gcc -D_CFE_CORE_ -D_LINUX_OS_ -D_POSIX_OS_ -D_XOPEN_SOURCE=600 -I/home/hj/Documents/COSMIC_FSW/build/inc -I/home/hj/Documents/COSMIC_FSW/build/i686-linux-gnu/default_cpu1/inc -I/home/hj/Documents/COSMIC_FSW/cfe/modules/msg/fsw/inc -I/home/hj/Documents/COSMIC_FSW/cfe/modules/core_private/fsw/inc -I/home/hj/Documents/COSMIC_FSW/cfe/cmake/target/inc -I/home/hj/Documents/COSMIC_FSW/cfe/modules/core_api/fsw/inc -I/home/hj/Documents/COSMIC_FSW/cfe/modules/es/fsw/inc -I/home/hj/Documents/COSMIC_FSW/cfe/modules/evs/fsw/inc -I/home/hj/Documents/COSMIC_FSW/cfe/modules/fs/fsw/inc -I/home/hj/Documents/COSMIC_FSW/cfe/modules/sb/fsw/inc -I/home/hj/Documents/COSMIC_FSW/cfe/modules/tbl/fsw/inc -I/home/hj/Documents/COSMIC_FSW/cfe/modules/time/fsw/inc -I/home/hj/Documents/COSMIC_FSW/osal/src/os/inc -I/home/hj/Documents/COSMIC_FSW/build/i686-linux-gnu/default_cpu1/osal/inc -I/home/hj/Documents/COSMIC_FSW/psp/fsw/inc -I/home/hj/Documents/COSMIC_FSW/psp/fsw/modules/iodriver/inc -I/home/hj/Documents/COSMIC_FSW/cfe/modules/resourceid/fsw/inc -I/home/hj/Documents/COSMIC_FSW/cfe/modules/config/fsw/inc -I/home/hj/Documents/COSMIC_FSW/cfe/modules/srl/fsw/inc -I/home/hj/Documents/COSMIC_FSW/cfe/modules/rf/fsw/inc -g -std=c99 -pedantic -Wall -Wstrict-prototypes -Wwrite-strings -Wpointer-arith -Werror -Wno-format-truncation -Wno-stringop-truncation -MD -MT msg/CMakeFiles/msg.dir/fsw/src/cfe_msg_sechdr_checksum.c.o -MF CMakeFiles/msg.dir/fsw/src/cfe_msg_sechdr_checksum.c.o.d -o CMakeFiles/msg.dir/fsw/src/cfe_msg_sechdr_checksum.c.o -c /home/hj/Documents/COSMIC_FSW/cfe/modules/msg/fsw/src/cfe_msg_sechdr_checksum.c
[ 63%] Building C object msg/CMakeFiles/msg.dir/fsw/src/cfe_msg_sechdr_fc.c.o
cd /home/hj/Documents/COSMIC_FSW/build/i686-linux-gnu/default_cpu1/msg && /usr/bin/gcc -D_CFE_CORE_ -D_LINUX_OS_ -D_POSIX_OS_ -D_XOPEN_SOURCE=600 -I/home/hj/Documents/COSMIC_FSW/build/inc -I/home/hj/Documents/COSMIC_FSW/build/i686-linux-gnu/default_cpu1/inc -I/home/hj/Documents/COSMIC_FSW/cfe/modules/msg/fsw/inc -I/home/hj/Documents/COSMIC_FSW/cfe/modules/core_private/fsw/inc -I/home/hj/Documents/COSMIC_FSW/cfe/cmake/target/inc -I/home/hj/Documents/COSMIC_FSW/cfe/modules/core_api/fsw/inc -I/home/hj/Documents/COSMIC_FSW/cfe/modules/es/fsw/inc -I/home/hj/Documents/COSMIC_FSW/cfe/modules/evs/fsw/inc -I/home/hj/Documents/COSMIC_FSW/cfe/modules/fs/fsw/inc -I/home/hj/Documents/COSMIC_FSW/cfe/modules/sb/fsw/inc -I/home/hj/Documents/COSMIC_FSW/cfe/modules/tbl/fsw/inc -I/home/hj/Documents/COSMIC_FSW/cfe/modules/time/fsw/inc -I/home/hj/Documents/COSMIC_FSW/osal/src/os/inc -I/home/hj/Documents/COSMIC_FSW/build/i686-linux-gnu/default_cpu1/osal/inc -I/home/hj/Documents/COSMIC_FSW/psp/fsw/inc -I/home/hj/Documents/COSMIC_FSW/psp/fsw/modules/iodriver/inc -I/home/hj/Documents/COSMIC_FSW/cfe/modules/resourceid/fsw/inc -I/home/hj/Documents/COSMIC_FSW/cfe/modules/config/fsw/inc -I/home/hj/Documents/COSMIC_FSW/cfe/modules/srl/fsw/inc -I/home/hj/Documents/COSMIC_FSW/cfe/modules/rf/fsw/inc -g -std=c99 -pedantic -Wall -Wstrict-prototypes -Wwrite-strings -Wpointer-arith -Werror -Wno-format-truncation -Wno-stringop-truncation -MD -MT msg/CMakeFiles/msg.dir/fsw/src/cfe_msg_sechdr_fc.c.o -MF CMakeFiles/msg.dir/fsw/src/cfe_msg_sechdr_fc.c.o.d -o CMakeFiles/msg.dir/fsw/src/cfe_msg_sechdr_fc.c.o -c /home/hj/Documents/COSMIC_FSW/cfe/modules/msg/fsw/src/cfe_msg_sechdr_fc.c
[ 63%] Building C object msg/CMakeFiles/msg.dir/fsw/src/cfe_msg_sechdr_time.c.o
cd /home/hj/Documents/COSMIC_FSW/build/i686-linux-gnu/default_cpu1/msg && /usr/bin/gcc -D_CFE_CORE_ -D_LINUX_OS_ -D_POSIX_OS_ -D_XOPEN_SOURCE=600 -I/home/hj/Documents/COSMIC_FSW/build/inc -I/home/hj/Documents/COSMIC_FSW/build/i686-linux-gnu/default_cpu1/inc -I/home/hj/Documents/COSMIC_FSW/cfe/modules/msg/fsw/inc -I/home/hj/Documents/COSMIC_FSW/cfe/modules/core_private/fsw/inc -I/home/hj/Documents/COSMIC_FSW/cfe/cmake/target/inc -I/home/hj/Documents/COSMIC_FSW/cfe/modules/core_api/fsw/inc -I/home/hj/Documents/COSMIC_FSW/cfe/modules/es/fsw/inc -I/home/hj/Documents/COSMIC_FSW/cfe/modules/evs/fsw/inc -I/home/hj/Documents/COSMIC_FSW/cfe/modules/fs/fsw/inc -I/home/hj/Documents/COSMIC_FSW/cfe/modules/sb/fsw/inc -I/home/hj/Documents/COSMIC_FSW/cfe/modules/tbl/fsw/inc -I/home/hj/Documents/COSMIC_FSW/cfe/modules/time/fsw/inc -I/home/hj/Documents/COSMIC_FSW/osal/src/os/inc -I/home/hj/Documents/COSMIC_FSW/build/i686-linux-gnu/default_cpu1/osal/inc -I/home/hj/Documents/COSMIC_FSW/psp/fsw/inc -I/home/hj/Documents/COSMIC_FSW/psp/fsw/modules/iodriver/inc -I/home/hj/Documents/COSMIC_FSW/cfe/modules/resourceid/fsw/inc -I/home/hj/Documents/COSMIC_FSW/cfe/modules/config/fsw/inc -I/home/hj/Documents/COSMIC_FSW/cfe/modules/srl/fsw/inc -I/home/hj/Documents/COSMIC_FSW/cfe/modules/rf/fsw/inc -g -std=c99 -pedantic -Wall -Wstrict-prototypes -Wwrite-strings -Wpointer-arith -Werror -Wno-format-truncation -Wno-stringop-truncation -MD -MT msg/CMakeFiles/msg.dir/fsw/src/cfe_msg_sechdr_time.c.o -MF CMakeFiles/msg.dir/fsw/src/cfe_msg_sechdr_time.c.o.d -o CMakeFiles/msg.dir/fsw/src/cfe_msg_sechdr_time.c.o -c /home/hj/Documents/COSMIC_FSW/cfe/modules/msg/fsw/src/cfe_msg_sechdr_time.c
[ 63%] Building C object msg/CMakeFiles/msg.dir/fsw/src/cfe_msg_initdefaulthdr_pri.c.o
cd /home/hj/Documents/COSMIC_FSW/build/i686-linux-gnu/default_cpu1/msg && /usr/bin/gcc -D_CFE_CORE_ -D_LINUX_OS_ -D_POSIX_OS_ -D_XOPEN_SOURCE=600 -I/home/hj/Documents/COSMIC_FSW/build/inc -I/home/hj/Documents/COSMIC_FSW/build/i686-linux-gnu/default_cpu1/inc -I/home/hj/Documents/COSMIC_FSW/cfe/modules/msg/fsw/inc -I/home/hj/Documents/COSMIC_FSW/cfe/modules/core_private/fsw/inc -I/home/hj/Documents/COSMIC_FSW/cfe/cmake/target/inc -I/home/hj/Documents/COSMIC_FSW/cfe/modules/core_api/fsw/inc -I/home/hj/Documents/COSMIC_FSW/cfe/modules/es/fsw/inc -I/home/hj/Documents/COSMIC_FSW/cfe/modules/evs/fsw/inc -I/home/hj/Documents/COSMIC_FSW/cfe/modules/fs/fsw/inc -I/home/hj/Documents/COSMIC_FSW/cfe/modules/sb/fsw/inc -I/home/hj/Documents/COSMIC_FSW/cfe/modules/tbl/fsw/inc -I/home/hj/Documents/COSMIC_FSW/cfe/modules/time/fsw/inc -I/home/hj/Documents/COSMIC_FSW/osal/src/os/inc -I/home/hj/Documents/COSMIC_FSW/build/i686-linux-gnu/default_cpu1/osal/inc -I/home/hj/Documents/COSMIC_FSW/psp/fsw/inc -I/home/hj/Documents/COSMIC_FSW/psp/fsw/modules/iodriver/inc -I/home/hj/Documents/COSMIC_FSW/cfe/modules/resourceid/fsw/inc -I/home/hj/Documents/COSMIC_FSW/cfe/modules/config/fsw/inc -I/home/hj/Documents/COSMIC_FSW/cfe/modules/srl/fsw/inc -I/home/hj/Documents/COSMIC_FSW/cfe/modules/rf/fsw/inc -g -std=c99 -pedantic -Wall -Wstrict-prototypes -Wwrite-strings -Wpointer-arith -Werror -Wno-format-truncation -Wno-stringop-truncation -MD -MT msg/CMakeFiles/msg.dir/fsw/src/cfe_msg_initdefaulthdr_pri.c.o -MF CMakeFiles/msg.dir/fsw/src/cfe_msg_initdefaulthdr_pri.c.o.d -o CMakeFiles/msg.dir/fsw/src/cfe_msg_initdefaulthdr_pri.c.o -c /home/hj/Documents/COSMIC_FSW/cfe/modules/msg/fsw/src/cfe_msg_initdefaulthdr_pri.c
[ 63%] Building C object msg/CMakeFiles/msg.dir/fsw/src/cfe_msg_msgid_v1.c.o
cd /home/hj/Documents/COSMIC_FSW/build/i686-linux-gnu/default_cpu1/msg && /usr/bin/gcc -D_CFE_CORE_ -D_LINUX_OS_ -D_POSIX_OS_ -D_XOPEN_SOURCE=600 -I/home/hj/Documents/COSMIC_FSW/build/inc -I/home/hj/Documents/COSMIC_FSW/build/i686-linux-gnu/default_cpu1/inc -I/home/hj/Documents/COSMIC_FSW/cfe/modules/msg/fsw/inc -I/home/hj/Documents/COSMIC_FSW/cfe/modules/core_private/fsw/inc -I/home/hj/Documents/COSMIC_FSW/cfe/cmake/target/inc -I/home/hj/Documents/COSMIC_FSW/cfe/modules/core_api/fsw/inc -I/home/hj/Documents/COSMIC_FSW/cfe/modules/es/fsw/inc -I/home/hj/Documents/COSMIC_FSW/cfe/modules/evs/fsw/inc -I/home/hj/Documents/COSMIC_FSW/cfe/modules/fs/fsw/inc -I/home/hj/Documents/COSMIC_FSW/cfe/modules/sb/fsw/inc -I/home/hj/Documents/COSMIC_FSW/cfe/modules/tbl/fsw/inc -I/home/hj/Documents/COSMIC_FSW/cfe/modules/time/fsw/inc -I/home/hj/Documents/COSMIC_FSW/osal/src/os/inc -I/home/hj/Documents/COSMIC_FSW/build/i686-linux-gnu/default_cpu1/osal/inc -I/home/hj/Documents/COSMIC_FSW/psp/fsw/inc -I/home/hj/Documents/COSMIC_FSW/psp/fsw/modules/iodriver/inc -I/home/hj/Documents/COSMIC_FSW/cfe/modules/resourceid/fsw/inc -I/home/hj/Documents/COSMIC_FSW/cfe/modules/config/fsw/inc -I/home/hj/Documents/COSMIC_FSW/cfe/modules/srl/fsw/inc -I/home/hj/Documents/COSMIC_FSW/cfe/modules/rf/fsw/inc -g -std=c99 -pedantic -Wall -Wstrict-prototypes -Wwrite-strings -Wpointer-arith -Werror -Wno-format-truncation -Wno-stringop-truncation -MD -MT msg/CMakeFiles/msg.dir/fsw/src/cfe_msg_msgid_v1.c.o -MF CMakeFiles/msg.dir/fsw/src/cfe_msg_msgid_v1.c.o.d -o CMakeFiles/msg.dir/fsw/src/cfe_msg_msgid_v1.c.o -c /home/hj/Documents/COSMIC_FSW/cfe/modules/msg/fsw/src/cfe_msg_msgid_v1.c
[ 65%] Linking C static library libmsg.a
cd /home/hj/Documents/COSMIC_FSW/build/i686-linux-gnu/default_cpu1/msg && /usr/bin/cmake -P CMakeFiles/msg.dir/cmake_clean_target.cmake
cd /home/hj/Documents/COSMIC_FSW/build/i686-linux-gnu/default_cpu1/msg && /usr/bin/cmake -E cmake_link_script CMakeFiles/msg.dir/link.txt --verbose=1
/usr/bin/ar qc libmsg.a CMakeFiles/msg.dir/fsw/src/cfe_msg_ccsdspri.c.o CMakeFiles/msg.dir/fsw/src/cfe_msg_init.c.o CMakeFiles/msg.dir/fsw/src/cfe_msg_integrity.c.o CMakeFiles/msg.dir/fsw/src/cfe_msg_msgid_shared.c.o CMakeFiles/msg.dir/fsw/src/cfe_msg_sechdr_checksum.c.o CMakeFiles/msg.dir/fsw/src/cfe_msg_sechdr_fc.c.o CMakeFiles/msg.dir/fsw/src/cfe_msg_sechdr_time.c.o CMakeFiles/msg.dir/fsw/src/cfe_msg_initdefaulthdr_pri.c.o CMakeFiles/msg.dir/fsw/src/cfe_msg_msgid_v1.c.o
/usr/bin/ranlib libmsg.a
[ 65%] Built target msg
make  -f sbr/CMakeFiles/sbr.dir/build.make sbr/CMakeFiles/sbr.dir/depend
cd /home/hj/Documents/COSMIC_FSW/build/i686-linux-gnu/default_cpu1 && /usr/bin/cmake -E cmake_depends "Unix Makefiles" /home/hj/Documents/COSMIC_FSW/cfe /home/hj/Documents/COSMIC_FSW/cfe/modules/sbr /home/hj/Documents/COSMIC_FSW/build/i686-linux-gnu/default_cpu1 /home/hj/Documents/COSMIC_FSW/build/i686-linux-gnu/default_cpu1/sbr /home/hj/Documents/COSMIC_FSW/build/i686-linux-gnu/default_cpu1/sbr/CMakeFiles/sbr.dir/DependInfo.cmake --color=
Dependencies file "sbr/CMakeFiles/sbr.dir/fsw/src/cfe_sbr_map_direct.c.o.d" is newer than depends file "/home/hj/Documents/COSMIC_FSW/build/i686-linux-gnu/default_cpu1/sbr/CMakeFiles/sbr.dir/compiler_depend.internal".
Dependencies file "sbr/CMakeFiles/sbr.dir/fsw/src/cfe_sbr_route_unsorted.c.o.d" is newer than depends file "/home/hj/Documents/COSMIC_FSW/build/i686-linux-gnu/default_cpu1/sbr/CMakeFiles/sbr.dir/compiler_depend.internal".
Consolidate compiler generated dependencies of target sbr
make  -f sbr/CMakeFiles/sbr.dir/build.make sbr/CMakeFiles/sbr.dir/build
[ 65%] Building C object sbr/CMakeFiles/sbr.dir/fsw/src/cfe_sbr_map_direct.c.o
cd /home/hj/Documents/COSMIC_FSW/build/i686-linux-gnu/default_cpu1/sbr && /usr/bin/gcc -D_CFE_CORE_ -D_LINUX_OS_ -D_POSIX_OS_ -D_XOPEN_SOURCE=600 -I/home/hj/Documents/COSMIC_FSW/build/inc -I/home/hj/Documents/COSMIC_FSW/build/i686-linux-gnu/default_cpu1/inc -I/home/hj/Documents/COSMIC_FSW/cfe/modules/sbr/private_inc -I/home/hj/Documents/COSMIC_FSW/cfe/modules/core_private/fsw/inc -I/home/hj/Documents/COSMIC_FSW/cfe/cmake/target/inc -I/home/hj/Documents/COSMIC_FSW/cfe/modules/core_api/fsw/inc -I/home/hj/Documents/COSMIC_FSW/cfe/modules/es/fsw/inc -I/home/hj/Documents/COSMIC_FSW/cfe/modules/evs/fsw/inc -I/home/hj/Documents/COSMIC_FSW/cfe/modules/fs/fsw/inc -I/home/hj/Documents/COSMIC_FSW/cfe/modules/sb/fsw/inc -I/home/hj/Documents/COSMIC_FSW/cfe/modules/tbl/fsw/inc -I/home/hj/Documents/COSMIC_FSW/cfe/modules/time/fsw/inc -I/home/hj/Documents/COSMIC_FSW/osal/src/os/inc -I/home/hj/Documents/COSMIC_FSW/build/i686-linux-gnu/default_cpu1/osal/inc -I/home/hj/Documents/COSMIC_FSW/psp/fsw/inc -I/home/hj/Documents/COSMIC_FSW/psp/fsw/modules/iodriver/inc -I/home/hj/Documents/COSMIC_FSW/cfe/modules/msg/fsw/inc -I/home/hj/Documents/COSMIC_FSW/cfe/modules/resourceid/fsw/inc -I/home/hj/Documents/COSMIC_FSW/cfe/modules/config/fsw/inc -I/home/hj/Documents/COSMIC_FSW/cfe/modules/srl/fsw/inc -I/home/hj/Documents/COSMIC_FSW/cfe/modules/rf/fsw/inc -g -std=c99 -pedantic -Wall -Wstrict-prototypes -Wwrite-strings -Wpointer-arith -Werror -Wno-format-truncation -Wno-stringop-truncation -MD -MT sbr/CMakeFiles/sbr.dir/fsw/src/cfe_sbr_map_direct.c.o -MF CMakeFiles/sbr.dir/fsw/src/cfe_sbr_map_direct.c.o.d -o CMakeFiles/sbr.dir/fsw/src/cfe_sbr_map_direct.c.o -c /home/hj/Documents/COSMIC_FSW/cfe/modules/sbr/fsw/src/cfe_sbr_map_direct.c
[ 65%] Building C object sbr/CMakeFiles/sbr.dir/fsw/src/cfe_sbr_route_unsorted.c.o
cd /home/hj/Documents/COSMIC_FSW/build/i686-linux-gnu/default_cpu1/sbr && /usr/bin/gcc -D_CFE_CORE_ -D_LINUX_OS_ -D_POSIX_OS_ -D_XOPEN_SOURCE=600 -I/home/hj/Documents/COSMIC_FSW/build/inc -I/home/hj/Documents/COSMIC_FSW/build/i686-linux-gnu/default_cpu1/inc -I/home/hj/Documents/COSMIC_FSW/cfe/modules/sbr/private_inc -I/home/hj/Documents/COSMIC_FSW/cfe/modules/core_private/fsw/inc -I/home/hj/Documents/COSMIC_FSW/cfe/cmake/target/inc -I/home/hj/Documents/COSMIC_FSW/cfe/modules/core_api/fsw/inc -I/home/hj/Documents/COSMIC_FSW/cfe/modules/es/fsw/inc -I/home/hj/Documents/COSMIC_FSW/cfe/modules/evs/fsw/inc -I/home/hj/Documents/COSMIC_FSW/cfe/modules/fs/fsw/inc -I/home/hj/Documents/COSMIC_FSW/cfe/modules/sb/fsw/inc -I/home/hj/Documents/COSMIC_FSW/cfe/modules/tbl/fsw/inc -I/home/hj/Documents/COSMIC_FSW/cfe/modules/time/fsw/inc -I/home/hj/Documents/COSMIC_FSW/osal/src/os/inc -I/home/hj/Documents/COSMIC_FSW/build/i686-linux-gnu/default_cpu1/osal/inc -I/home/hj/Documents/COSMIC_FSW/psp/fsw/inc -I/home/hj/Documents/COSMIC_FSW/psp/fsw/modules/iodriver/inc -I/home/hj/Documents/COSMIC_FSW/cfe/modules/msg/fsw/inc -I/home/hj/Documents/COSMIC_FSW/cfe/modules/resourceid/fsw/inc -I/home/hj/Documents/COSMIC_FSW/cfe/modules/config/fsw/inc -I/home/hj/Documents/COSMIC_FSW/cfe/modules/srl/fsw/inc -I/home/hj/Documents/COSMIC_FSW/cfe/modules/rf/fsw/inc -g -std=c99 -pedantic -Wall -Wstrict-prototypes -Wwrite-strings -Wpointer-arith -Werror -Wno-format-truncation -Wno-stringop-truncation -MD -MT sbr/CMakeFiles/sbr.dir/fsw/src/cfe_sbr_route_unsorted.c.o -MF CMakeFiles/sbr.dir/fsw/src/cfe_sbr_route_unsorted.c.o.d -o CMakeFiles/sbr.dir/fsw/src/cfe_sbr_route_unsorted.c.o -c /home/hj/Documents/COSMIC_FSW/cfe/modules/sbr/fsw/src/cfe_sbr_route_unsorted.c
[ 65%] Linking C static library libsbr.a
cd /home/hj/Documents/COSMIC_FSW/build/i686-linux-gnu/default_cpu1/sbr && /usr/bin/cmake -P CMakeFiles/sbr.dir/cmake_clean_target.cmake
cd /home/hj/Documents/COSMIC_FSW/build/i686-linux-gnu/default_cpu1/sbr && /usr/bin/cmake -E cmake_link_script CMakeFiles/sbr.dir/link.txt --verbose=1
/usr/bin/ar qc libsbr.a CMakeFiles/sbr.dir/fsw/src/cfe_sbr_map_direct.c.o CMakeFiles/sbr.dir/fsw/src/cfe_sbr_route_unsorted.c.o
/usr/bin/ranlib libsbr.a
[ 65%] Built target sbr
make  -f resourceid/CMakeFiles/resourceid.dir/build.make resourceid/CMakeFiles/resourceid.dir/depend
cd /home/hj/Documents/COSMIC_FSW/build/i686-linux-gnu/default_cpu1 && /usr/bin/cmake -E cmake_depends "Unix Makefiles" /home/hj/Documents/COSMIC_FSW/cfe /home/hj/Documents/COSMIC_FSW/cfe/modules/resourceid /home/hj/Documents/COSMIC_FSW/build/i686-linux-gnu/default_cpu1 /home/hj/Documents/COSMIC_FSW/build/i686-linux-gnu/default_cpu1/resourceid /home/hj/Documents/COSMIC_FSW/build/i686-linux-gnu/default_cpu1/resourceid/CMakeFiles/resourceid.dir/DependInfo.cmake --color=
Dependencies file "resourceid/CMakeFiles/resourceid.dir/fsw/src/cfe_resourceid_api.c.o.d" is newer than depends file "/home/hj/Documents/COSMIC_FSW/build/i686-linux-gnu/default_cpu1/resourceid/CMakeFiles/resourceid.dir/compiler_depend.internal".
Consolidate compiler generated dependencies of target resourceid
make  -f resourceid/CMakeFiles/resourceid.dir/build.make resourceid/CMakeFiles/resourceid.dir/build
[ 65%] Building C object resourceid/CMakeFiles/resourceid.dir/fsw/src/cfe_resourceid_api.c.o
cd /home/hj/Documents/COSMIC_FSW/build/i686-linux-gnu/default_cpu1/resourceid && /usr/bin/gcc -D_CFE_CORE_ -D_LINUX_OS_ -D_POSIX_OS_ -D_XOPEN_SOURCE=600 -I/home/hj/Documents/COSMIC_FSW/build/inc -I/home/hj/Documents/COSMIC_FSW/build/i686-linux-gnu/default_cpu1/inc -I/home/hj/Documents/COSMIC_FSW/cfe/modules/resourceid/fsw/inc -I/home/hj/Documents/COSMIC_FSW/cfe/modules/core_private/fsw/inc -I/home/hj/Documents/COSMIC_FSW/cfe/cmake/target/inc -I/home/hj/Documents/COSMIC_FSW/cfe/modules/core_api/fsw/inc -I/home/hj/Documents/COSMIC_FSW/cfe/modules/es/fsw/inc -I/home/hj/Documents/COSMIC_FSW/cfe/modules/evs/fsw/inc -I/home/hj/Documents/COSMIC_FSW/cfe/modules/fs/fsw/inc -I/home/hj/Documents/COSMIC_FSW/cfe/modules/sb/fsw/inc -I/home/hj/Documents/COSMIC_FSW/cfe/modules/tbl/fsw/inc -I/home/hj/Documents/COSMIC_FSW/cfe/modules/time/fsw/inc -I/home/hj/Documents/COSMIC_FSW/osal/src/os/inc -I/home/hj/Documents/COSMIC_FSW/build/i686-linux-gnu/default_cpu1/osal/inc -I/home/hj/Documents/COSMIC_FSW/psp/fsw/inc -I/home/hj/Documents/COSMIC_FSW/psp/fsw/modules/iodriver/inc -I/home/hj/Documents/COSMIC_FSW/cfe/modules/msg/fsw/inc -I/home/hj/Documents/COSMIC_FSW/cfe/modules/config/fsw/inc -I/home/hj/Documents/COSMIC_FSW/cfe/modules/srl/fsw/inc -I/home/hj/Documents/COSMIC_FSW/cfe/modules/rf/fsw/inc -g -std=c99 -pedantic -Wall -Wstrict-prototypes -Wwrite-strings -Wpointer-arith -Werror -Wno-format-truncation -Wno-stringop-truncation -MD -MT resourceid/CMakeFiles/resourceid.dir/fsw/src/cfe_resourceid_api.c.o -MF CMakeFiles/resourceid.dir/fsw/src/cfe_resourceid_api.c.o.d -o CMakeFiles/resourceid.dir/fsw/src/cfe_resourceid_api.c.o -c /home/hj/Documents/COSMIC_FSW/cfe/modules/resourceid/fsw/src/cfe_resourceid_api.c
[ 65%] Linking C static library libresourceid.a
cd /home/hj/Documents/COSMIC_FSW/build/i686-linux-gnu/default_cpu1/resourceid && /usr/bin/cmake -P CMakeFiles/resourceid.dir/cmake_clean_target.cmake
cd /home/hj/Documents/COSMIC_FSW/build/i686-linux-gnu/default_cpu1/resourceid && /usr/bin/cmake -E cmake_link_script CMakeFiles/resourceid.dir/link.txt --verbose=1
/usr/bin/ar qc libresourceid.a CMakeFiles/resourceid.dir/fsw/src/cfe_resourceid_api.c.o
/usr/bin/ranlib libresourceid.a
[ 65%] Built target resourceid
make  -f config/CMakeFiles/config.dir/build.make config/CMakeFiles/config.dir/depend
[ 65%] Generating ../src/cfe_platformcfg_tables.c
cd /home/hj/Documents/COSMIC_FSW/cfe/modules/config/cmake && /usr/bin/cmake -D LIST_FILE=/home/hj/Documents/COSMIC_FSW/build/src/cfeconfig_platformdata_i686_linux_gnu_default_cpu1.list -D CONTENT_FILE=/home/hj/Documents/COSMIC_FSW/build/src/cfeconfig_platformdata_i686_linux_gnu_default_cpu1.c -D OUTPUT_FILE=/home/hj/Documents/COSMIC_FSW/build/i686-linux-gnu/default_cpu1/src/cfe_platformcfg_tables.c -P /home/hj/Documents/COSMIC_FSW/cfe/modules/config/cmake/create_cfe_platform_cfg.cmake
cd /home/hj/Documents/COSMIC_FSW/build/i686-linux-gnu/default_cpu1 && /usr/bin/cmake -E cmake_depends "Unix Makefiles" /home/hj/Documents/COSMIC_FSW/cfe /home/hj/Documents/COSMIC_FSW/cfe/modules/config /home/hj/Documents/COSMIC_FSW/build/i686-linux-gnu/default_cpu1 /home/hj/Documents/COSMIC_FSW/build/i686-linux-gnu/default_cpu1/config /home/hj/Documents/COSMIC_FSW/build/i686-linux-gnu/default_cpu1/config/CMakeFiles/config.dir/DependInfo.cmake --color=
Dependencies file "config/CMakeFiles/config.dir/__/src/cfe_platformcfg_tables.c.o.d" is newer than depends file "/home/hj/Documents/COSMIC_FSW/build/i686-linux-gnu/default_cpu1/config/CMakeFiles/config.dir/compiler_depend.internal".
Dependencies file "config/CMakeFiles/config.dir/fsw/src/cfe_config_get.c.o.d" is newer than depends file "/home/hj/Documents/COSMIC_FSW/build/i686-linux-gnu/default_cpu1/config/CMakeFiles/config.dir/compiler_depend.internal".
Dependencies file "config/CMakeFiles/config.dir/fsw/src/cfe_config_init.c.o.d" is newer than depends file "/home/hj/Documents/COSMIC_FSW/build/i686-linux-gnu/default_cpu1/config/CMakeFiles/config.dir/compiler_depend.internal".
Dependencies file "config/CMakeFiles/config.dir/fsw/src/cfe_config_lookup.c.o.d" is newer than depends file "/home/hj/Documents/COSMIC_FSW/build/i686-linux-gnu/default_cpu1/config/CMakeFiles/config.dir/compiler_depend.internal".
Dependencies file "config/CMakeFiles/config.dir/fsw/src/cfe_config_set.c.o.d" is newer than depends file "/home/hj/Documents/COSMIC_FSW/build/i686-linux-gnu/default_cpu1/config/CMakeFiles/config.dir/compiler_depend.internal".
Dependencies file "config/CMakeFiles/config.dir/home/hj/Documents/COSMIC_FSW/build/src/cfe_configid_nametable.c.o.d" is newer than depends file "/home/hj/Documents/COSMIC_FSW/build/i686-linux-gnu/default_cpu1/config/CMakeFiles/config.dir/compiler_depend.internal".
Consolidate compiler generated dependencies of target config
make  -f config/CMakeFiles/config.dir/build.make config/CMakeFiles/config.dir/build
[ 65%] Building C object config/CMakeFiles/config.dir/fsw/src/cfe_config_init.c.o
cd /home/hj/Documents/COSMIC_FSW/build/i686-linux-gnu/default_cpu1/config && /usr/bin/gcc -D_CFE_CORE_ -D_LINUX_OS_ -D_POSIX_OS_ -D_XOPEN_SOURCE=600 -I/home/hj/Documents/COSMIC_FSW/build/inc -I/home/hj/Documents/COSMIC_FSW/build/i686-linux-gnu/default_cpu1/inc -I/home/hj/Documents/COSMIC_FSW/cfe/modules/config/fsw/inc -I/home/hj/Documents/COSMIC_FSW/cfe/modules/core_private/fsw/inc -I/home/hj/Documents/COSMIC_FSW/cfe/cmake/target/inc -I/home/hj/Documents/COSMIC_FSW/cfe/modules/core_api/fsw/inc -I/home/hj/Documents/COSMIC_FSW/cfe/modules/es/fsw/inc -I/home/hj/Documents/COSMIC_FSW/cfe/modules/evs/fsw/inc -I/home/hj/Documents/COSMIC_FSW/cfe/modules/fs/fsw/inc -I/home/hj/Documents/COSMIC_FSW/cfe/modules/sb/fsw/inc -I/home/hj/Documents/COSMIC_FSW/cfe/modules/tbl/fsw/inc -I/home/hj/Documents/COSMIC_FSW/cfe/modules/time/fsw/inc -I/home/hj/Documents/COSMIC_FSW/osal/src/os/inc -I/home/hj/Documents/COSMIC_FSW/build/i686-linux-gnu/default_cpu1/osal/inc -I/home/hj/Documents/COSMIC_FSW/psp/fsw/inc -I/home/hj/Documents/COSMIC_FSW/psp/fsw/modules/iodriver/inc -I/home/hj/Documents/COSMIC_FSW/cfe/modules/msg/fsw/inc -I/home/hj/Documents/COSMIC_FSW/cfe/modules/resourceid/fsw/inc -I/home/hj/Documents/COSMIC_FSW/cfe/modules/srl/fsw/inc -I/home/hj/Documents/COSMIC_FSW/cfe/modules/rf/fsw/inc -g -std=c99 -pedantic -Wall -Wstrict-prototypes -Wwrite-strings -Wpointer-arith -Werror -Wno-format-truncation -Wno-stringop-truncation -MD -MT config/CMakeFiles/config.dir/fsw/src/cfe_config_init.c.o -MF CMakeFiles/config.dir/fsw/src/cfe_config_init.c.o.d -o CMakeFiles/config.dir/fsw/src/cfe_config_init.c.o -c /home/hj/Documents/COSMIC_FSW/cfe/modules/config/fsw/src/cfe_config_init.c
[ 65%] Building C object config/CMakeFiles/config.dir/fsw/src/cfe_config_lookup.c.o
cd /home/hj/Documents/COSMIC_FSW/build/i686-linux-gnu/default_cpu1/config && /usr/bin/gcc -D_CFE_CORE_ -D_LINUX_OS_ -D_POSIX_OS_ -D_XOPEN_SOURCE=600 -I/home/hj/Documents/COSMIC_FSW/build/inc -I/home/hj/Documents/COSMIC_FSW/build/i686-linux-gnu/default_cpu1/inc -I/home/hj/Documents/COSMIC_FSW/cfe/modules/config/fsw/inc -I/home/hj/Documents/COSMIC_FSW/cfe/modules/core_private/fsw/inc -I/home/hj/Documents/COSMIC_FSW/cfe/cmake/target/inc -I/home/hj/Documents/COSMIC_FSW/cfe/modules/core_api/fsw/inc -I/home/hj/Documents/COSMIC_FSW/cfe/modules/es/fsw/inc -I/home/hj/Documents/COSMIC_FSW/cfe/modules/evs/fsw/inc -I/home/hj/Documents/COSMIC_FSW/cfe/modules/fs/fsw/inc -I/home/hj/Documents/COSMIC_FSW/cfe/modules/sb/fsw/inc -I/home/hj/Documents/COSMIC_FSW/cfe/modules/tbl/fsw/inc -I/home/hj/Documents/COSMIC_FSW/cfe/modules/time/fsw/inc -I/home/hj/Documents/COSMIC_FSW/osal/src/os/inc -I/home/hj/Documents/COSMIC_FSW/build/i686-linux-gnu/default_cpu1/osal/inc -I/home/hj/Documents/COSMIC_FSW/psp/fsw/inc -I/home/hj/Documents/COSMIC_FSW/psp/fsw/modules/iodriver/inc -I/home/hj/Documents/COSMIC_FSW/cfe/modules/msg/fsw/inc -I/home/hj/Documents/COSMIC_FSW/cfe/modules/resourceid/fsw/inc -I/home/hj/Documents/COSMIC_FSW/cfe/modules/srl/fsw/inc -I/home/hj/Documents/COSMIC_FSW/cfe/modules/rf/fsw/inc -g -std=c99 -pedantic -Wall -Wstrict-prototypes -Wwrite-strings -Wpointer-arith -Werror -Wno-format-truncation -Wno-stringop-truncation -MD -MT config/CMakeFiles/config.dir/fsw/src/cfe_config_lookup.c.o -MF CMakeFiles/config.dir/fsw/src/cfe_config_lookup.c.o.d -o CMakeFiles/config.dir/fsw/src/cfe_config_lookup.c.o -c /home/hj/Documents/COSMIC_FSW/cfe/modules/config/fsw/src/cfe_config_lookup.c
[ 66%] Building C object config/CMakeFiles/config.dir/fsw/src/cfe_config_get.c.o
cd /home/hj/Documents/COSMIC_FSW/build/i686-linux-gnu/default_cpu1/config && /usr/bin/gcc -D_CFE_CORE_ -D_LINUX_OS_ -D_POSIX_OS_ -D_XOPEN_SOURCE=600 -I/home/hj/Documents/COSMIC_FSW/build/inc -I/home/hj/Documents/COSMIC_FSW/build/i686-linux-gnu/default_cpu1/inc -I/home/hj/Documents/COSMIC_FSW/cfe/modules/config/fsw/inc -I/home/hj/Documents/COSMIC_FSW/cfe/modules/core_private/fsw/inc -I/home/hj/Documents/COSMIC_FSW/cfe/cmake/target/inc -I/home/hj/Documents/COSMIC_FSW/cfe/modules/core_api/fsw/inc -I/home/hj/Documents/COSMIC_FSW/cfe/modules/es/fsw/inc -I/home/hj/Documents/COSMIC_FSW/cfe/modules/evs/fsw/inc -I/home/hj/Documents/COSMIC_FSW/cfe/modules/fs/fsw/inc -I/home/hj/Documents/COSMIC_FSW/cfe/modules/sb/fsw/inc -I/home/hj/Documents/COSMIC_FSW/cfe/modules/tbl/fsw/inc -I/home/hj/Documents/COSMIC_FSW/cfe/modules/time/fsw/inc -I/home/hj/Documents/COSMIC_FSW/osal/src/os/inc -I/home/hj/Documents/COSMIC_FSW/build/i686-linux-gnu/default_cpu1/osal/inc -I/home/hj/Documents/COSMIC_FSW/psp/fsw/inc -I/home/hj/Documents/COSMIC_FSW/psp/fsw/modules/iodriver/inc -I/home/hj/Documents/COSMIC_FSW/cfe/modules/msg/fsw/inc -I/home/hj/Documents/COSMIC_FSW/cfe/modules/resourceid/fsw/inc -I/home/hj/Documents/COSMIC_FSW/cfe/modules/srl/fsw/inc -I/home/hj/Documents/COSMIC_FSW/cfe/modules/rf/fsw/inc -g -std=c99 -pedantic -Wall -Wstrict-prototypes -Wwrite-strings -Wpointer-arith -Werror -Wno-format-truncation -Wno-stringop-truncation -MD -MT config/CMakeFiles/config.dir/fsw/src/cfe_config_get.c.o -MF CMakeFiles/config.dir/fsw/src/cfe_config_get.c.o.d -o CMakeFiles/config.dir/fsw/src/cfe_config_get.c.o -c /home/hj/Documents/COSMIC_FSW/cfe/modules/config/fsw/src/cfe_config_get.c
[ 66%] Building C object config/CMakeFiles/config.dir/fsw/src/cfe_config_set.c.o
cd /home/hj/Documents/COSMIC_FSW/build/i686-linux-gnu/default_cpu1/config && /usr/bin/gcc -D_CFE_CORE_ -D_LINUX_OS_ -D_POSIX_OS_ -D_XOPEN_SOURCE=600 -I/home/hj/Documents/COSMIC_FSW/build/inc -I/home/hj/Documents/COSMIC_FSW/build/i686-linux-gnu/default_cpu1/inc -I/home/hj/Documents/COSMIC_FSW/cfe/modules/config/fsw/inc -I/home/hj/Documents/COSMIC_FSW/cfe/modules/core_private/fsw/inc -I/home/hj/Documents/COSMIC_FSW/cfe/cmake/target/inc -I/home/hj/Documents/COSMIC_FSW/cfe/modules/core_api/fsw/inc -I/home/hj/Documents/COSMIC_FSW/cfe/modules/es/fsw/inc -I/home/hj/Documents/COSMIC_FSW/cfe/modules/evs/fsw/inc -I/home/hj/Documents/COSMIC_FSW/cfe/modules/fs/fsw/inc -I/home/hj/Documents/COSMIC_FSW/cfe/modules/sb/fsw/inc -I/home/hj/Documents/COSMIC_FSW/cfe/modules/tbl/fsw/inc -I/home/hj/Documents/COSMIC_FSW/cfe/modules/time/fsw/inc -I/home/hj/Documents/COSMIC_FSW/osal/src/os/inc -I/home/hj/Documents/COSMIC_FSW/build/i686-linux-gnu/default_cpu1/osal/inc -I/home/hj/Documents/COSMIC_FSW/psp/fsw/inc -I/home/hj/Documents/COSMIC_FSW/psp/fsw/modules/iodriver/inc -I/home/hj/Documents/COSMIC_FSW/cfe/modules/msg/fsw/inc -I/home/hj/Documents/COSMIC_FSW/cfe/modules/resourceid/fsw/inc -I/home/hj/Documents/COSMIC_FSW/cfe/modules/srl/fsw/inc -I/home/hj/Documents/COSMIC_FSW/cfe/modules/rf/fsw/inc -g -std=c99 -pedantic -Wall -Wstrict-prototypes -Wwrite-strings -Wpointer-arith -Werror -Wno-format-truncation -Wno-stringop-truncation -MD -MT config/CMakeFiles/config.dir/fsw/src/cfe_config_set.c.o -MF CMakeFiles/config.dir/fsw/src/cfe_config_set.c.o.d -o CMakeFiles/config.dir/fsw/src/cfe_config_set.c.o -c /home/hj/Documents/COSMIC_FSW/cfe/modules/config/fsw/src/cfe_config_set.c
[ 66%] Building C object config/CMakeFiles/config.dir/home/hj/Documents/COSMIC_FSW/build/src/cfe_configid_nametable.c.o
cd /home/hj/Documents/COSMIC_FSW/build/i686-linux-gnu/default_cpu1/config && /usr/bin/gcc -D_CFE_CORE_ -D_LINUX_OS_ -D_POSIX_OS_ -D_XOPEN_SOURCE=600 -I/home/hj/Documents/COSMIC_FSW/build/inc -I/home/hj/Documents/COSMIC_FSW/build/i686-linux-gnu/default_cpu1/inc -I/home/hj/Documents/COSMIC_FSW/cfe/modules/config/fsw/inc -I/home/hj/Documents/COSMIC_FSW/cfe/modules/core_private/fsw/inc -I/home/hj/Documents/COSMIC_FSW/cfe/cmake/target/inc -I/home/hj/Documents/COSMIC_FSW/cfe/modules/core_api/fsw/inc -I/home/hj/Documents/COSMIC_FSW/cfe/modules/es/fsw/inc -I/home/hj/Documents/COSMIC_FSW/cfe/modules/evs/fsw/inc -I/home/hj/Documents/COSMIC_FSW/cfe/modules/fs/fsw/inc -I/home/hj/Documents/COSMIC_FSW/cfe/modules/sb/fsw/inc -I/home/hj/Documents/COSMIC_FSW/cfe/modules/tbl/fsw/inc -I/home/hj/Documents/COSMIC_FSW/cfe/modules/time/fsw/inc -I/home/hj/Documents/COSMIC_FSW/osal/src/os/inc -I/home/hj/Documents/COSMIC_FSW/build/i686-linux-gnu/default_cpu1/osal/inc -I/home/hj/Documents/COSMIC_FSW/psp/fsw/inc -I/home/hj/Documents/COSMIC_FSW/psp/fsw/modules/iodriver/inc -I/home/hj/Documents/COSMIC_FSW/cfe/modules/msg/fsw/inc -I/home/hj/Documents/COSMIC_FSW/cfe/modules/resourceid/fsw/inc -I/home/hj/Documents/COSMIC_FSW/cfe/modules/srl/fsw/inc -I/home/hj/Documents/COSMIC_FSW/cfe/modules/rf/fsw/inc -g -std=c99 -pedantic -Wall -Wstrict-prototypes -Wwrite-strings -Wpointer-arith -Werror -Wno-format-truncation -Wno-stringop-truncation -MD -MT config/CMakeFiles/config.dir/home/hj/Documents/COSMIC_FSW/build/src/cfe_configid_nametable.c.o -MF CMakeFiles/config.dir/home/hj/Documents/COSMIC_FSW/build/src/cfe_configid_nametable.c.o.d -o CMakeFiles/config.dir/home/hj/Documents/COSMIC_FSW/build/src/cfe_configid_nametable.c.o -c /home/hj/Documents/COSMIC_FSW/build/src/cfe_configid_nametable.c
[ 66%] Generating ../src/cfe_platformcfg_tables.c
cd /home/hj/Documents/COSMIC_FSW/cfe/modules/config/cmake && /usr/bin/cmake -D LIST_FILE=/home/hj/Documents/COSMIC_FSW/build/src/cfeconfig_platformdata_i686_linux_gnu_default_cpu1.list -D CONTENT_FILE=/home/hj/Documents/COSMIC_FSW/build/src/cfeconfig_platformdata_i686_linux_gnu_default_cpu1.c -D OUTPUT_FILE=/home/hj/Documents/COSMIC_FSW/build/i686-linux-gnu/default_cpu1/src/cfe_platformcfg_tables.c -P /home/hj/Documents/COSMIC_FSW/cfe/modules/config/cmake/create_cfe_platform_cfg.cmake
[ 66%] Building C object config/CMakeFiles/config.dir/__/src/cfe_platformcfg_tables.c.o
cd /home/hj/Documents/COSMIC_FSW/build/i686-linux-gnu/default_cpu1/config && /usr/bin/gcc -D_CFE_CORE_ -D_LINUX_OS_ -D_POSIX_OS_ -D_XOPEN_SOURCE=600 -I/home/hj/Documents/COSMIC_FSW/build/inc -I/home/hj/Documents/COSMIC_FSW/build/i686-linux-gnu/default_cpu1/inc -I/home/hj/Documents/COSMIC_FSW/cfe/modules/config/fsw/inc -I/home/hj/Documents/COSMIC_FSW/cfe/modules/core_private/fsw/inc -I/home/hj/Documents/COSMIC_FSW/cfe/cmake/target/inc -I/home/hj/Documents/COSMIC_FSW/cfe/modules/core_api/fsw/inc -I/home/hj/Documents/COSMIC_FSW/cfe/modules/es/fsw/inc -I/home/hj/Documents/COSMIC_FSW/cfe/modules/evs/fsw/inc -I/home/hj/Documents/COSMIC_FSW/cfe/modules/fs/fsw/inc -I/home/hj/Documents/COSMIC_FSW/cfe/modules/sb/fsw/inc -I/home/hj/Documents/COSMIC_FSW/cfe/modules/tbl/fsw/inc -I/home/hj/Documents/COSMIC_FSW/cfe/modules/time/fsw/inc -I/home/hj/Documents/COSMIC_FSW/osal/src/os/inc -I/home/hj/Documents/COSMIC_FSW/build/i686-linux-gnu/default_cpu1/osal/inc -I/home/hj/Documents/COSMIC_FSW/psp/fsw/inc -I/home/hj/Documents/COSMIC_FSW/psp/fsw/modules/iodriver/inc -I/home/hj/Documents/COSMIC_FSW/cfe/modules/msg/fsw/inc -I/home/hj/Documents/COSMIC_FSW/cfe/modules/resourceid/fsw/inc -I/home/hj/Documents/COSMIC_FSW/cfe/modules/srl/fsw/inc -I/home/hj/Documents/COSMIC_FSW/cfe/modules/rf/fsw/inc -g -std=c99 -pedantic -Wall -Wstrict-prototypes -Wwrite-strings -Wpointer-arith -Werror -Wno-format-truncation -Wno-stringop-truncation -MD -MT config/CMakeFiles/config.dir/__/src/cfe_platformcfg_tables.c.o -MF CMakeFiles/config.dir/__/src/cfe_platformcfg_tables.c.o.d -o CMakeFiles/config.dir/__/src/cfe_platformcfg_tables.c.o -c /home/hj/Documents/COSMIC_FSW/build/i686-linux-gnu/default_cpu1/src/cfe_platformcfg_tables.c
[ 66%] Linking C static library libconfig.a
cd /home/hj/Documents/COSMIC_FSW/build/i686-linux-gnu/default_cpu1/config && /usr/bin/cmake -P CMakeFiles/config.dir/cmake_clean_target.cmake
cd /home/hj/Documents/COSMIC_FSW/build/i686-linux-gnu/default_cpu1/config && /usr/bin/cmake -E cmake_link_script CMakeFiles/config.dir/link.txt --verbose=1
/usr/bin/ar qc libconfig.a CMakeFiles/config.dir/fsw/src/cfe_config_init.c.o CMakeFiles/config.dir/fsw/src/cfe_config_lookup.c.o CMakeFiles/config.dir/fsw/src/cfe_config_get.c.o CMakeFiles/config.dir/fsw/src/cfe_config_set.c.o CMakeFiles/config.dir/home/hj/Documents/COSMIC_FSW/build/src/cfe_configid_nametable.c.o CMakeFiles/config.dir/__/src/cfe_platformcfg_tables.c.o
/usr/bin/ranlib libconfig.a
[ 66%] Built target config
make  -f srl/CMakeFiles/srl.dir/build.make srl/CMakeFiles/srl.dir/depend
cd /home/hj/Documents/COSMIC_FSW/build/i686-linux-gnu/default_cpu1 && /usr/bin/cmake -E cmake_depends "Unix Makefiles" /home/hj/Documents/COSMIC_FSW/cfe /home/hj/Documents/COSMIC_FSW/cfe/modules/srl /home/hj/Documents/COSMIC_FSW/build/i686-linux-gnu/default_cpu1 /home/hj/Documents/COSMIC_FSW/build/i686-linux-gnu/default_cpu1/srl /home/hj/Documents/COSMIC_FSW/build/i686-linux-gnu/default_cpu1/srl/CMakeFiles/srl.dir/DependInfo.cmake --color=
Dependencies file "srl/CMakeFiles/srl.dir/fsw/src/cfe_srl_api.c.o.d" is newer than depends file "/home/hj/Documents/COSMIC_FSW/build/i686-linux-gnu/default_cpu1/srl/CMakeFiles/srl.dir/compiler_depend.internal".
Dependencies file "srl/CMakeFiles/srl.dir/fsw/src/cfe_srl_basic.c.o.d" is newer than depends file "/home/hj/Documents/COSMIC_FSW/build/i686-linux-gnu/default_cpu1/srl/CMakeFiles/srl.dir/compiler_depend.internal".
Dependencies file "srl/CMakeFiles/srl.dir/fsw/src/cfe_srl_csp.c.o.d" is newer than depends file "/home/hj/Documents/COSMIC_FSW/build/i686-linux-gnu/default_cpu1/srl/CMakeFiles/srl.dir/compiler_depend.internal".
Dependencies file "srl/CMakeFiles/srl.dir/fsw/src/cfe_srl_csp_config.c.o.d" is newer than depends file "/home/hj/Documents/COSMIC_FSW/build/i686-linux-gnu/default_cpu1/srl/CMakeFiles/srl.dir/compiler_depend.internal".
Dependencies file "srl/CMakeFiles/srl.dir/fsw/src/cfe_srl_dispatch.c.o.d" is newer than depends file "/home/hj/Documents/COSMIC_FSW/build/i686-linux-gnu/default_cpu1/srl/CMakeFiles/srl.dir/compiler_depend.internal".
Dependencies file "srl/CMakeFiles/srl.dir/fsw/src/cfe_srl_handle.c.o.d" is newer than depends file "/home/hj/Documents/COSMIC_FSW/build/i686-linux-gnu/default_cpu1/srl/CMakeFiles/srl.dir/compiler_depend.internal".
Dependencies file "srl/CMakeFiles/srl.dir/fsw/src/cfe_srl_init.c.o.d" is newer than depends file "/home/hj/Documents/COSMIC_FSW/build/i686-linux-gnu/default_cpu1/srl/CMakeFiles/srl.dir/compiler_depend.internal".
Dependencies file "srl/CMakeFiles/srl.dir/fsw/src/cfe_srl_io.c.o.d" is newer than depends file "/home/hj/Documents/COSMIC_FSW/build/i686-linux-gnu/default_cpu1/srl/CMakeFiles/srl.dir/compiler_depend.internal".
Dependencies file "srl/CMakeFiles/srl.dir/fsw/src/cfe_srl_mutex.c.o.d" is newer than depends file "/home/hj/Documents/COSMIC_FSW/build/i686-linux-gnu/default_cpu1/srl/CMakeFiles/srl.dir/compiler_depend.internal".
Dependencies file "srl/CMakeFiles/srl.dir/fsw/src/cfe_srl_priv.c.o.d" is newer than depends file "/home/hj/Documents/COSMIC_FSW/build/i686-linux-gnu/default_cpu1/srl/CMakeFiles/srl.dir/compiler_depend.internal".
Dependencies file "srl/CMakeFiles/srl.dir/fsw/src/cfe_srl_task.c.o.d" is newer than depends file "/home/hj/Documents/COSMIC_FSW/build/i686-linux-gnu/default_cpu1/srl/CMakeFiles/srl.dir/compiler_depend.internal".
Consolidate compiler generated dependencies of target srl
make  -f srl/CMakeFiles/srl.dir/build.make srl/CMakeFiles/srl.dir/build
[ 66%] Building C object srl/CMakeFiles/srl.dir/fsw/src/cfe_srl_basic.c.o
cd /home/hj/Documents/COSMIC_FSW/build/i686-linux-gnu/default_cpu1/srl && /usr/bin/gcc -D_CFE_CORE_ -D_LINUX_OS_ -D_POSIX_OS_ -D_XOPEN_SOURCE=600 -I/home/hj/Documents/COSMIC_FSW/build/inc -I/home/hj/Documents/COSMIC_FSW/build/i686-linux-gnu/default_cpu1/inc -I/home/hj/Documents/COSMIC_FSW/cfe/modules/srl/fsw/inc -I/home/hj/Documents/COSMIC_FSW/cfe/modules/srl/../../../submodules/libgscsp/lib/libgattos-uc_client_client/include -I/home/hj/Documents/COSMIC_FSW/cfe/modules/srl/../../../submodules/libgscsp/lib/isl-modem-app_client/include -I/home/hj/Documents/COSMIC_FSW/cfe/modules/srl/../../../submodules/libgscsp/lib/libaardvark/include -I/home/hj/Documents/COSMIC_FSW/cfe/modules/srl/../../../submodules/libgscsp/lib/libadcs_client/include -I/home/hj/Documents/COSMIC_FSW/cfe/modules/srl/../../../submodules/libgscsp/lib/libfp_client/include -I/home/hj/Documents/COSMIC_FSW/cfe/modules/srl/../../../submodules/libgscsp/lib/libftp_client/include -I/home/hj/Documents/COSMIC_FSW/cfe/modules/srl/../../../submodules/libgscsp/lib/libgosh_client/include -I/home/hj/Documents/COSMIC_FSW/cfe/modules/srl/../../../submodules/libgscsp/lib/libgscsp/include -I/home/hj/Documents/COSMIC_FSW/cfe/modules/srl/../../../submodules/libgscsp/lib/libgscsp/lib/libcsp/include -I/home/hj/Documents/COSMIC_FSW/cfe/modules/srl/../../../submodules/libgscsp/lib/libgscsp/lib/libcsp/src -I/home/hj/Documents/COSMIC_FSW/cfe/modules/srl/../../../submodules/libgscsp/lib/libgssb_client/include -I/home/hj/Documents/COSMIC_FSW/cfe/modules/srl/../../../submodules/libgscsp/lib/libhk_client/include -I/home/hj/Documents/COSMIC_FSW/cfe/modules/srl/../../../submodules/libgscsp/lib/libnanopb_client/include -I/home/hj/Documents/COSMIC_FSW/cfe/modules/srl/../../../submodules/libgscsp/lib/libp60_client/include -I/home/hj/Documents/COSMIC_FSW/cfe/modules/srl/../../../submodules/libgscsp/lib/libparam_client/include -I/home/hj/Documents/COSMIC_FSW/cfe/modules/srl/../../../submodules/libgscsp/lib/librgosh_client/include -I/home/hj/Documents/COSMIC_FSW/cfe/modules/srl/../../../submodules/libgscsp/lib/libutil/include -I/home/hj/Documents/COSMIC_FSW/cfe/modules/srl/../../../submodules/libgscsp/build/lib/libgscsp/lib/libcsp/include -I/home/hj/Documents/COSMIC_FSW/cfe/modules/core_private/fsw/inc -I/home/hj/Documents/COSMIC_FSW/cfe/cmake/target/inc -I/home/hj/Documents/COSMIC_FSW/cfe/modules/core_api/fsw/inc -I/home/hj/Documents/COSMIC_FSW/cfe/modules/es/fsw/inc -I/home/hj/Documents/COSMIC_FSW/cfe/modules/evs/fsw/inc -I/home/hj/Documents/COSMIC_FSW/cfe/modules/fs/fsw/inc -I/home/hj/Documents/COSMIC_FSW/cfe/modules/sb/fsw/inc -I/home/hj/Documents/COSMIC_FSW/cfe/modules/tbl/fsw/inc -I/home/hj/Documents/COSMIC_FSW/cfe/modules/time/fsw/inc -I/home/hj/Documents/COSMIC_FSW/osal/src/os/inc -I/home/hj/Documents/COSMIC_FSW/build/i686-linux-gnu/default_cpu1/osal/inc -I/home/hj/Documents/COSMIC_FSW/psp/fsw/inc -I/home/hj/Documents/COSMIC_FSW/psp/fsw/modules/iodriver/inc -I/home/hj/Documents/COSMIC_FSW/cfe/modules/msg/fsw/inc -I/home/hj/Documents/COSMIC_FSW/cfe/modules/resourceid/fsw/inc -I/home/hj/Documents/COSMIC_FSW/cfe/modules/config/fsw/inc -I/home/hj/Documents/COSMIC_FSW/cfe/modules/rf/fsw/inc -g -std=c99 -pedantic -Wall -Wstrict-prototypes -Wwrite-strings -Wpointer-arith -Werror -Wno-format-truncation -Wno-stringop-truncation -Wno-pedantic -Wno-error=pedantic -MD -MT srl/CMakeFiles/srl.dir/fsw/src/cfe_srl_basic.c.o -MF CMakeFiles/srl.dir/fsw/src/cfe_srl_basic.c.o.d -o CMakeFiles/srl.dir/fsw/src/cfe_srl_basic.c.o -c /home/hj/Documents/COSMIC_FSW/cfe/modules/srl/fsw/src/cfe_srl_basic.c
[ 66%] Building C object srl/CMakeFiles/srl.dir/fsw/src/cfe_srl_io.c.o
cd /home/hj/Documents/COSMIC_FSW/build/i686-linux-gnu/default_cpu1/srl && /usr/bin/gcc -D_CFE_CORE_ -D_LINUX_OS_ -D_POSIX_OS_ -D_XOPEN_SOURCE=600 -I/home/hj/Documents/COSMIC_FSW/build/inc -I/home/hj/Documents/COSMIC_FSW/build/i686-linux-gnu/default_cpu1/inc -I/home/hj/Documents/COSMIC_FSW/cfe/modules/srl/fsw/inc -I/home/hj/Documents/COSMIC_FSW/cfe/modules/srl/../../../submodules/libgscsp/lib/libgattos-uc_client_client/include -I/home/hj/Documents/COSMIC_FSW/cfe/modules/srl/../../../submodules/libgscsp/lib/isl-modem-app_client/include -I/home/hj/Documents/COSMIC_FSW/cfe/modules/srl/../../../submodules/libgscsp/lib/libaardvark/include -I/home/hj/Documents/COSMIC_FSW/cfe/modules/srl/../../../submodules/libgscsp/lib/libadcs_client/include -I/home/hj/Documents/COSMIC_FSW/cfe/modules/srl/../../../submodules/libgscsp/lib/libfp_client/include -I/home/hj/Documents/COSMIC_FSW/cfe/modules/srl/../../../submodules/libgscsp/lib/libftp_client/include -I/home/hj/Documents/COSMIC_FSW/cfe/modules/srl/../../../submodules/libgscsp/lib/libgosh_client/include -I/home/hj/Documents/COSMIC_FSW/cfe/modules/srl/../../../submodules/libgscsp/lib/libgscsp/include -I/home/hj/Documents/COSMIC_FSW/cfe/modules/srl/../../../submodules/libgscsp/lib/libgscsp/lib/libcsp/include -I/home/hj/Documents/COSMIC_FSW/cfe/modules/srl/../../../submodules/libgscsp/lib/libgscsp/lib/libcsp/src -I/home/hj/Documents/COSMIC_FSW/cfe/modules/srl/../../../submodules/libgscsp/lib/libgssb_client/include -I/home/hj/Documents/COSMIC_FSW/cfe/modules/srl/../../../submodules/libgscsp/lib/libhk_client/include -I/home/hj/Documents/COSMIC_FSW/cfe/modules/srl/../../../submodules/libgscsp/lib/libnanopb_client/include -I/home/hj/Documents/COSMIC_FSW/cfe/modules/srl/../../../submodules/libgscsp/lib/libp60_client/include -I/home/hj/Documents/COSMIC_FSW/cfe/modules/srl/../../../submodules/libgscsp/lib/libparam_client/include -I/home/hj/Documents/COSMIC_FSW/cfe/modules/srl/../../../submodules/libgscsp/lib/librgosh_client/include -I/home/hj/Documents/COSMIC_FSW/cfe/modules/srl/../../../submodules/libgscsp/lib/libutil/include -I/home/hj/Documents/COSMIC_FSW/cfe/modules/srl/../../../submodules/libgscsp/build/lib/libgscsp/lib/libcsp/include -I/home/hj/Documents/COSMIC_FSW/cfe/modules/core_private/fsw/inc -I/home/hj/Documents/COSMIC_FSW/cfe/cmake/target/inc -I/home/hj/Documents/COSMIC_FSW/cfe/modules/core_api/fsw/inc -I/home/hj/Documents/COSMIC_FSW/cfe/modules/es/fsw/inc -I/home/hj/Documents/COSMIC_FSW/cfe/modules/evs/fsw/inc -I/home/hj/Documents/COSMIC_FSW/cfe/modules/fs/fsw/inc -I/home/hj/Documents/COSMIC_FSW/cfe/modules/sb/fsw/inc -I/home/hj/Documents/COSMIC_FSW/cfe/modules/tbl/fsw/inc -I/home/hj/Documents/COSMIC_FSW/cfe/modules/time/fsw/inc -I/home/hj/Documents/COSMIC_FSW/osal/src/os/inc -I/home/hj/Documents/COSMIC_FSW/build/i686-linux-gnu/default_cpu1/osal/inc -I/home/hj/Documents/COSMIC_FSW/psp/fsw/inc -I/home/hj/Documents/COSMIC_FSW/psp/fsw/modules/iodriver/inc -I/home/hj/Documents/COSMIC_FSW/cfe/modules/msg/fsw/inc -I/home/hj/Documents/COSMIC_FSW/cfe/modules/resourceid/fsw/inc -I/home/hj/Documents/COSMIC_FSW/cfe/modules/config/fsw/inc -I/home/hj/Documents/COSMIC_FSW/cfe/modules/rf/fsw/inc -g -std=c99 -pedantic -Wall -Wstrict-prototypes -Wwrite-strings -Wpointer-arith -Werror -Wno-format-truncation -Wno-stringop-truncation -Wno-pedantic -Wno-error=pedantic -MD -MT srl/CMakeFiles/srl.dir/fsw/src/cfe_srl_io.c.o -MF CMakeFiles/srl.dir/fsw/src/cfe_srl_io.c.o.d -o CMakeFiles/srl.dir/fsw/src/cfe_srl_io.c.o -c /home/hj/Documents/COSMIC_FSW/cfe/modules/srl/fsw/src/cfe_srl_io.c
[ 66%] Building C object srl/CMakeFiles/srl.dir/fsw/src/cfe_srl_mutex.c.o
cd /home/hj/Documents/COSMIC_FSW/build/i686-linux-gnu/default_cpu1/srl && /usr/bin/gcc -D_CFE_CORE_ -D_LINUX_OS_ -D_POSIX_OS_ -D_XOPEN_SOURCE=600 -I/home/hj/Documents/COSMIC_FSW/build/inc -I/home/hj/Documents/COSMIC_FSW/build/i686-linux-gnu/default_cpu1/inc -I/home/hj/Documents/COSMIC_FSW/cfe/modules/srl/fsw/inc -I/home/hj/Documents/COSMIC_FSW/cfe/modules/srl/../../../submodules/libgscsp/lib/libgattos-uc_client_client/include -I/home/hj/Documents/COSMIC_FSW/cfe/modules/srl/../../../submodules/libgscsp/lib/isl-modem-app_client/include -I/home/hj/Documents/COSMIC_FSW/cfe/modules/srl/../../../submodules/libgscsp/lib/libaardvark/include -I/home/hj/Documents/COSMIC_FSW/cfe/modules/srl/../../../submodules/libgscsp/lib/libadcs_client/include -I/home/hj/Documents/COSMIC_FSW/cfe/modules/srl/../../../submodules/libgscsp/lib/libfp_client/include -I/home/hj/Documents/COSMIC_FSW/cfe/modules/srl/../../../submodules/libgscsp/lib/libftp_client/include -I/home/hj/Documents/COSMIC_FSW/cfe/modules/srl/../../../submodules/libgscsp/lib/libgosh_client/include -I/home/hj/Documents/COSMIC_FSW/cfe/modules/srl/../../../submodules/libgscsp/lib/libgscsp/include -I/home/hj/Documents/COSMIC_FSW/cfe/modules/srl/../../../submodules/libgscsp/lib/libgscsp/lib/libcsp/include -I/home/hj/Documents/COSMIC_FSW/cfe/modules/srl/../../../submodules/libgscsp/lib/libgscsp/lib/libcsp/src -I/home/hj/Documents/COSMIC_FSW/cfe/modules/srl/../../../submodules/libgscsp/lib/libgssb_client/include -I/home/hj/Documents/COSMIC_FSW/cfe/modules/srl/../../../submodules/libgscsp/lib/libhk_client/include -I/home/hj/Documents/COSMIC_FSW/cfe/modules/srl/../../../submodules/libgscsp/lib/libnanopb_client/include -I/home/hj/Documents/COSMIC_FSW/cfe/modules/srl/../../../submodules/libgscsp/lib/libp60_client/include -I/home/hj/Documents/COSMIC_FSW/cfe/modules/srl/../../../submodules/libgscsp/lib/libparam_client/include -I/home/hj/Documents/COSMIC_FSW/cfe/modules/srl/../../../submodules/libgscsp/lib/librgosh_client/include -I/home/hj/Documents/COSMIC_FSW/cfe/modules/srl/../../../submodules/libgscsp/lib/libutil/include -I/home/hj/Documents/COSMIC_FSW/cfe/modules/srl/../../../submodules/libgscsp/build/lib/libgscsp/lib/libcsp/include -I/home/hj/Documents/COSMIC_FSW/cfe/modules/core_private/fsw/inc -I/home/hj/Documents/COSMIC_FSW/cfe/cmake/target/inc -I/home/hj/Documents/COSMIC_FSW/cfe/modules/core_api/fsw/inc -I/home/hj/Documents/COSMIC_FSW/cfe/modules/es/fsw/inc -I/home/hj/Documents/COSMIC_FSW/cfe/modules/evs/fsw/inc -I/home/hj/Documents/COSMIC_FSW/cfe/modules/fs/fsw/inc -I/home/hj/Documents/COSMIC_FSW/cfe/modules/sb/fsw/inc -I/home/hj/Documents/COSMIC_FSW/cfe/modules/tbl/fsw/inc -I/home/hj/Documents/COSMIC_FSW/cfe/modules/time/fsw/inc -I/home/hj/Documents/COSMIC_FSW/osal/src/os/inc -I/home/hj/Documents/COSMIC_FSW/build/i686-linux-gnu/default_cpu1/osal/inc -I/home/hj/Documents/COSMIC_FSW/psp/fsw/inc -I/home/hj/Documents/COSMIC_FSW/psp/fsw/modules/iodriver/inc -I/home/hj/Documents/COSMIC_FSW/cfe/modules/msg/fsw/inc -I/home/hj/Documents/COSMIC_FSW/cfe/modules/resourceid/fsw/inc -I/home/hj/Documents/COSMIC_FSW/cfe/modules/config/fsw/inc -I/home/hj/Documents/COSMIC_FSW/cfe/modules/rf/fsw/inc -g -std=c99 -pedantic -Wall -Wstrict-prototypes -Wwrite-strings -Wpointer-arith -Werror -Wno-format-truncation -Wno-stringop-truncation -Wno-pedantic -Wno-error=pedantic -MD -MT srl/CMakeFiles/srl.dir/fsw/src/cfe_srl_mutex.c.o -MF CMakeFiles/srl.dir/fsw/src/cfe_srl_mutex.c.o.d -o CMakeFiles/srl.dir/fsw/src/cfe_srl_mutex.c.o -c /home/hj/Documents/COSMIC_FSW/cfe/modules/srl/fsw/src/cfe_srl_mutex.c
[ 68%] Building C object srl/CMakeFiles/srl.dir/fsw/src/cfe_srl_handle.c.o
cd /home/hj/Documents/COSMIC_FSW/build/i686-linux-gnu/default_cpu1/srl && /usr/bin/gcc -D_CFE_CORE_ -D_LINUX_OS_ -D_POSIX_OS_ -D_XOPEN_SOURCE=600 -I/home/hj/Documents/COSMIC_FSW/build/inc -I/home/hj/Documents/COSMIC_FSW/build/i686-linux-gnu/default_cpu1/inc -I/home/hj/Documents/COSMIC_FSW/cfe/modules/srl/fsw/inc -I/home/hj/Documents/COSMIC_FSW/cfe/modules/srl/../../../submodules/libgscsp/lib/libgattos-uc_client_client/include -I/home/hj/Documents/COSMIC_FSW/cfe/modules/srl/../../../submodules/libgscsp/lib/isl-modem-app_client/include -I/home/hj/Documents/COSMIC_FSW/cfe/modules/srl/../../../submodules/libgscsp/lib/libaardvark/include -I/home/hj/Documents/COSMIC_FSW/cfe/modules/srl/../../../submodules/libgscsp/lib/libadcs_client/include -I/home/hj/Documents/COSMIC_FSW/cfe/modules/srl/../../../submodules/libgscsp/lib/libfp_client/include -I/home/hj/Documents/COSMIC_FSW/cfe/modules/srl/../../../submodules/libgscsp/lib/libftp_client/include -I/home/hj/Documents/COSMIC_FSW/cfe/modules/srl/../../../submodules/libgscsp/lib/libgosh_client/include -I/home/hj/Documents/COSMIC_FSW/cfe/modules/srl/../../../submodules/libgscsp/lib/libgscsp/include -I/home/hj/Documents/COSMIC_FSW/cfe/modules/srl/../../../submodules/libgscsp/lib/libgscsp/lib/libcsp/include -I/home/hj/Documents/COSMIC_FSW/cfe/modules/srl/../../../submodules/libgscsp/lib/libgscsp/lib/libcsp/src -I/home/hj/Documents/COSMIC_FSW/cfe/modules/srl/../../../submodules/libgscsp/lib/libgssb_client/include -I/home/hj/Documents/COSMIC_FSW/cfe/modules/srl/../../../submodules/libgscsp/lib/libhk_client/include -I/home/hj/Documents/COSMIC_FSW/cfe/modules/srl/../../../submodules/libgscsp/lib/libnanopb_client/include -I/home/hj/Documents/COSMIC_FSW/cfe/modules/srl/../../../submodules/libgscsp/lib/libp60_client/include -I/home/hj/Documents/COSMIC_FSW/cfe/modules/srl/../../../submodules/libgscsp/lib/libparam_client/include -I/home/hj/Documents/COSMIC_FSW/cfe/modules/srl/../../../submodules/libgscsp/lib/librgosh_client/include -I/home/hj/Documents/COSMIC_FSW/cfe/modules/srl/../../../submodules/libgscsp/lib/libutil/include -I/home/hj/Documents/COSMIC_FSW/cfe/modules/srl/../../../submodules/libgscsp/build/lib/libgscsp/lib/libcsp/include -I/home/hj/Documents/COSMIC_FSW/cfe/modules/core_private/fsw/inc -I/home/hj/Documents/COSMIC_FSW/cfe/cmake/target/inc -I/home/hj/Documents/COSMIC_FSW/cfe/modules/core_api/fsw/inc -I/home/hj/Documents/COSMIC_FSW/cfe/modules/es/fsw/inc -I/home/hj/Documents/COSMIC_FSW/cfe/modules/evs/fsw/inc -I/home/hj/Documents/COSMIC_FSW/cfe/modules/fs/fsw/inc -I/home/hj/Documents/COSMIC_FSW/cfe/modules/sb/fsw/inc -I/home/hj/Documents/COSMIC_FSW/cfe/modules/tbl/fsw/inc -I/home/hj/Documents/COSMIC_FSW/cfe/modules/time/fsw/inc -I/home/hj/Documents/COSMIC_FSW/osal/src/os/inc -I/home/hj/Documents/COSMIC_FSW/build/i686-linux-gnu/default_cpu1/osal/inc -I/home/hj/Documents/COSMIC_FSW/psp/fsw/inc -I/home/hj/Documents/COSMIC_FSW/psp/fsw/modules/iodriver/inc -I/home/hj/Documents/COSMIC_FSW/cfe/modules/msg/fsw/inc -I/home/hj/Documents/COSMIC_FSW/cfe/modules/resourceid/fsw/inc -I/home/hj/Documents/COSMIC_FSW/cfe/modules/config/fsw/inc -I/home/hj/Documents/COSMIC_FSW/cfe/modules/rf/fsw/inc -g -std=c99 -pedantic -Wall -Wstrict-prototypes -Wwrite-strings -Wpointer-arith -Werror -Wno-format-truncation -Wno-stringop-truncation -Wno-pedantic -Wno-error=pedantic -MD -MT srl/CMakeFiles/srl.dir/fsw/src/cfe_srl_handle.c.o -MF CMakeFiles/srl.dir/fsw/src/cfe_srl_handle.c.o.d -o CMakeFiles/srl.dir/fsw/src/cfe_srl_handle.c.o -c /home/hj/Documents/COSMIC_FSW/cfe/modules/srl/fsw/src/cfe_srl_handle.c
[ 68%] Building C object srl/CMakeFiles/srl.dir/fsw/src/cfe_srl_priv.c.o
cd /home/hj/Documents/COSMIC_FSW/build/i686-linux-gnu/default_cpu1/srl && /usr/bin/gcc -D_CFE_CORE_ -D_LINUX_OS_ -D_POSIX_OS_ -D_XOPEN_SOURCE=600 -I/home/hj/Documents/COSMIC_FSW/build/inc -I/home/hj/Documents/COSMIC_FSW/build/i686-linux-gnu/default_cpu1/inc -I/home/hj/Documents/COSMIC_FSW/cfe/modules/srl/fsw/inc -I/home/hj/Documents/COSMIC_FSW/cfe/modules/srl/../../../submodules/libgscsp/lib/libgattos-uc_client_client/include -I/home/hj/Documents/COSMIC_FSW/cfe/modules/srl/../../../submodules/libgscsp/lib/isl-modem-app_client/include -I/home/hj/Documents/COSMIC_FSW/cfe/modules/srl/../../../submodules/libgscsp/lib/libaardvark/include -I/home/hj/Documents/COSMIC_FSW/cfe/modules/srl/../../../submodules/libgscsp/lib/libadcs_client/include -I/home/hj/Documents/COSMIC_FSW/cfe/modules/srl/../../../submodules/libgscsp/lib/libfp_client/include -I/home/hj/Documents/COSMIC_FSW/cfe/modules/srl/../../../submodules/libgscsp/lib/libftp_client/include -I/home/hj/Documents/COSMIC_FSW/cfe/modules/srl/../../../submodules/libgscsp/lib/libgosh_client/include -I/home/hj/Documents/COSMIC_FSW/cfe/modules/srl/../../../submodules/libgscsp/lib/libgscsp/include -I/home/hj/Documents/COSMIC_FSW/cfe/modules/srl/../../../submodules/libgscsp/lib/libgscsp/lib/libcsp/include -I/home/hj/Documents/COSMIC_FSW/cfe/modules/srl/../../../submodules/libgscsp/lib/libgscsp/lib/libcsp/src -I/home/hj/Documents/COSMIC_FSW/cfe/modules/srl/../../../submodules/libgscsp/lib/libgssb_client/include -I/home/hj/Documents/COSMIC_FSW/cfe/modules/srl/../../../submodules/libgscsp/lib/libhk_client/include -I/home/hj/Documents/COSMIC_FSW/cfe/modules/srl/../../../submodules/libgscsp/lib/libnanopb_client/include -I/home/hj/Documents/COSMIC_FSW/cfe/modules/srl/../../../submodules/libgscsp/lib/libp60_client/include -I/home/hj/Documents/COSMIC_FSW/cfe/modules/srl/../../../submodules/libgscsp/lib/libparam_client/include -I/home/hj/Documents/COSMIC_FSW/cfe/modules/srl/../../../submodules/libgscsp/lib/librgosh_client/include -I/home/hj/Documents/COSMIC_FSW/cfe/modules/srl/../../../submodules/libgscsp/lib/libutil/include -I/home/hj/Documents/COSMIC_FSW/cfe/modules/srl/../../../submodules/libgscsp/build/lib/libgscsp/lib/libcsp/include -I/home/hj/Documents/COSMIC_FSW/cfe/modules/core_private/fsw/inc -I/home/hj/Documents/COSMIC_FSW/cfe/cmake/target/inc -I/home/hj/Documents/COSMIC_FSW/cfe/modules/core_api/fsw/inc -I/home/hj/Documents/COSMIC_FSW/cfe/modules/es/fsw/inc -I/home/hj/Documents/COSMIC_FSW/cfe/modules/evs/fsw/inc -I/home/hj/Documents/COSMIC_FSW/cfe/modules/fs/fsw/inc -I/home/hj/Documents/COSMIC_FSW/cfe/modules/sb/fsw/inc -I/home/hj/Documents/COSMIC_FSW/cfe/modules/tbl/fsw/inc -I/home/hj/Documents/COSMIC_FSW/cfe/modules/time/fsw/inc -I/home/hj/Documents/COSMIC_FSW/osal/src/os/inc -I/home/hj/Documents/COSMIC_FSW/build/i686-linux-gnu/default_cpu1/osal/inc -I/home/hj/Documents/COSMIC_FSW/psp/fsw/inc -I/home/hj/Documents/COSMIC_FSW/psp/fsw/modules/iodriver/inc -I/home/hj/Documents/COSMIC_FSW/cfe/modules/msg/fsw/inc -I/home/hj/Documents/COSMIC_FSW/cfe/modules/resourceid/fsw/inc -I/home/hj/Documents/COSMIC_FSW/cfe/modules/config/fsw/inc -I/home/hj/Documents/COSMIC_FSW/cfe/modules/rf/fsw/inc -g -std=c99 -pedantic -Wall -Wstrict-prototypes -Wwrite-strings -Wpointer-arith -Werror -Wno-format-truncation -Wno-stringop-truncation -Wno-pedantic -Wno-error=pedantic -MD -MT srl/CMakeFiles/srl.dir/fsw/src/cfe_srl_priv.c.o -MF CMakeFiles/srl.dir/fsw/src/cfe_srl_priv.c.o.d -o CMakeFiles/srl.dir/fsw/src/cfe_srl_priv.c.o -c /home/hj/Documents/COSMIC_FSW/cfe/modules/srl/fsw/src/cfe_srl_priv.c
[ 68%] Building C object srl/CMakeFiles/srl.dir/fsw/src/cfe_srl_csp.c.o
cd /home/hj/Documents/COSMIC_FSW/build/i686-linux-gnu/default_cpu1/srl && /usr/bin/gcc -D_CFE_CORE_ -D_LINUX_OS_ -D_POSIX_OS_ -D_XOPEN_SOURCE=600 -I/home/hj/Documents/COSMIC_FSW/build/inc -I/home/hj/Documents/COSMIC_FSW/build/i686-linux-gnu/default_cpu1/inc -I/home/hj/Documents/COSMIC_FSW/cfe/modules/srl/fsw/inc -I/home/hj/Documents/COSMIC_FSW/cfe/modules/srl/../../../submodules/libgscsp/lib/libgattos-uc_client_client/include -I/home/hj/Documents/COSMIC_FSW/cfe/modules/srl/../../../submodules/libgscsp/lib/isl-modem-app_client/include -I/home/hj/Documents/COSMIC_FSW/cfe/modules/srl/../../../submodules/libgscsp/lib/libaardvark/include -I/home/hj/Documents/COSMIC_FSW/cfe/modules/srl/../../../submodules/libgscsp/lib/libadcs_client/include -I/home/hj/Documents/COSMIC_FSW/cfe/modules/srl/../../../submodules/libgscsp/lib/libfp_client/include -I/home/hj/Documents/COSMIC_FSW/cfe/modules/srl/../../../submodules/libgscsp/lib/libftp_client/include -I/home/hj/Documents/COSMIC_FSW/cfe/modules/srl/../../../submodules/libgscsp/lib/libgosh_client/include -I/home/hj/Documents/COSMIC_FSW/cfe/modules/srl/../../../submodules/libgscsp/lib/libgscsp/include -I/home/hj/Documents/COSMIC_FSW/cfe/modules/srl/../../../submodules/libgscsp/lib/libgscsp/lib/libcsp/include -I/home/hj/Documents/COSMIC_FSW/cfe/modules/srl/../../../submodules/libgscsp/lib/libgscsp/lib/libcsp/src -I/home/hj/Documents/COSMIC_FSW/cfe/modules/srl/../../../submodules/libgscsp/lib/libgssb_client/include -I/home/hj/Documents/COSMIC_FSW/cfe/modules/srl/../../../submodules/libgscsp/lib/libhk_client/include -I/home/hj/Documents/COSMIC_FSW/cfe/modules/srl/../../../submodules/libgscsp/lib/libnanopb_client/include -I/home/hj/Documents/COSMIC_FSW/cfe/modules/srl/../../../submodules/libgscsp/lib/libp60_client/include -I/home/hj/Documents/COSMIC_FSW/cfe/modules/srl/../../../submodules/libgscsp/lib/libparam_client/include -I/home/hj/Documents/COSMIC_FSW/cfe/modules/srl/../../../submodules/libgscsp/lib/librgosh_client/include -I/home/hj/Documents/COSMIC_FSW/cfe/modules/srl/../../../submodules/libgscsp/lib/libutil/include -I/home/hj/Documents/COSMIC_FSW/cfe/modules/srl/../../../submodules/libgscsp/build/lib/libgscsp/lib/libcsp/include -I/home/hj/Documents/COSMIC_FSW/cfe/modules/core_private/fsw/inc -I/home/hj/Documents/COSMIC_FSW/cfe/cmake/target/inc -I/home/hj/Documents/COSMIC_FSW/cfe/modules/core_api/fsw/inc -I/home/hj/Documents/COSMIC_FSW/cfe/modules/es/fsw/inc -I/home/hj/Documents/COSMIC_FSW/cfe/modules/evs/fsw/inc -I/home/hj/Documents/COSMIC_FSW/cfe/modules/fs/fsw/inc -I/home/hj/Documents/COSMIC_FSW/cfe/modules/sb/fsw/inc -I/home/hj/Documents/COSMIC_FSW/cfe/modules/tbl/fsw/inc -I/home/hj/Documents/COSMIC_FSW/cfe/modules/time/fsw/inc -I/home/hj/Documents/COSMIC_FSW/osal/src/os/inc -I/home/hj/Documents/COSMIC_FSW/build/i686-linux-gnu/default_cpu1/osal/inc -I/home/hj/Documents/COSMIC_FSW/psp/fsw/inc -I/home/hj/Documents/COSMIC_FSW/psp/fsw/modules/iodriver/inc -I/home/hj/Documents/COSMIC_FSW/cfe/modules/msg/fsw/inc -I/home/hj/Documents/COSMIC_FSW/cfe/modules/resourceid/fsw/inc -I/home/hj/Documents/COSMIC_FSW/cfe/modules/config/fsw/inc -I/home/hj/Documents/COSMIC_FSW/cfe/modules/rf/fsw/inc -g -std=c99 -pedantic -Wall -Wstrict-prototypes -Wwrite-strings -Wpointer-arith -Werror -Wno-format-truncation -Wno-stringop-truncation -Wno-pedantic -Wno-error=pedantic -MD -MT srl/CMakeFiles/srl.dir/fsw/src/cfe_srl_csp.c.o -MF CMakeFiles/srl.dir/fsw/src/cfe_srl_csp.c.o.d -o CMakeFiles/srl.dir/fsw/src/cfe_srl_csp.c.o -c /home/hj/Documents/COSMIC_FSW/cfe/modules/srl/fsw/src/cfe_srl_csp.c
[ 68%] Building C object srl/CMakeFiles/srl.dir/fsw/src/cfe_srl_csp_config.c.o
cd /home/hj/Documents/COSMIC_FSW/build/i686-linux-gnu/default_cpu1/srl && /usr/bin/gcc -D_CFE_CORE_ -D_LINUX_OS_ -D_POSIX_OS_ -D_XOPEN_SOURCE=600 -I/home/hj/Documents/COSMIC_FSW/build/inc -I/home/hj/Documents/COSMIC_FSW/build/i686-linux-gnu/default_cpu1/inc -I/home/hj/Documents/COSMIC_FSW/cfe/modules/srl/fsw/inc -I/home/hj/Documents/COSMIC_FSW/cfe/modules/srl/../../../submodules/libgscsp/lib/libgattos-uc_client_client/include -I/home/hj/Documents/COSMIC_FSW/cfe/modules/srl/../../../submodules/libgscsp/lib/isl-modem-app_client/include -I/home/hj/Documents/COSMIC_FSW/cfe/modules/srl/../../../submodules/libgscsp/lib/libaardvark/include -I/home/hj/Documents/COSMIC_FSW/cfe/modules/srl/../../../submodules/libgscsp/lib/libadcs_client/include -I/home/hj/Documents/COSMIC_FSW/cfe/modules/srl/../../../submodules/libgscsp/lib/libfp_client/include -I/home/hj/Documents/COSMIC_FSW/cfe/modules/srl/../../../submodules/libgscsp/lib/libftp_client/include -I/home/hj/Documents/COSMIC_FSW/cfe/modules/srl/../../../submodules/libgscsp/lib/libgosh_client/include -I/home/hj/Documents/COSMIC_FSW/cfe/modules/srl/../../../submodules/libgscsp/lib/libgscsp/include -I/home/hj/Documents/COSMIC_FSW/cfe/modules/srl/../../../submodules/libgscsp/lib/libgscsp/lib/libcsp/include -I/home/hj/Documents/COSMIC_FSW/cfe/modules/srl/../../../submodules/libgscsp/lib/libgscsp/lib/libcsp/src -I/home/hj/Documents/COSMIC_FSW/cfe/modules/srl/../../../submodules/libgscsp/lib/libgssb_client/include -I/home/hj/Documents/COSMIC_FSW/cfe/modules/srl/../../../submodules/libgscsp/lib/libhk_client/include -I/home/hj/Documents/COSMIC_FSW/cfe/modules/srl/../../../submodules/libgscsp/lib/libnanopb_client/include -I/home/hj/Documents/COSMIC_FSW/cfe/modules/srl/../../../submodules/libgscsp/lib/libp60_client/include -I/home/hj/Documents/COSMIC_FSW/cfe/modules/srl/../../../submodules/libgscsp/lib/libparam_client/include -I/home/hj/Documents/COSMIC_FSW/cfe/modules/srl/../../../submodules/libgscsp/lib/librgosh_client/include -I/home/hj/Documents/COSMIC_FSW/cfe/modules/srl/../../../submodules/libgscsp/lib/libutil/include -I/home/hj/Documents/COSMIC_FSW/cfe/modules/srl/../../../submodules/libgscsp/build/lib/libgscsp/lib/libcsp/include -I/home/hj/Documents/COSMIC_FSW/cfe/modules/core_private/fsw/inc -I/home/hj/Documents/COSMIC_FSW/cfe/cmake/target/inc -I/home/hj/Documents/COSMIC_FSW/cfe/modules/core_api/fsw/inc -I/home/hj/Documents/COSMIC_FSW/cfe/modules/es/fsw/inc -I/home/hj/Documents/COSMIC_FSW/cfe/modules/evs/fsw/inc -I/home/hj/Documents/COSMIC_FSW/cfe/modules/fs/fsw/inc -I/home/hj/Documents/COSMIC_FSW/cfe/modules/sb/fsw/inc -I/home/hj/Documents/COSMIC_FSW/cfe/modules/tbl/fsw/inc -I/home/hj/Documents/COSMIC_FSW/cfe/modules/time/fsw/inc -I/home/hj/Documents/COSMIC_FSW/osal/src/os/inc -I/home/hj/Documents/COSMIC_FSW/build/i686-linux-gnu/default_cpu1/osal/inc -I/home/hj/Documents/COSMIC_FSW/psp/fsw/inc -I/home/hj/Documents/COSMIC_FSW/psp/fsw/modules/iodriver/inc -I/home/hj/Documents/COSMIC_FSW/cfe/modules/msg/fsw/inc -I/home/hj/Documents/COSMIC_FSW/cfe/modules/resourceid/fsw/inc -I/home/hj/Documents/COSMIC_FSW/cfe/modules/config/fsw/inc -I/home/hj/Documents/COSMIC_FSW/cfe/modules/rf/fsw/inc -g -std=c99 -pedantic -Wall -Wstrict-prototypes -Wwrite-strings -Wpointer-arith -Werror -Wno-format-truncation -Wno-stringop-truncation -Wno-pedantic -Wno-error=pedantic -MD -MT srl/CMakeFiles/srl.dir/fsw/src/cfe_srl_csp_config.c.o -MF CMakeFiles/srl.dir/fsw/src/cfe_srl_csp_config.c.o.d -o CMakeFiles/srl.dir/fsw/src/cfe_srl_csp_config.c.o -c /home/hj/Documents/COSMIC_FSW/cfe/modules/srl/fsw/src/cfe_srl_csp_config.c
[ 69%] Building C object srl/CMakeFiles/srl.dir/fsw/src/cfe_srl_api.c.o
cd /home/hj/Documents/COSMIC_FSW/build/i686-linux-gnu/default_cpu1/srl && /usr/bin/gcc -D_CFE_CORE_ -D_LINUX_OS_ -D_POSIX_OS_ -D_XOPEN_SOURCE=600 -I/home/hj/Documents/COSMIC_FSW/build/inc -I/home/hj/Documents/COSMIC_FSW/build/i686-linux-gnu/default_cpu1/inc -I/home/hj/Documents/COSMIC_FSW/cfe/modules/srl/fsw/inc -I/home/hj/Documents/COSMIC_FSW/cfe/modules/srl/../../../submodules/libgscsp/lib/libgattos-uc_client_client/include -I/home/hj/Documents/COSMIC_FSW/cfe/modules/srl/../../../submodules/libgscsp/lib/isl-modem-app_client/include -I/home/hj/Documents/COSMIC_FSW/cfe/modules/srl/../../../submodules/libgscsp/lib/libaardvark/include -I/home/hj/Documents/COSMIC_FSW/cfe/modules/srl/../../../submodules/libgscsp/lib/libadcs_client/include -I/home/hj/Documents/COSMIC_FSW/cfe/modules/srl/../../../submodules/libgscsp/lib/libfp_client/include -I/home/hj/Documents/COSMIC_FSW/cfe/modules/srl/../../../submodules/libgscsp/lib/libftp_client/include -I/home/hj/Documents/COSMIC_FSW/cfe/modules/srl/../../../submodules/libgscsp/lib/libgosh_client/include -I/home/hj/Documents/COSMIC_FSW/cfe/modules/srl/../../../submodules/libgscsp/lib/libgscsp/include -I/home/hj/Documents/COSMIC_FSW/cfe/modules/srl/../../../submodules/libgscsp/lib/libgscsp/lib/libcsp/include -I/home/hj/Documents/COSMIC_FSW/cfe/modules/srl/../../../submodules/libgscsp/lib/libgscsp/lib/libcsp/src -I/home/hj/Documents/COSMIC_FSW/cfe/modules/srl/../../../submodules/libgscsp/lib/libgssb_client/include -I/home/hj/Documents/COSMIC_FSW/cfe/modules/srl/../../../submodules/libgscsp/lib/libhk_client/include -I/home/hj/Documents/COSMIC_FSW/cfe/modules/srl/../../../submodules/libgscsp/lib/libnanopb_client/include -I/home/hj/Documents/COSMIC_FSW/cfe/modules/srl/../../../submodules/libgscsp/lib/libp60_client/include -I/home/hj/Documents/COSMIC_FSW/cfe/modules/srl/../../../submodules/libgscsp/lib/libparam_client/include -I/home/hj/Documents/COSMIC_FSW/cfe/modules/srl/../../../submodules/libgscsp/lib/librgosh_client/include -I/home/hj/Documents/COSMIC_FSW/cfe/modules/srl/../../../submodules/libgscsp/lib/libutil/include -I/home/hj/Documents/COSMIC_FSW/cfe/modules/srl/../../../submodules/libgscsp/build/lib/libgscsp/lib/libcsp/include -I/home/hj/Documents/COSMIC_FSW/cfe/modules/core_private/fsw/inc -I/home/hj/Documents/COSMIC_FSW/cfe/cmake/target/inc -I/home/hj/Documents/COSMIC_FSW/cfe/modules/core_api/fsw/inc -I/home/hj/Documents/COSMIC_FSW/cfe/modules/es/fsw/inc -I/home/hj/Documents/COSMIC_FSW/cfe/modules/evs/fsw/inc -I/home/hj/Documents/COSMIC_FSW/cfe/modules/fs/fsw/inc -I/home/hj/Documents/COSMIC_FSW/cfe/modules/sb/fsw/inc -I/home/hj/Documents/COSMIC_FSW/cfe/modules/tbl/fsw/inc -I/home/hj/Documents/COSMIC_FSW/cfe/modules/time/fsw/inc -I/home/hj/Documents/COSMIC_FSW/osal/src/os/inc -I/home/hj/Documents/COSMIC_FSW/build/i686-linux-gnu/default_cpu1/osal/inc -I/home/hj/Documents/COSMIC_FSW/psp/fsw/inc -I/home/hj/Documents/COSMIC_FSW/psp/fsw/modules/iodriver/inc -I/home/hj/Documents/COSMIC_FSW/cfe/modules/msg/fsw/inc -I/home/hj/Documents/COSMIC_FSW/cfe/modules/resourceid/fsw/inc -I/home/hj/Documents/COSMIC_FSW/cfe/modules/config/fsw/inc -I/home/hj/Documents/COSMIC_FSW/cfe/modules/rf/fsw/inc -g -std=c99 -pedantic -Wall -Wstrict-prototypes -Wwrite-strings -Wpointer-arith -Werror -Wno-format-truncation -Wno-stringop-truncation -Wno-pedantic -Wno-error=pedantic -MD -MT srl/CMakeFiles/srl.dir/fsw/src/cfe_srl_api.c.o -MF CMakeFiles/srl.dir/fsw/src/cfe_srl_api.c.o.d -o CMakeFiles/srl.dir/fsw/src/cfe_srl_api.c.o -c /home/hj/Documents/COSMIC_FSW/cfe/modules/srl/fsw/src/cfe_srl_api.c
[ 69%] Building C object srl/CMakeFiles/srl.dir/fsw/src/cfe_srl_init.c.o
cd /home/hj/Documents/COSMIC_FSW/build/i686-linux-gnu/default_cpu1/srl && /usr/bin/gcc -D_CFE_CORE_ -D_LINUX_OS_ -D_POSIX_OS_ -D_XOPEN_SOURCE=600 -I/home/hj/Documents/COSMIC_FSW/build/inc -I/home/hj/Documents/COSMIC_FSW/build/i686-linux-gnu/default_cpu1/inc -I/home/hj/Documents/COSMIC_FSW/cfe/modules/srl/fsw/inc -I/home/hj/Documents/COSMIC_FSW/cfe/modules/srl/../../../submodules/libgscsp/lib/libgattos-uc_client_client/include -I/home/hj/Documents/COSMIC_FSW/cfe/modules/srl/../../../submodules/libgscsp/lib/isl-modem-app_client/include -I/home/hj/Documents/COSMIC_FSW/cfe/modules/srl/../../../submodules/libgscsp/lib/libaardvark/include -I/home/hj/Documents/COSMIC_FSW/cfe/modules/srl/../../../submodules/libgscsp/lib/libadcs_client/include -I/home/hj/Documents/COSMIC_FSW/cfe/modules/srl/../../../submodules/libgscsp/lib/libfp_client/include -I/home/hj/Documents/COSMIC_FSW/cfe/modules/srl/../../../submodules/libgscsp/lib/libftp_client/include -I/home/hj/Documents/COSMIC_FSW/cfe/modules/srl/../../../submodules/libgscsp/lib/libgosh_client/include -I/home/hj/Documents/COSMIC_FSW/cfe/modules/srl/../../../submodules/libgscsp/lib/libgscsp/include -I/home/hj/Documents/COSMIC_FSW/cfe/modules/srl/../../../submodules/libgscsp/lib/libgscsp/lib/libcsp/include -I/home/hj/Documents/COSMIC_FSW/cfe/modules/srl/../../../submodules/libgscsp/lib/libgscsp/lib/libcsp/src -I/home/hj/Documents/COSMIC_FSW/cfe/modules/srl/../../../submodules/libgscsp/lib/libgssb_client/include -I/home/hj/Documents/COSMIC_FSW/cfe/modules/srl/../../../submodules/libgscsp/lib/libhk_client/include -I/home/hj/Documents/COSMIC_FSW/cfe/modules/srl/../../../submodules/libgscsp/lib/libnanopb_client/include -I/home/hj/Documents/COSMIC_FSW/cfe/modules/srl/../../../submodules/libgscsp/lib/libp60_client/include -I/home/hj/Documents/COSMIC_FSW/cfe/modules/srl/../../../submodules/libgscsp/lib/libparam_client/include -I/home/hj/Documents/COSMIC_FSW/cfe/modules/srl/../../../submodules/libgscsp/lib/librgosh_client/include -I/home/hj/Documents/COSMIC_FSW/cfe/modules/srl/../../../submodules/libgscsp/lib/libutil/include -I/home/hj/Documents/COSMIC_FSW/cfe/modules/srl/../../../submodules/libgscsp/build/lib/libgscsp/lib/libcsp/include -I/home/hj/Documents/COSMIC_FSW/cfe/modules/core_private/fsw/inc -I/home/hj/Documents/COSMIC_FSW/cfe/cmake/target/inc -I/home/hj/Documents/COSMIC_FSW/cfe/modules/core_api/fsw/inc -I/home/hj/Documents/COSMIC_FSW/cfe/modules/es/fsw/inc -I/home/hj/Documents/COSMIC_FSW/cfe/modules/evs/fsw/inc -I/home/hj/Documents/COSMIC_FSW/cfe/modules/fs/fsw/inc -I/home/hj/Documents/COSMIC_FSW/cfe/modules/sb/fsw/inc -I/home/hj/Documents/COSMIC_FSW/cfe/modules/tbl/fsw/inc -I/home/hj/Documents/COSMIC_FSW/cfe/modules/time/fsw/inc -I/home/hj/Documents/COSMIC_FSW/osal/src/os/inc -I/home/hj/Documents/COSMIC_FSW/build/i686-linux-gnu/default_cpu1/osal/inc -I/home/hj/Documents/COSMIC_FSW/psp/fsw/inc -I/home/hj/Documents/COSMIC_FSW/psp/fsw/modules/iodriver/inc -I/home/hj/Documents/COSMIC_FSW/cfe/modules/msg/fsw/inc -I/home/hj/Documents/COSMIC_FSW/cfe/modules/resourceid/fsw/inc -I/home/hj/Documents/COSMIC_FSW/cfe/modules/config/fsw/inc -I/home/hj/Documents/COSMIC_FSW/cfe/modules/rf/fsw/inc -g -std=c99 -pedantic -Wall -Wstrict-prototypes -Wwrite-strings -Wpointer-arith -Werror -Wno-format-truncation -Wno-stringop-truncation -Wno-pedantic -Wno-error=pedantic -MD -MT srl/CMakeFiles/srl.dir/fsw/src/cfe_srl_init.c.o -MF CMakeFiles/srl.dir/fsw/src/cfe_srl_init.c.o.d -o CMakeFiles/srl.dir/fsw/src/cfe_srl_init.c.o -c /home/hj/Documents/COSMIC_FSW/cfe/modules/srl/fsw/src/cfe_srl_init.c
[ 69%] Building C object srl/CMakeFiles/srl.dir/fsw/src/cfe_srl_task.c.o
cd /home/hj/Documents/COSMIC_FSW/build/i686-linux-gnu/default_cpu1/srl && /usr/bin/gcc -D_CFE_CORE_ -D_LINUX_OS_ -D_POSIX_OS_ -D_XOPEN_SOURCE=600 -I/home/hj/Documents/COSMIC_FSW/build/inc -I/home/hj/Documents/COSMIC_FSW/build/i686-linux-gnu/default_cpu1/inc -I/home/hj/Documents/COSMIC_FSW/cfe/modules/srl/fsw/inc -I/home/hj/Documents/COSMIC_FSW/cfe/modules/srl/../../../submodules/libgscsp/lib/libgattos-uc_client_client/include -I/home/hj/Documents/COSMIC_FSW/cfe/modules/srl/../../../submodules/libgscsp/lib/isl-modem-app_client/include -I/home/hj/Documents/COSMIC_FSW/cfe/modules/srl/../../../submodules/libgscsp/lib/libaardvark/include -I/home/hj/Documents/COSMIC_FSW/cfe/modules/srl/../../../submodules/libgscsp/lib/libadcs_client/include -I/home/hj/Documents/COSMIC_FSW/cfe/modules/srl/../../../submodules/libgscsp/lib/libfp_client/include -I/home/hj/Documents/COSMIC_FSW/cfe/modules/srl/../../../submodules/libgscsp/lib/libftp_client/include -I/home/hj/Documents/COSMIC_FSW/cfe/modules/srl/../../../submodules/libgscsp/lib/libgosh_client/include -I/home/hj/Documents/COSMIC_FSW/cfe/modules/srl/../../../submodules/libgscsp/lib/libgscsp/include -I/home/hj/Documents/COSMIC_FSW/cfe/modules/srl/../../../submodules/libgscsp/lib/libgscsp/lib/libcsp/include -I/home/hj/Documents/COSMIC_FSW/cfe/modules/srl/../../../submodules/libgscsp/lib/libgscsp/lib/libcsp/src -I/home/hj/Documents/COSMIC_FSW/cfe/modules/srl/../../../submodules/libgscsp/lib/libgssb_client/include -I/home/hj/Documents/COSMIC_FSW/cfe/modules/srl/../../../submodules/libgscsp/lib/libhk_client/include -I/home/hj/Documents/COSMIC_FSW/cfe/modules/srl/../../../submodules/libgscsp/lib/libnanopb_client/include -I/home/hj/Documents/COSMIC_FSW/cfe/modules/srl/../../../submodules/libgscsp/lib/libp60_client/include -I/home/hj/Documents/COSMIC_FSW/cfe/modules/srl/../../../submodules/libgscsp/lib/libparam_client/include -I/home/hj/Documents/COSMIC_FSW/cfe/modules/srl/../../../submodules/libgscsp/lib/librgosh_client/include -I/home/hj/Documents/COSMIC_FSW/cfe/modules/srl/../../../submodules/libgscsp/lib/libutil/include -I/home/hj/Documents/COSMIC_FSW/cfe/modules/srl/../../../submodules/libgscsp/build/lib/libgscsp/lib/libcsp/include -I/home/hj/Documents/COSMIC_FSW/cfe/modules/core_private/fsw/inc -I/home/hj/Documents/COSMIC_FSW/cfe/cmake/target/inc -I/home/hj/Documents/COSMIC_FSW/cfe/modules/core_api/fsw/inc -I/home/hj/Documents/COSMIC_FSW/cfe/modules/es/fsw/inc -I/home/hj/Documents/COSMIC_FSW/cfe/modules/evs/fsw/inc -I/home/hj/Documents/COSMIC_FSW/cfe/modules/fs/fsw/inc -I/home/hj/Documents/COSMIC_FSW/cfe/modules/sb/fsw/inc -I/home/hj/Documents/COSMIC_FSW/cfe/modules/tbl/fsw/inc -I/home/hj/Documents/COSMIC_FSW/cfe/modules/time/fsw/inc -I/home/hj/Documents/COSMIC_FSW/osal/src/os/inc -I/home/hj/Documents/COSMIC_FSW/build/i686-linux-gnu/default_cpu1/osal/inc -I/home/hj/Documents/COSMIC_FSW/psp/fsw/inc -I/home/hj/Documents/COSMIC_FSW/psp/fsw/modules/iodriver/inc -I/home/hj/Documents/COSMIC_FSW/cfe/modules/msg/fsw/inc -I/home/hj/Documents/COSMIC_FSW/cfe/modules/resourceid/fsw/inc -I/home/hj/Documents/COSMIC_FSW/cfe/modules/config/fsw/inc -I/home/hj/Documents/COSMIC_FSW/cfe/modules/rf/fsw/inc -g -std=c99 -pedantic -Wall -Wstrict-prototypes -Wwrite-strings -Wpointer-arith -Werror -Wno-format-truncation -Wno-stringop-truncation -Wno-pedantic -Wno-error=pedantic -MD -MT srl/CMakeFiles/srl.dir/fsw/src/cfe_srl_task.c.o -MF CMakeFiles/srl.dir/fsw/src/cfe_srl_task.c.o.d -o CMakeFiles/srl.dir/fsw/src/cfe_srl_task.c.o -c /home/hj/Documents/COSMIC_FSW/cfe/modules/srl/fsw/src/cfe_srl_task.c
[ 69%] Building C object srl/CMakeFiles/srl.dir/fsw/src/cfe_srl_dispatch.c.o
cd /home/hj/Documents/COSMIC_FSW/build/i686-linux-gnu/default_cpu1/srl && /usr/bin/gcc -D_CFE_CORE_ -D_LINUX_OS_ -D_POSIX_OS_ -D_XOPEN_SOURCE=600 -I/home/hj/Documents/COSMIC_FSW/build/inc -I/home/hj/Documents/COSMIC_FSW/build/i686-linux-gnu/default_cpu1/inc -I/home/hj/Documents/COSMIC_FSW/cfe/modules/srl/fsw/inc -I/home/hj/Documents/COSMIC_FSW/cfe/modules/srl/../../../submodules/libgscsp/lib/libgattos-uc_client_client/include -I/home/hj/Documents/COSMIC_FSW/cfe/modules/srl/../../../submodules/libgscsp/lib/isl-modem-app_client/include -I/home/hj/Documents/COSMIC_FSW/cfe/modules/srl/../../../submodules/libgscsp/lib/libaardvark/include -I/home/hj/Documents/COSMIC_FSW/cfe/modules/srl/../../../submodules/libgscsp/lib/libadcs_client/include -I/home/hj/Documents/COSMIC_FSW/cfe/modules/srl/../../../submodules/libgscsp/lib/libfp_client/include -I/home/hj/Documents/COSMIC_FSW/cfe/modules/srl/../../../submodules/libgscsp/lib/libftp_client/include -I/home/hj/Documents/COSMIC_FSW/cfe/modules/srl/../../../submodules/libgscsp/lib/libgosh_client/include -I/home/hj/Documents/COSMIC_FSW/cfe/modules/srl/../../../submodules/libgscsp/lib/libgscsp/include -I/home/hj/Documents/COSMIC_FSW/cfe/modules/srl/../../../submodules/libgscsp/lib/libgscsp/lib/libcsp/include -I/home/hj/Documents/COSMIC_FSW/cfe/modules/srl/../../../submodules/libgscsp/lib/libgscsp/lib/libcsp/src -I/home/hj/Documents/COSMIC_FSW/cfe/modules/srl/../../../submodules/libgscsp/lib/libgssb_client/include -I/home/hj/Documents/COSMIC_FSW/cfe/modules/srl/../../../submodules/libgscsp/lib/libhk_client/include -I/home/hj/Documents/COSMIC_FSW/cfe/modules/srl/../../../submodules/libgscsp/lib/libnanopb_client/include -I/home/hj/Documents/COSMIC_FSW/cfe/modules/srl/../../../submodules/libgscsp/lib/libp60_client/include -I/home/hj/Documents/COSMIC_FSW/cfe/modules/srl/../../../submodules/libgscsp/lib/libparam_client/include -I/home/hj/Documents/COSMIC_FSW/cfe/modules/srl/../../../submodules/libgscsp/lib/librgosh_client/include -I/home/hj/Documents/COSMIC_FSW/cfe/modules/srl/../../../submodules/libgscsp/lib/libutil/include -I/home/hj/Documents/COSMIC_FSW/cfe/modules/srl/../../../submodules/libgscsp/build/lib/libgscsp/lib/libcsp/include -I/home/hj/Documents/COSMIC_FSW/cfe/modules/core_private/fsw/inc -I/home/hj/Documents/COSMIC_FSW/cfe/cmake/target/inc -I/home/hj/Documents/COSMIC_FSW/cfe/modules/core_api/fsw/inc -I/home/hj/Documents/COSMIC_FSW/cfe/modules/es/fsw/inc -I/home/hj/Documents/COSMIC_FSW/cfe/modules/evs/fsw/inc -I/home/hj/Documents/COSMIC_FSW/cfe/modules/fs/fsw/inc -I/home/hj/Documents/COSMIC_FSW/cfe/modules/sb/fsw/inc -I/home/hj/Documents/COSMIC_FSW/cfe/modules/tbl/fsw/inc -I/home/hj/Documents/COSMIC_FSW/cfe/modules/time/fsw/inc -I/home/hj/Documents/COSMIC_FSW/osal/src/os/inc -I/home/hj/Documents/COSMIC_FSW/build/i686-linux-gnu/default_cpu1/osal/inc -I/home/hj/Documents/COSMIC_FSW/psp/fsw/inc -I/home/hj/Documents/COSMIC_FSW/psp/fsw/modules/iodriver/inc -I/home/hj/Documents/COSMIC_FSW/cfe/modules/msg/fsw/inc -I/home/hj/Documents/COSMIC_FSW/cfe/modules/resourceid/fsw/inc -I/home/hj/Documents/COSMIC_FSW/cfe/modules/config/fsw/inc -I/home/hj/Documents/COSMIC_FSW/cfe/modules/rf/fsw/inc -g -std=c99 -pedantic -Wall -Wstrict-prototypes -Wwrite-strings -Wpointer-arith -Werror -Wno-format-truncation -Wno-stringop-truncation -Wno-pedantic -Wno-error=pedantic -MD -MT srl/CMakeFiles/srl.dir/fsw/src/cfe_srl_dispatch.c.o -MF CMakeFiles/srl.dir/fsw/src/cfe_srl_dispatch.c.o.d -o CMakeFiles/srl.dir/fsw/src/cfe_srl_dispatch.c.o -c /home/hj/Documents/COSMIC_FSW/cfe/modules/srl/fsw/src/cfe_srl_dispatch.c
[ 69%] Linking C static library libsrl.a
cd /home/hj/Documents/COSMIC_FSW/build/i686-linux-gnu/default_cpu1/srl && /usr/bin/cmake -P CMakeFiles/srl.dir/cmake_clean_target.cmake
cd /home/hj/Documents/COSMIC_FSW/build/i686-linux-gnu/default_cpu1/srl && /usr/bin/cmake -E cmake_link_script CMakeFiles/srl.dir/link.txt --verbose=1
/usr/bin/ar qc libsrl.a CMakeFiles/srl.dir/fsw/src/cfe_srl_basic.c.o CMakeFiles/srl.dir/fsw/src/cfe_srl_io.c.o CMakeFiles/srl.dir/fsw/src/cfe_srl_mutex.c.o CMakeFiles/srl.dir/fsw/src/cfe_srl_handle.c.o CMakeFiles/srl.dir/fsw/src/cfe_srl_priv.c.o CMakeFiles/srl.dir/fsw/src/cfe_srl_csp.c.o CMakeFiles/srl.dir/fsw/src/cfe_srl_csp_config.c.o CMakeFiles/srl.dir/fsw/src/cfe_srl_api.c.o CMakeFiles/srl.dir/fsw/src/cfe_srl_init.c.o CMakeFiles/srl.dir/fsw/src/cfe_srl_task.c.o CMakeFiles/srl.dir/fsw/src/cfe_srl_dispatch.c.o
/usr/bin/ranlib libsrl.a
[ 69%] Built target srl
make  -f rf/CMakeFiles/rf.dir/build.make rf/CMakeFiles/rf.dir/depend
cd /home/hj/Documents/COSMIC_FSW/build/i686-linux-gnu/default_cpu1 && /usr/bin/cmake -E cmake_depends "Unix Makefiles" /home/hj/Documents/COSMIC_FSW/cfe /home/hj/Documents/COSMIC_FSW/cfe/modules/rf /home/hj/Documents/COSMIC_FSW/build/i686-linux-gnu/default_cpu1 /home/hj/Documents/COSMIC_FSW/build/i686-linux-gnu/default_cpu1/rf /home/hj/Documents/COSMIC_FSW/build/i686-linux-gnu/default_cpu1/rf/CMakeFiles/rf.dir/DependInfo.cmake --color=
Dependencies file "rf/CMakeFiles/rf.dir/fsw/src/cfe_rf_api.c.o.d" is newer than depends file "/home/hj/Documents/COSMIC_FSW/build/i686-linux-gnu/default_cpu1/rf/CMakeFiles/rf.dir/compiler_depend.internal".
Consolidate compiler generated dependencies of target rf
make  -f rf/CMakeFiles/rf.dir/build.make rf/CMakeFiles/rf.dir/build
[ 70%] Building C object rf/CMakeFiles/rf.dir/fsw/src/cfe_rf_api.c.o
cd /home/hj/Documents/COSMIC_FSW/build/i686-linux-gnu/default_cpu1/rf && /usr/bin/gcc -D_CFE_CORE_ -D_LINUX_OS_ -D_POSIX_OS_ -D_XOPEN_SOURCE=600 -I/home/hj/Documents/COSMIC_FSW/build/inc -I/home/hj/Documents/COSMIC_FSW/build/i686-linux-gnu/default_cpu1/inc -I/home/hj/Documents/COSMIC_FSW/cfe/modules/rf/fsw/inc -I/home/hj/Documents/COSMIC_FSW/cfe/modules/rf/../../../submodules/libgscsp/lib/libgattos-uc_client_client/include -I/home/hj/Documents/COSMIC_FSW/cfe/modules/rf/../../../submodules/libgscsp/lib/isl-modem-app_client/include -I/home/hj/Documents/COSMIC_FSW/cfe/modules/rf/../../../submodules/libgscsp/lib/libaardvark/include -I/home/hj/Documents/COSMIC_FSW/cfe/modules/rf/../../../submodules/libgscsp/lib/libadcs_client/include -I/home/hj/Documents/COSMIC_FSW/cfe/modules/rf/../../../submodules/libgscsp/lib/libfp_client/include -I/home/hj/Documents/COSMIC_FSW/cfe/modules/rf/../../../submodules/libgscsp/lib/libftp_client/include -I/home/hj/Documents/COSMIC_FSW/cfe/modules/rf/../../../submodules/libgscsp/lib/libgosh_client/include -I/home/hj/Documents/COSMIC_FSW/cfe/modules/rf/../../../submodules/libgscsp/lib/libgscsp/include -I/home/hj/Documents/COSMIC_FSW/cfe/modules/rf/../../../submodules/libgscsp/lib/libgscsp/lib/libcsp/include -I/home/hj/Documents/COSMIC_FSW/cfe/modules/rf/../../../submodules/libgscsp/lib/libgscsp/lib/libcsp/src -I/home/hj/Documents/COSMIC_FSW/cfe/modules/rf/../../../submodules/libgscsp/lib/libgssb_client/include -I/home/hj/Documents/COSMIC_FSW/cfe/modules/rf/../../../submodules/libgscsp/lib/libhk_client/include -I/home/hj/Documents/COSMIC_FSW/cfe/modules/rf/../../../submodules/libgscsp/lib/libnanopb_client/include -I/home/hj/Documents/COSMIC_FSW/cfe/modules/rf/../../../submodules/libgscsp/lib/libp60_client/include -I/home/hj/Documents/COSMIC_FSW/cfe/modules/rf/../../../submodules/libgscsp/lib/libparam_client/include -I/home/hj/Documents/COSMIC_FSW/cfe/modules/rf/../../../submodules/libgscsp/lib/librgosh_client/include -I/home/hj/Documents/COSMIC_FSW/cfe/modules/rf/../../../submodules/libgscsp/lib/libutil/include -I/home/hj/Documents/COSMIC_FSW/cfe/modules/rf/../../../submodules/libgscsp/build/lib/libgscsp/lib/libcsp/include -I/home/hj/Documents/COSMIC_FSW/cfe/modules/core_private/fsw/inc -I/home/hj/Documents/COSMIC_FSW/cfe/cmake/target/inc -I/home/hj/Documents/COSMIC_FSW/cfe/modules/core_api/fsw/inc -I/home/hj/Documents/COSMIC_FSW/cfe/modules/es/fsw/inc -I/home/hj/Documents/COSMIC_FSW/cfe/modules/evs/fsw/inc -I/home/hj/Documents/COSMIC_FSW/cfe/modules/fs/fsw/inc -I/home/hj/Documents/COSMIC_FSW/cfe/modules/sb/fsw/inc -I/home/hj/Documents/COSMIC_FSW/cfe/modules/tbl/fsw/inc -I/home/hj/Documents/COSMIC_FSW/cfe/modules/time/fsw/inc -I/home/hj/Documents/COSMIC_FSW/osal/src/os/inc -I/home/hj/Documents/COSMIC_FSW/build/i686-linux-gnu/default_cpu1/osal/inc -I/home/hj/Documents/COSMIC_FSW/psp/fsw/inc -I/home/hj/Documents/COSMIC_FSW/psp/fsw/modules/iodriver/inc -I/home/hj/Documents/COSMIC_FSW/cfe/modules/msg/fsw/inc -I/home/hj/Documents/COSMIC_FSW/cfe/modules/resourceid/fsw/inc -I/home/hj/Documents/COSMIC_FSW/cfe/modules/config/fsw/inc -I/home/hj/Documents/COSMIC_FSW/cfe/modules/srl/fsw/inc -g -std=c99 -pedantic -Wall -Wstrict-prototypes -Wwrite-strings -Wpointer-arith -Werror -Wno-format-truncation -Wno-stringop-truncation -Wno-pedantic -Wno-error=pedantic -MD -MT rf/CMakeFiles/rf.dir/fsw/src/cfe_rf_api.c.o -MF CMakeFiles/rf.dir/fsw/src/cfe_rf_api.c.o.d -o CMakeFiles/rf.dir/fsw/src/cfe_rf_api.c.o -c /home/hj/Documents/COSMIC_FSW/cfe/modules/rf/fsw/src/cfe_rf_api.c
[ 70%] Linking C static library librf.a
cd /home/hj/Documents/COSMIC_FSW/build/i686-linux-gnu/default_cpu1/rf && /usr/bin/cmake -P CMakeFiles/rf.dir/cmake_clean_target.cmake
cd /home/hj/Documents/COSMIC_FSW/build/i686-linux-gnu/default_cpu1/rf && /usr/bin/cmake -E cmake_link_script CMakeFiles/rf.dir/link.txt --verbose=1
/usr/bin/ar qc librf.a CMakeFiles/rf.dir/fsw/src/cfe_rf_api.c.o
/usr/bin/ranlib librf.a
[ 70%] Built target rf
make  -f apps/ci_lab/CMakeFiles/ci_lab.dir/build.make apps/ci_lab/CMakeFiles/ci_lab.dir/depend
cd /home/hj/Documents/COSMIC_FSW/build/i686-linux-gnu/default_cpu1 && /usr/bin/cmake -E cmake_depends "Unix Makefiles" /home/hj/Documents/COSMIC_FSW/cfe /home/hj/Documents/COSMIC_FSW/apps/ci_lab /home/hj/Documents/COSMIC_FSW/build/i686-linux-gnu/default_cpu1 /home/hj/Documents/COSMIC_FSW/build/i686-linux-gnu/default_cpu1/apps/ci_lab /home/hj/Documents/COSMIC_FSW/build/i686-linux-gnu/default_cpu1/apps/ci_lab/CMakeFiles/ci_lab.dir/DependInfo.cmake --color=
Dependencies file "apps/ci_lab/CMakeFiles/ci_lab.dir/fsw/src/ci_lab_app.c.o.d" is newer than depends file "/home/hj/Documents/COSMIC_FSW/build/i686-linux-gnu/default_cpu1/apps/ci_lab/CMakeFiles/ci_lab.dir/compiler_depend.internal".
Dependencies file "apps/ci_lab/CMakeFiles/ci_lab.dir/fsw/src/ci_lab_cmds.c.o.d" is newer than depends file "/home/hj/Documents/COSMIC_FSW/build/i686-linux-gnu/default_cpu1/apps/ci_lab/CMakeFiles/ci_lab.dir/compiler_depend.internal".
Dependencies file "apps/ci_lab/CMakeFiles/ci_lab.dir/fsw/src/ci_lab_dispatch.c.o.d" is newer than depends file "/home/hj/Documents/COSMIC_FSW/build/i686-linux-gnu/default_cpu1/apps/ci_lab/CMakeFiles/ci_lab.dir/compiler_depend.internal".
Dependencies file "apps/ci_lab/CMakeFiles/ci_lab.dir/fsw/src/ci_lab_passthru_decode.c.o.d" is newer than depends file "/home/hj/Documents/COSMIC_FSW/build/i686-linux-gnu/default_cpu1/apps/ci_lab/CMakeFiles/ci_lab.dir/compiler_depend.internal".
Consolidate compiler generated dependencies of target ci_lab
make  -f apps/ci_lab/CMakeFiles/ci_lab.dir/build.make apps/ci_lab/CMakeFiles/ci_lab.dir/build
[ 72%] Building C object apps/ci_lab/CMakeFiles/ci_lab.dir/fsw/src/ci_lab_app.c.o
cd /home/hj/Documents/COSMIC_FSW/build/i686-linux-gnu/default_cpu1/apps/ci_lab && /usr/bin/gcc -D_LINUX_OS_ -D_POSIX_OS_ -D_XOPEN_SOURCE=600 -Dci_lab_EXPORTS -I/home/hj/Documents/COSMIC_FSW/build/inc -I/home/hj/Documents/COSMIC_FSW/build/i686-linux-gnu/default_cpu1/inc -I/home/hj/Documents/COSMIC_FSW/apps/ci_lab/fsw/inc -I/home/hj/Documents/COSMIC_FSW/cfe/modules/core_api/fsw/inc -I/home/hj/Documents/COSMIC_FSW/cfe/modules/es/fsw/inc -I/home/hj/Documents/COSMIC_FSW/cfe/modules/evs/fsw/inc -I/home/hj/Documents/COSMIC_FSW/cfe/modules/fs/fsw/inc -I/home/hj/Documents/COSMIC_FSW/cfe/modules/sb/fsw/inc -I/home/hj/Documents/COSMIC_FSW/cfe/modules/tbl/fsw/inc -I/home/hj/Documents/COSMIC_FSW/cfe/modules/time/fsw/inc -I/home/hj/Documents/COSMIC_FSW/osal/src/os/inc -I/home/hj/Documents/COSMIC_FSW/build/i686-linux-gnu/default_cpu1/osal/inc -I/home/hj/Documents/COSMIC_FSW/psp/fsw/inc -I/home/hj/Documents/COSMIC_FSW/psp/fsw/modules/iodriver/inc -I/home/hj/Documents/COSMIC_FSW/cfe/modules/msg/fsw/inc -I/home/hj/Documents/COSMIC_FSW/cfe/modules/resourceid/fsw/inc -I/home/hj/Documents/COSMIC_FSW/cfe/modules/config/fsw/inc -I/home/hj/Documents/COSMIC_FSW/cfe/modules/srl/fsw/inc -I/home/hj/Documents/COSMIC_FSW/cfe/modules/rf/fsw/inc -g -fPIC -std=c99 -pedantic -Wall -Wstrict-prototypes -Wwrite-strings -Wpointer-arith -Werror -Wno-format-truncation -Wno-stringop-truncation -MD -MT apps/ci_lab/CMakeFiles/ci_lab.dir/fsw/src/ci_lab_app.c.o -MF CMakeFiles/ci_lab.dir/fsw/src/ci_lab_app.c.o.d -o CMakeFiles/ci_lab.dir/fsw/src/ci_lab_app.c.o -c /home/hj/Documents/COSMIC_FSW/apps/ci_lab/fsw/src/ci_lab_app.c
[ 72%] Building C object apps/ci_lab/CMakeFiles/ci_lab.dir/fsw/src/ci_lab_cmds.c.o
cd /home/hj/Documents/COSMIC_FSW/build/i686-linux-gnu/default_cpu1/apps/ci_lab && /usr/bin/gcc -D_LINUX_OS_ -D_POSIX_OS_ -D_XOPEN_SOURCE=600 -Dci_lab_EXPORTS -I/home/hj/Documents/COSMIC_FSW/build/inc -I/home/hj/Documents/COSMIC_FSW/build/i686-linux-gnu/default_cpu1/inc -I/home/hj/Documents/COSMIC_FSW/apps/ci_lab/fsw/inc -I/home/hj/Documents/COSMIC_FSW/cfe/modules/core_api/fsw/inc -I/home/hj/Documents/COSMIC_FSW/cfe/modules/es/fsw/inc -I/home/hj/Documents/COSMIC_FSW/cfe/modules/evs/fsw/inc -I/home/hj/Documents/COSMIC_FSW/cfe/modules/fs/fsw/inc -I/home/hj/Documents/COSMIC_FSW/cfe/modules/sb/fsw/inc -I/home/hj/Documents/COSMIC_FSW/cfe/modules/tbl/fsw/inc -I/home/hj/Documents/COSMIC_FSW/cfe/modules/time/fsw/inc -I/home/hj/Documents/COSMIC_FSW/osal/src/os/inc -I/home/hj/Documents/COSMIC_FSW/build/i686-linux-gnu/default_cpu1/osal/inc -I/home/hj/Documents/COSMIC_FSW/psp/fsw/inc -I/home/hj/Documents/COSMIC_FSW/psp/fsw/modules/iodriver/inc -I/home/hj/Documents/COSMIC_FSW/cfe/modules/msg/fsw/inc -I/home/hj/Documents/COSMIC_FSW/cfe/modules/resourceid/fsw/inc -I/home/hj/Documents/COSMIC_FSW/cfe/modules/config/fsw/inc -I/home/hj/Documents/COSMIC_FSW/cfe/modules/srl/fsw/inc -I/home/hj/Documents/COSMIC_FSW/cfe/modules/rf/fsw/inc -g -fPIC -std=c99 -pedantic -Wall -Wstrict-prototypes -Wwrite-strings -Wpointer-arith -Werror -Wno-format-truncation -Wno-stringop-truncation -MD -MT apps/ci_lab/CMakeFiles/ci_lab.dir/fsw/src/ci_lab_cmds.c.o -MF CMakeFiles/ci_lab.dir/fsw/src/ci_lab_cmds.c.o.d -o CMakeFiles/ci_lab.dir/fsw/src/ci_lab_cmds.c.o -c /home/hj/Documents/COSMIC_FSW/apps/ci_lab/fsw/src/ci_lab_cmds.c
[ 72%] Building C object apps/ci_lab/CMakeFiles/ci_lab.dir/fsw/src/ci_lab_dispatch.c.o
cd /home/hj/Documents/COSMIC_FSW/build/i686-linux-gnu/default_cpu1/apps/ci_lab && /usr/bin/gcc -D_LINUX_OS_ -D_POSIX_OS_ -D_XOPEN_SOURCE=600 -Dci_lab_EXPORTS -I/home/hj/Documents/COSMIC_FSW/build/inc -I/home/hj/Documents/COSMIC_FSW/build/i686-linux-gnu/default_cpu1/inc -I/home/hj/Documents/COSMIC_FSW/apps/ci_lab/fsw/inc -I/home/hj/Documents/COSMIC_FSW/cfe/modules/core_api/fsw/inc -I/home/hj/Documents/COSMIC_FSW/cfe/modules/es/fsw/inc -I/home/hj/Documents/COSMIC_FSW/cfe/modules/evs/fsw/inc -I/home/hj/Documents/COSMIC_FSW/cfe/modules/fs/fsw/inc -I/home/hj/Documents/COSMIC_FSW/cfe/modules/sb/fsw/inc -I/home/hj/Documents/COSMIC_FSW/cfe/modules/tbl/fsw/inc -I/home/hj/Documents/COSMIC_FSW/cfe/modules/time/fsw/inc -I/home/hj/Documents/COSMIC_FSW/osal/src/os/inc -I/home/hj/Documents/COSMIC_FSW/build/i686-linux-gnu/default_cpu1/osal/inc -I/home/hj/Documents/COSMIC_FSW/psp/fsw/inc -I/home/hj/Documents/COSMIC_FSW/psp/fsw/modules/iodriver/inc -I/home/hj/Documents/COSMIC_FSW/cfe/modules/msg/fsw/inc -I/home/hj/Documents/COSMIC_FSW/cfe/modules/resourceid/fsw/inc -I/home/hj/Documents/COSMIC_FSW/cfe/modules/config/fsw/inc -I/home/hj/Documents/COSMIC_FSW/cfe/modules/srl/fsw/inc -I/home/hj/Documents/COSMIC_FSW/cfe/modules/rf/fsw/inc -g -fPIC -std=c99 -pedantic -Wall -Wstrict-prototypes -Wwrite-strings -Wpointer-arith -Werror -Wno-format-truncation -Wno-stringop-truncation -MD -MT apps/ci_lab/CMakeFiles/ci_lab.dir/fsw/src/ci_lab_dispatch.c.o -MF CMakeFiles/ci_lab.dir/fsw/src/ci_lab_dispatch.c.o.d -o CMakeFiles/ci_lab.dir/fsw/src/ci_lab_dispatch.c.o -c /home/hj/Documents/COSMIC_FSW/apps/ci_lab/fsw/src/ci_lab_dispatch.c
[ 72%] Building C object apps/ci_lab/CMakeFiles/ci_lab.dir/fsw/src/ci_lab_passthru_decode.c.o
cd /home/hj/Documents/COSMIC_FSW/build/i686-linux-gnu/default_cpu1/apps/ci_lab && /usr/bin/gcc -D_LINUX_OS_ -D_POSIX_OS_ -D_XOPEN_SOURCE=600 -Dci_lab_EXPORTS -I/home/hj/Documents/COSMIC_FSW/build/inc -I/home/hj/Documents/COSMIC_FSW/build/i686-linux-gnu/default_cpu1/inc -I/home/hj/Documents/COSMIC_FSW/apps/ci_lab/fsw/inc -I/home/hj/Documents/COSMIC_FSW/cfe/modules/core_api/fsw/inc -I/home/hj/Documents/COSMIC_FSW/cfe/modules/es/fsw/inc -I/home/hj/Documents/COSMIC_FSW/cfe/modules/evs/fsw/inc -I/home/hj/Documents/COSMIC_FSW/cfe/modules/fs/fsw/inc -I/home/hj/Documents/COSMIC_FSW/cfe/modules/sb/fsw/inc -I/home/hj/Documents/COSMIC_FSW/cfe/modules/tbl/fsw/inc -I/home/hj/Documents/COSMIC_FSW/cfe/modules/time/fsw/inc -I/home/hj/Documents/COSMIC_FSW/osal/src/os/inc -I/home/hj/Documents/COSMIC_FSW/build/i686-linux-gnu/default_cpu1/osal/inc -I/home/hj/Documents/COSMIC_FSW/psp/fsw/inc -I/home/hj/Documents/COSMIC_FSW/psp/fsw/modules/iodriver/inc -I/home/hj/Documents/COSMIC_FSW/cfe/modules/msg/fsw/inc -I/home/hj/Documents/COSMIC_FSW/cfe/modules/resourceid/fsw/inc -I/home/hj/Documents/COSMIC_FSW/cfe/modules/config/fsw/inc -I/home/hj/Documents/COSMIC_FSW/cfe/modules/srl/fsw/inc -I/home/hj/Documents/COSMIC_FSW/cfe/modules/rf/fsw/inc -g -fPIC -std=c99 -pedantic -Wall -Wstrict-prototypes -Wwrite-strings -Wpointer-arith -Werror -Wno-format-truncation -Wno-stringop-truncation -MD -MT apps/ci_lab/CMakeFiles/ci_lab.dir/fsw/src/ci_lab_passthru_decode.c.o -MF CMakeFiles/ci_lab.dir/fsw/src/ci_lab_passthru_decode.c.o.d -o CMakeFiles/ci_lab.dir/fsw/src/ci_lab_passthru_decode.c.o -c /home/hj/Documents/COSMIC_FSW/apps/ci_lab/fsw/src/ci_lab_passthru_decode.c
[ 73%] Linking C shared module ci_lab.so
cd /home/hj/Documents/COSMIC_FSW/build/i686-linux-gnu/default_cpu1/apps/ci_lab && /usr/bin/cmake -E cmake_link_script CMakeFiles/ci_lab.dir/link.txt --verbose=1
/usr/bin/gcc -fPIC -g -shared  -o ci_lab.so CMakeFiles/ci_lab.dir/fsw/src/ci_lab_app.c.o CMakeFiles/ci_lab.dir/fsw/src/ci_lab_cmds.c.o CMakeFiles/ci_lab.dir/fsw/src/ci_lab_dispatch.c.o CMakeFiles/ci_lab.dir/fsw/src/ci_lab_passthru_decode.c.o 
[ 73%] Built target ci_lab
make  -f apps/to_lab/CMakeFiles/to_lab.dir/build.make apps/to_lab/CMakeFiles/to_lab.dir/depend
cd /home/hj/Documents/COSMIC_FSW/build/i686-linux-gnu/default_cpu1 && /usr/bin/cmake -E cmake_depends "Unix Makefiles" /home/hj/Documents/COSMIC_FSW/cfe /home/hj/Documents/COSMIC_FSW/apps/to_lab /home/hj/Documents/COSMIC_FSW/build/i686-linux-gnu/default_cpu1 /home/hj/Documents/COSMIC_FSW/build/i686-linux-gnu/default_cpu1/apps/to_lab /home/hj/Documents/COSMIC_FSW/build/i686-linux-gnu/default_cpu1/apps/to_lab/CMakeFiles/to_lab.dir/DependInfo.cmake --color=
Dependencies file "apps/to_lab/CMakeFiles/to_lab.dir/fsw/src/to_lab_app.c.o.d" is newer than depends file "/home/hj/Documents/COSMIC_FSW/build/i686-linux-gnu/default_cpu1/apps/to_lab/CMakeFiles/to_lab.dir/compiler_depend.internal".
Dependencies file "apps/to_lab/CMakeFiles/to_lab.dir/fsw/src/to_lab_cmds.c.o.d" is newer than depends file "/home/hj/Documents/COSMIC_FSW/build/i686-linux-gnu/default_cpu1/apps/to_lab/CMakeFiles/to_lab.dir/compiler_depend.internal".
Dependencies file "apps/to_lab/CMakeFiles/to_lab.dir/fsw/src/to_lab_dispatch.c.o.d" is newer than depends file "/home/hj/Documents/COSMIC_FSW/build/i686-linux-gnu/default_cpu1/apps/to_lab/CMakeFiles/to_lab.dir/compiler_depend.internal".
Dependencies file "apps/to_lab/CMakeFiles/to_lab.dir/fsw/src/to_lab_passthru_encode.c.o.d" is newer than depends file "/home/hj/Documents/COSMIC_FSW/build/i686-linux-gnu/default_cpu1/apps/to_lab/CMakeFiles/to_lab.dir/compiler_depend.internal".
Consolidate compiler generated dependencies of target to_lab
make  -f apps/to_lab/CMakeFiles/to_lab.dir/build.make apps/to_lab/CMakeFiles/to_lab.dir/build
[ 73%] Building C object apps/to_lab/CMakeFiles/to_lab.dir/fsw/src/to_lab_app.c.o
cd /home/hj/Documents/COSMIC_FSW/build/i686-linux-gnu/default_cpu1/apps/to_lab && /usr/bin/gcc -DHAVE_CI_LAB -DHAVE_LC -DHAVE_SAMPLE_APP -DHAVE_SC -D_LINUX_OS_ -D_POSIX_OS_ -D_XOPEN_SOURCE=600 -Dto_lab_EXPORTS -I/home/hj/Documents/COSMIC_FSW/build/inc -I/home/hj/Documents/COSMIC_FSW/build/i686-linux-gnu/default_cpu1/inc -I/home/hj/Documents/COSMIC_FSW/apps/ci_lab/fsw/inc -I/home/hj/Documents/COSMIC_FSW/cfe/modules/core_api/fsw/inc -I/home/hj/Documents/COSMIC_FSW/cfe/modules/es/fsw/inc -I/home/hj/Documents/COSMIC_FSW/cfe/modules/evs/fsw/inc -I/home/hj/Documents/COSMIC_FSW/cfe/modules/fs/fsw/inc -I/home/hj/Documents/COSMIC_FSW/cfe/modules/sb/fsw/inc -I/home/hj/Documents/COSMIC_FSW/cfe/modules/tbl/fsw/inc -I/home/hj/Documents/COSMIC_FSW/cfe/modules/time/fsw/inc -I/home/hj/Documents/COSMIC_FSW/osal/src/os/inc -I/home/hj/Documents/COSMIC_FSW/build/i686-linux-gnu/default_cpu1/osal/inc -I/home/hj/Documents/COSMIC_FSW/psp/fsw/inc -I/home/hj/Documents/COSMIC_FSW/psp/fsw/modules/iodriver/inc -I/home/hj/Documents/COSMIC_FSW/cfe/modules/msg/fsw/inc -I/home/hj/Documents/COSMIC_FSW/cfe/modules/resourceid/fsw/inc -I/home/hj/Documents/COSMIC_FSW/cfe/modules/config/fsw/inc -I/home/hj/Documents/COSMIC_FSW/cfe/modules/srl/fsw/inc -I/home/hj/Documents/COSMIC_FSW/cfe/modules/rf/fsw/inc -I/home/hj/Documents/COSMIC_FSW/apps/sample_app/fsw/inc -I/home/hj/Documents/COSMIC_FSW/libs/sample_lib/fsw/public_inc -I/home/hj/Documents/COSMIC_FSW/apps/sc/fsw/inc -I/home/hj/Documents/COSMIC_FSW/apps/lc/fsw/inc -I/home/hj/Documents/COSMIC_FSW/apps/to_lab/fsw/inc -g -fPIC -std=c99 -pedantic -Wall -Wstrict-prototypes -Wwrite-strings -Wpointer-arith -Werror -Wno-format-truncation -Wno-stringop-truncation -MD -MT apps/to_lab/CMakeFiles/to_lab.dir/fsw/src/to_lab_app.c.o -MF CMakeFiles/to_lab.dir/fsw/src/to_lab_app.c.o.d -o CMakeFiles/to_lab.dir/fsw/src/to_lab_app.c.o -c /home/hj/Documents/COSMIC_FSW/apps/to_lab/fsw/src/to_lab_app.c
[ 73%] Building C object apps/to_lab/CMakeFiles/to_lab.dir/fsw/src/to_lab_cmds.c.o
cd /home/hj/Documents/COSMIC_FSW/build/i686-linux-gnu/default_cpu1/apps/to_lab && /usr/bin/gcc -DHAVE_CI_LAB -DHAVE_LC -DHAVE_SAMPLE_APP -DHAVE_SC -D_LINUX_OS_ -D_POSIX_OS_ -D_XOPEN_SOURCE=600 -Dto_lab_EXPORTS -I/home/hj/Documents/COSMIC_FSW/build/inc -I/home/hj/Documents/COSMIC_FSW/build/i686-linux-gnu/default_cpu1/inc -I/home/hj/Documents/COSMIC_FSW/apps/ci_lab/fsw/inc -I/home/hj/Documents/COSMIC_FSW/cfe/modules/core_api/fsw/inc -I/home/hj/Documents/COSMIC_FSW/cfe/modules/es/fsw/inc -I/home/hj/Documents/COSMIC_FSW/cfe/modules/evs/fsw/inc -I/home/hj/Documents/COSMIC_FSW/cfe/modules/fs/fsw/inc -I/home/hj/Documents/COSMIC_FSW/cfe/modules/sb/fsw/inc -I/home/hj/Documents/COSMIC_FSW/cfe/modules/tbl/fsw/inc -I/home/hj/Documents/COSMIC_FSW/cfe/modules/time/fsw/inc -I/home/hj/Documents/COSMIC_FSW/osal/src/os/inc -I/home/hj/Documents/COSMIC_FSW/build/i686-linux-gnu/default_cpu1/osal/inc -I/home/hj/Documents/COSMIC_FSW/psp/fsw/inc -I/home/hj/Documents/COSMIC_FSW/psp/fsw/modules/iodriver/inc -I/home/hj/Documents/COSMIC_FSW/cfe/modules/msg/fsw/inc -I/home/hj/Documents/COSMIC_FSW/cfe/modules/resourceid/fsw/inc -I/home/hj/Documents/COSMIC_FSW/cfe/modules/config/fsw/inc -I/home/hj/Documents/COSMIC_FSW/cfe/modules/srl/fsw/inc -I/home/hj/Documents/COSMIC_FSW/cfe/modules/rf/fsw/inc -I/home/hj/Documents/COSMIC_FSW/apps/sample_app/fsw/inc -I/home/hj/Documents/COSMIC_FSW/libs/sample_lib/fsw/public_inc -I/home/hj/Documents/COSMIC_FSW/apps/sc/fsw/inc -I/home/hj/Documents/COSMIC_FSW/apps/lc/fsw/inc -I/home/hj/Documents/COSMIC_FSW/apps/to_lab/fsw/inc -g -fPIC -std=c99 -pedantic -Wall -Wstrict-prototypes -Wwrite-strings -Wpointer-arith -Werror -Wno-format-truncation -Wno-stringop-truncation -MD -MT apps/to_lab/CMakeFiles/to_lab.dir/fsw/src/to_lab_cmds.c.o -MF CMakeFiles/to_lab.dir/fsw/src/to_lab_cmds.c.o.d -o CMakeFiles/to_lab.dir/fsw/src/to_lab_cmds.c.o -c /home/hj/Documents/COSMIC_FSW/apps/to_lab/fsw/src/to_lab_cmds.c
[ 75%] Building C object apps/to_lab/CMakeFiles/to_lab.dir/fsw/src/to_lab_dispatch.c.o
cd /home/hj/Documents/COSMIC_FSW/build/i686-linux-gnu/default_cpu1/apps/to_lab && /usr/bin/gcc -DHAVE_CI_LAB -DHAVE_LC -DHAVE_SAMPLE_APP -DHAVE_SC -D_LINUX_OS_ -D_POSIX_OS_ -D_XOPEN_SOURCE=600 -Dto_lab_EXPORTS -I/home/hj/Documents/COSMIC_FSW/build/inc -I/home/hj/Documents/COSMIC_FSW/build/i686-linux-gnu/default_cpu1/inc -I/home/hj/Documents/COSMIC_FSW/apps/ci_lab/fsw/inc -I/home/hj/Documents/COSMIC_FSW/cfe/modules/core_api/fsw/inc -I/home/hj/Documents/COSMIC_FSW/cfe/modules/es/fsw/inc -I/home/hj/Documents/COSMIC_FSW/cfe/modules/evs/fsw/inc -I/home/hj/Documents/COSMIC_FSW/cfe/modules/fs/fsw/inc -I/home/hj/Documents/COSMIC_FSW/cfe/modules/sb/fsw/inc -I/home/hj/Documents/COSMIC_FSW/cfe/modules/tbl/fsw/inc -I/home/hj/Documents/COSMIC_FSW/cfe/modules/time/fsw/inc -I/home/hj/Documents/COSMIC_FSW/osal/src/os/inc -I/home/hj/Documents/COSMIC_FSW/build/i686-linux-gnu/default_cpu1/osal/inc -I/home/hj/Documents/COSMIC_FSW/psp/fsw/inc -I/home/hj/Documents/COSMIC_FSW/psp/fsw/modules/iodriver/inc -I/home/hj/Documents/COSMIC_FSW/cfe/modules/msg/fsw/inc -I/home/hj/Documents/COSMIC_FSW/cfe/modules/resourceid/fsw/inc -I/home/hj/Documents/COSMIC_FSW/cfe/modules/config/fsw/inc -I/home/hj/Documents/COSMIC_FSW/cfe/modules/srl/fsw/inc -I/home/hj/Documents/COSMIC_FSW/cfe/modules/rf/fsw/inc -I/home/hj/Documents/COSMIC_FSW/apps/sample_app/fsw/inc -I/home/hj/Documents/COSMIC_FSW/libs/sample_lib/fsw/public_inc -I/home/hj/Documents/COSMIC_FSW/apps/sc/fsw/inc -I/home/hj/Documents/COSMIC_FSW/apps/lc/fsw/inc -I/home/hj/Documents/COSMIC_FSW/apps/to_lab/fsw/inc -g -fPIC -std=c99 -pedantic -Wall -Wstrict-prototypes -Wwrite-strings -Wpointer-arith -Werror -Wno-format-truncation -Wno-stringop-truncation -MD -MT apps/to_lab/CMakeFiles/to_lab.dir/fsw/src/to_lab_dispatch.c.o -MF CMakeFiles/to_lab.dir/fsw/src/to_lab_dispatch.c.o.d -o CMakeFiles/to_lab.dir/fsw/src/to_lab_dispatch.c.o -c /home/hj/Documents/COSMIC_FSW/apps/to_lab/fsw/src/to_lab_dispatch.c
[ 75%] Building C object apps/to_lab/CMakeFiles/to_lab.dir/fsw/src/to_lab_passthru_encode.c.o
cd /home/hj/Documents/COSMIC_FSW/build/i686-linux-gnu/default_cpu1/apps/to_lab && /usr/bin/gcc -DHAVE_CI_LAB -DHAVE_LC -DHAVE_SAMPLE_APP -DHAVE_SC -D_LINUX_OS_ -D_POSIX_OS_ -D_XOPEN_SOURCE=600 -Dto_lab_EXPORTS -I/home/hj/Documents/COSMIC_FSW/build/inc -I/home/hj/Documents/COSMIC_FSW/build/i686-linux-gnu/default_cpu1/inc -I/home/hj/Documents/COSMIC_FSW/apps/ci_lab/fsw/inc -I/home/hj/Documents/COSMIC_FSW/cfe/modules/core_api/fsw/inc -I/home/hj/Documents/COSMIC_FSW/cfe/modules/es/fsw/inc -I/home/hj/Documents/COSMIC_FSW/cfe/modules/evs/fsw/inc -I/home/hj/Documents/COSMIC_FSW/cfe/modules/fs/fsw/inc -I/home/hj/Documents/COSMIC_FSW/cfe/modules/sb/fsw/inc -I/home/hj/Documents/COSMIC_FSW/cfe/modules/tbl/fsw/inc -I/home/hj/Documents/COSMIC_FSW/cfe/modules/time/fsw/inc -I/home/hj/Documents/COSMIC_FSW/osal/src/os/inc -I/home/hj/Documents/COSMIC_FSW/build/i686-linux-gnu/default_cpu1/osal/inc -I/home/hj/Documents/COSMIC_FSW/psp/fsw/inc -I/home/hj/Documents/COSMIC_FSW/psp/fsw/modules/iodriver/inc -I/home/hj/Documents/COSMIC_FSW/cfe/modules/msg/fsw/inc -I/home/hj/Documents/COSMIC_FSW/cfe/modules/resourceid/fsw/inc -I/home/hj/Documents/COSMIC_FSW/cfe/modules/config/fsw/inc -I/home/hj/Documents/COSMIC_FSW/cfe/modules/srl/fsw/inc -I/home/hj/Documents/COSMIC_FSW/cfe/modules/rf/fsw/inc -I/home/hj/Documents/COSMIC_FSW/apps/sample_app/fsw/inc -I/home/hj/Documents/COSMIC_FSW/libs/sample_lib/fsw/public_inc -I/home/hj/Documents/COSMIC_FSW/apps/sc/fsw/inc -I/home/hj/Documents/COSMIC_FSW/apps/lc/fsw/inc -I/home/hj/Documents/COSMIC_FSW/apps/to_lab/fsw/inc -g -fPIC -std=c99 -pedantic -Wall -Wstrict-prototypes -Wwrite-strings -Wpointer-arith -Werror -Wno-format-truncation -Wno-stringop-truncation -MD -MT apps/to_lab/CMakeFiles/to_lab.dir/fsw/src/to_lab_passthru_encode.c.o -MF CMakeFiles/to_lab.dir/fsw/src/to_lab_passthru_encode.c.o.d -o CMakeFiles/to_lab.dir/fsw/src/to_lab_passthru_encode.c.o -c /home/hj/Documents/COSMIC_FSW/apps/to_lab/fsw/src/to_lab_passthru_encode.c
[ 75%] Linking C shared module to_lab.so
cd /home/hj/Documents/COSMIC_FSW/build/i686-linux-gnu/default_cpu1/apps/to_lab && /usr/bin/cmake -E cmake_link_script CMakeFiles/to_lab.dir/link.txt --verbose=1
/usr/bin/gcc -fPIC -g -shared  -o to_lab.so CMakeFiles/to_lab.dir/fsw/src/to_lab_app.c.o CMakeFiles/to_lab.dir/fsw/src/to_lab_cmds.c.o CMakeFiles/to_lab.dir/fsw/src/to_lab_dispatch.c.o CMakeFiles/to_lab.dir/fsw/src/to_lab_passthru_encode.c.o 
[ 75%] Built target to_lab
make  -f apps/sch_lab/CMakeFiles/sch_lab.dir/build.make apps/sch_lab/CMakeFiles/sch_lab.dir/depend
cd /home/hj/Documents/COSMIC_FSW/build/i686-linux-gnu/default_cpu1 && /usr/bin/cmake -E cmake_depends "Unix Makefiles" /home/hj/Documents/COSMIC_FSW/cfe /home/hj/Documents/COSMIC_FSW/apps/sch_lab /home/hj/Documents/COSMIC_FSW/build/i686-linux-gnu/default_cpu1 /home/hj/Documents/COSMIC_FSW/build/i686-linux-gnu/default_cpu1/apps/sch_lab /home/hj/Documents/COSMIC_FSW/build/i686-linux-gnu/default_cpu1/apps/sch_lab/CMakeFiles/sch_lab.dir/DependInfo.cmake --color=
Dependencies file "apps/sch_lab/CMakeFiles/sch_lab.dir/fsw/src/sch_lab_app.c.o.d" is newer than depends file "/home/hj/Documents/COSMIC_FSW/build/i686-linux-gnu/default_cpu1/apps/sch_lab/CMakeFiles/sch_lab.dir/compiler_depend.internal".
Consolidate compiler generated dependencies of target sch_lab
make  -f apps/sch_lab/CMakeFiles/sch_lab.dir/build.make apps/sch_lab/CMakeFiles/sch_lab.dir/build
[ 75%] Building C object apps/sch_lab/CMakeFiles/sch_lab.dir/fsw/src/sch_lab_app.c.o
cd /home/hj/Documents/COSMIC_FSW/build/i686-linux-gnu/default_cpu1/apps/sch_lab && /usr/bin/gcc -DHAVE_CI_LAB -DHAVE_LC -DHAVE_SAMPLE_APP -DHAVE_SC -DHAVE_TO_LAB -D_LINUX_OS_ -D_POSIX_OS_ -D_XOPEN_SOURCE=600 -Dsch_lab_EXPORTS -I/home/hj/Documents/COSMIC_FSW/build/inc -I/home/hj/Documents/COSMIC_FSW/build/i686-linux-gnu/default_cpu1/inc -I/home/hj/Documents/COSMIC_FSW/apps/ci_lab/fsw/inc -I/home/hj/Documents/COSMIC_FSW/cfe/modules/core_api/fsw/inc -I/home/hj/Documents/COSMIC_FSW/cfe/modules/es/fsw/inc -I/home/hj/Documents/COSMIC_FSW/cfe/modules/evs/fsw/inc -I/home/hj/Documents/COSMIC_FSW/cfe/modules/fs/fsw/inc -I/home/hj/Documents/COSMIC_FSW/cfe/modules/sb/fsw/inc -I/home/hj/Documents/COSMIC_FSW/cfe/modules/tbl/fsw/inc -I/home/hj/Documents/COSMIC_FSW/cfe/modules/time/fsw/inc -I/home/hj/Documents/COSMIC_FSW/osal/src/os/inc -I/home/hj/Documents/COSMIC_FSW/build/i686-linux-gnu/default_cpu1/osal/inc -I/home/hj/Documents/COSMIC_FSW/psp/fsw/inc -I/home/hj/Documents/COSMIC_FSW/psp/fsw/modules/iodriver/inc -I/home/hj/Documents/COSMIC_FSW/cfe/modules/msg/fsw/inc -I/home/hj/Documents/COSMIC_FSW/cfe/modules/resourceid/fsw/inc -I/home/hj/Documents/COSMIC_FSW/cfe/modules/config/fsw/inc -I/home/hj/Documents/COSMIC_FSW/cfe/modules/srl/fsw/inc -I/home/hj/Documents/COSMIC_FSW/cfe/modules/rf/fsw/inc -I/home/hj/Documents/COSMIC_FSW/apps/to_lab/fsw/inc -I/home/hj/Documents/COSMIC_FSW/apps/sample_app/fsw/inc -I/home/hj/Documents/COSMIC_FSW/libs/sample_lib/fsw/public_inc -I/home/hj/Documents/COSMIC_FSW/apps/sc/fsw/inc -I/home/hj/Documents/COSMIC_FSW/apps/lc/fsw/inc -g -fPIC -std=c99 -pedantic -Wall -Wstrict-prototypes -Wwrite-strings -Wpointer-arith -Werror -Wno-format-truncation -Wno-stringop-truncation -MD -MT apps/sch_lab/CMakeFiles/sch_lab.dir/fsw/src/sch_lab_app.c.o -MF CMakeFiles/sch_lab.dir/fsw/src/sch_lab_app.c.o.d -o CMakeFiles/sch_lab.dir/fsw/src/sch_lab_app.c.o -c /home/hj/Documents/COSMIC_FSW/apps/sch_lab/fsw/src/sch_lab_app.c
[ 75%] Linking C shared module sch_lab.so
cd /home/hj/Documents/COSMIC_FSW/build/i686-linux-gnu/default_cpu1/apps/sch_lab && /usr/bin/cmake -E cmake_link_script CMakeFiles/sch_lab.dir/link.txt --verbose=1
/usr/bin/gcc -fPIC -g -shared  -o sch_lab.so CMakeFiles/sch_lab.dir/fsw/src/sch_lab_app.c.o 
[ 75%] Built target sch_lab
make  -f apps/payuzuc/CMakeFiles/payuzuc.dir/build.make apps/payuzuc/CMakeFiles/payuzuc.dir/depend
cd /home/hj/Documents/COSMIC_FSW/build/i686-linux-gnu/default_cpu1 && /usr/bin/cmake -E cmake_depends "Unix Makefiles" /home/hj/Documents/COSMIC_FSW/cfe /home/hj/Documents/COSMIC_FSW/apps/payuzuc /home/hj/Documents/COSMIC_FSW/build/i686-linux-gnu/default_cpu1 /home/hj/Documents/COSMIC_FSW/build/i686-linux-gnu/default_cpu1/apps/payuzuc /home/hj/Documents/COSMIC_FSW/build/i686-linux-gnu/default_cpu1/apps/payuzuc/CMakeFiles/payuzuc.dir/DependInfo.cmake --color=
Dependencies file "apps/payuzuc/CMakeFiles/payuzuc.dir/fsw/src/payuzuc_cmds.c.o.d" is newer than depends file "/home/hj/Documents/COSMIC_FSW/build/i686-linux-gnu/default_cpu1/apps/payuzuc/CMakeFiles/payuzuc.dir/compiler_depend.internal".
Dependencies file "apps/payuzuc/CMakeFiles/payuzuc.dir/fsw/src/payuzuc_dispatch.c.o.d" is newer than depends file "/home/hj/Documents/COSMIC_FSW/build/i686-linux-gnu/default_cpu1/apps/payuzuc/CMakeFiles/payuzuc.dir/compiler_depend.internal".
Dependencies file "apps/payuzuc/CMakeFiles/payuzuc.dir/fsw/src/payuzuc_task.c.o.d" is newer than depends file "/home/hj/Documents/COSMIC_FSW/build/i686-linux-gnu/default_cpu1/apps/payuzuc/CMakeFiles/payuzuc.dir/compiler_depend.internal".
Dependencies file "apps/payuzuc/CMakeFiles/payuzuc.dir/fsw/src/payuzuc_utils.c.o.d" is newer than depends file "/home/hj/Documents/COSMIC_FSW/build/i686-linux-gnu/default_cpu1/apps/payuzuc/CMakeFiles/payuzuc.dir/compiler_depend.internal".
Consolidate compiler generated dependencies of target payuzuc
make  -f apps/payuzuc/CMakeFiles/payuzuc.dir/build.make apps/payuzuc/CMakeFiles/payuzuc.dir/build
[ 76%] Building C object apps/payuzuc/CMakeFiles/payuzuc.dir/fsw/src/payuzuc_task.c.o
cd /home/hj/Documents/COSMIC_FSW/build/i686-linux-gnu/default_cpu1/apps/payuzuc && /usr/bin/gcc -D_LINUX_OS_ -D_POSIX_OS_ -D_XOPEN_SOURCE=600 -Dpayuzuc_EXPORTS -I/home/hj/Documents/COSMIC_FSW/build/inc -I/home/hj/Documents/COSMIC_FSW/build/i686-linux-gnu/default_cpu1/inc -I/home/hj/Documents/COSMIC_FSW/apps/payuzuc/fsw/inc -I/home/hj/Documents/COSMIC_FSW/cfe/modules/core_api/fsw/inc -I/home/hj/Documents/COSMIC_FSW/cfe/modules/es/fsw/inc -I/home/hj/Documents/COSMIC_FSW/cfe/modules/evs/fsw/inc -I/home/hj/Documents/COSMIC_FSW/cfe/modules/fs/fsw/inc -I/home/hj/Documents/COSMIC_FSW/cfe/modules/sb/fsw/inc -I/home/hj/Documents/COSMIC_FSW/cfe/modules/tbl/fsw/inc -I/home/hj/Documents/COSMIC_FSW/cfe/modules/time/fsw/inc -I/home/hj/Documents/COSMIC_FSW/osal/src/os/inc -I/home/hj/Documents/COSMIC_FSW/build/i686-linux-gnu/default_cpu1/osal/inc -I/home/hj/Documents/COSMIC_FSW/psp/fsw/inc -I/home/hj/Documents/COSMIC_FSW/psp/fsw/modules/iodriver/inc -I/home/hj/Documents/COSMIC_FSW/cfe/modules/msg/fsw/inc -I/home/hj/Documents/COSMIC_FSW/cfe/modules/resourceid/fsw/inc -I/home/hj/Documents/COSMIC_FSW/cfe/modules/config/fsw/inc -I/home/hj/Documents/COSMIC_FSW/cfe/modules/srl/fsw/inc -I/home/hj/Documents/COSMIC_FSW/cfe/modules/rf/fsw/inc -g -fPIC -std=c99 -pedantic -Wall -Wstrict-prototypes -Wwrite-strings -Wpointer-arith -Werror -Wno-format-truncation -Wno-stringop-truncation -MD -MT apps/payuzuc/CMakeFiles/payuzuc.dir/fsw/src/payuzuc_task.c.o -MF CMakeFiles/payuzuc.dir/fsw/src/payuzuc_task.c.o.d -o CMakeFiles/payuzuc.dir/fsw/src/payuzuc_task.c.o -c /home/hj/Documents/COSMIC_FSW/apps/payuzuc/fsw/src/payuzuc_task.c
[ 76%] Building C object apps/payuzuc/CMakeFiles/payuzuc.dir/fsw/src/payuzuc_cmds.c.o
cd /home/hj/Documents/COSMIC_FSW/build/i686-linux-gnu/default_cpu1/apps/payuzuc && /usr/bin/gcc -D_LINUX_OS_ -D_POSIX_OS_ -D_XOPEN_SOURCE=600 -Dpayuzuc_EXPORTS -I/home/hj/Documents/COSMIC_FSW/build/inc -I/home/hj/Documents/COSMIC_FSW/build/i686-linux-gnu/default_cpu1/inc -I/home/hj/Documents/COSMIC_FSW/apps/payuzuc/fsw/inc -I/home/hj/Documents/COSMIC_FSW/cfe/modules/core_api/fsw/inc -I/home/hj/Documents/COSMIC_FSW/cfe/modules/es/fsw/inc -I/home/hj/Documents/COSMIC_FSW/cfe/modules/evs/fsw/inc -I/home/hj/Documents/COSMIC_FSW/cfe/modules/fs/fsw/inc -I/home/hj/Documents/COSMIC_FSW/cfe/modules/sb/fsw/inc -I/home/hj/Documents/COSMIC_FSW/cfe/modules/tbl/fsw/inc -I/home/hj/Documents/COSMIC_FSW/cfe/modules/time/fsw/inc -I/home/hj/Documents/COSMIC_FSW/osal/src/os/inc -I/home/hj/Documents/COSMIC_FSW/build/i686-linux-gnu/default_cpu1/osal/inc -I/home/hj/Documents/COSMIC_FSW/psp/fsw/inc -I/home/hj/Documents/COSMIC_FSW/psp/fsw/modules/iodriver/inc -I/home/hj/Documents/COSMIC_FSW/cfe/modules/msg/fsw/inc -I/home/hj/Documents/COSMIC_FSW/cfe/modules/resourceid/fsw/inc -I/home/hj/Documents/COSMIC_FSW/cfe/modules/config/fsw/inc -I/home/hj/Documents/COSMIC_FSW/cfe/modules/srl/fsw/inc -I/home/hj/Documents/COSMIC_FSW/cfe/modules/rf/fsw/inc -g -fPIC -std=c99 -pedantic -Wall -Wstrict-prototypes -Wwrite-strings -Wpointer-arith -Werror -Wno-format-truncation -Wno-stringop-truncation -MD -MT apps/payuzuc/CMakeFiles/payuzuc.dir/fsw/src/payuzuc_cmds.c.o -MF CMakeFiles/payuzuc.dir/fsw/src/payuzuc_cmds.c.o.d -o CMakeFiles/payuzuc.dir/fsw/src/payuzuc_cmds.c.o -c /home/hj/Documents/COSMIC_FSW/apps/payuzuc/fsw/src/payuzuc_cmds.c
[ 76%] Building C object apps/payuzuc/CMakeFiles/payuzuc.dir/fsw/src/payuzuc_dispatch.c.o
cd /home/hj/Documents/COSMIC_FSW/build/i686-linux-gnu/default_cpu1/apps/payuzuc && /usr/bin/gcc -D_LINUX_OS_ -D_POSIX_OS_ -D_XOPEN_SOURCE=600 -Dpayuzuc_EXPORTS -I/home/hj/Documents/COSMIC_FSW/build/inc -I/home/hj/Documents/COSMIC_FSW/build/i686-linux-gnu/default_cpu1/inc -I/home/hj/Documents/COSMIC_FSW/apps/payuzuc/fsw/inc -I/home/hj/Documents/COSMIC_FSW/cfe/modules/core_api/fsw/inc -I/home/hj/Documents/COSMIC_FSW/cfe/modules/es/fsw/inc -I/home/hj/Documents/COSMIC_FSW/cfe/modules/evs/fsw/inc -I/home/hj/Documents/COSMIC_FSW/cfe/modules/fs/fsw/inc -I/home/hj/Documents/COSMIC_FSW/cfe/modules/sb/fsw/inc -I/home/hj/Documents/COSMIC_FSW/cfe/modules/tbl/fsw/inc -I/home/hj/Documents/COSMIC_FSW/cfe/modules/time/fsw/inc -I/home/hj/Documents/COSMIC_FSW/osal/src/os/inc -I/home/hj/Documents/COSMIC_FSW/build/i686-linux-gnu/default_cpu1/osal/inc -I/home/hj/Documents/COSMIC_FSW/psp/fsw/inc -I/home/hj/Documents/COSMIC_FSW/psp/fsw/modules/iodriver/inc -I/home/hj/Documents/COSMIC_FSW/cfe/modules/msg/fsw/inc -I/home/hj/Documents/COSMIC_FSW/cfe/modules/resourceid/fsw/inc -I/home/hj/Documents/COSMIC_FSW/cfe/modules/config/fsw/inc -I/home/hj/Documents/COSMIC_FSW/cfe/modules/srl/fsw/inc -I/home/hj/Documents/COSMIC_FSW/cfe/modules/rf/fsw/inc -g -fPIC -std=c99 -pedantic -Wall -Wstrict-prototypes -Wwrite-strings -Wpointer-arith -Werror -Wno-format-truncation -Wno-stringop-truncation -MD -MT apps/payuzuc/CMakeFiles/payuzuc.dir/fsw/src/payuzuc_dispatch.c.o -MF CMakeFiles/payuzuc.dir/fsw/src/payuzuc_dispatch.c.o.d -o CMakeFiles/payuzuc.dir/fsw/src/payuzuc_dispatch.c.o -c /home/hj/Documents/COSMIC_FSW/apps/payuzuc/fsw/src/payuzuc_dispatch.c
[ 76%] Building C object apps/payuzuc/CMakeFiles/payuzuc.dir/fsw/src/payuzuc_utils.c.o
cd /home/hj/Documents/COSMIC_FSW/build/i686-linux-gnu/default_cpu1/apps/payuzuc && /usr/bin/gcc -D_LINUX_OS_ -D_POSIX_OS_ -D_XOPEN_SOURCE=600 -Dpayuzuc_EXPORTS -I/home/hj/Documents/COSMIC_FSW/build/inc -I/home/hj/Documents/COSMIC_FSW/build/i686-linux-gnu/default_cpu1/inc -I/home/hj/Documents/COSMIC_FSW/apps/payuzuc/fsw/inc -I/home/hj/Documents/COSMIC_FSW/cfe/modules/core_api/fsw/inc -I/home/hj/Documents/COSMIC_FSW/cfe/modules/es/fsw/inc -I/home/hj/Documents/COSMIC_FSW/cfe/modules/evs/fsw/inc -I/home/hj/Documents/COSMIC_FSW/cfe/modules/fs/fsw/inc -I/home/hj/Documents/COSMIC_FSW/cfe/modules/sb/fsw/inc -I/home/hj/Documents/COSMIC_FSW/cfe/modules/tbl/fsw/inc -I/home/hj/Documents/COSMIC_FSW/cfe/modules/time/fsw/inc -I/home/hj/Documents/COSMIC_FSW/osal/src/os/inc -I/home/hj/Documents/COSMIC_FSW/build/i686-linux-gnu/default_cpu1/osal/inc -I/home/hj/Documents/COSMIC_FSW/psp/fsw/inc -I/home/hj/Documents/COSMIC_FSW/psp/fsw/modules/iodriver/inc -I/home/hj/Documents/COSMIC_FSW/cfe/modules/msg/fsw/inc -I/home/hj/Documents/COSMIC_FSW/cfe/modules/resourceid/fsw/inc -I/home/hj/Documents/COSMIC_FSW/cfe/modules/config/fsw/inc -I/home/hj/Documents/COSMIC_FSW/cfe/modules/srl/fsw/inc -I/home/hj/Documents/COSMIC_FSW/cfe/modules/rf/fsw/inc -g -fPIC -std=c99 -pedantic -Wall -Wstrict-prototypes -Wwrite-strings -Wpointer-arith -Werror -Wno-format-truncation -Wno-stringop-truncation -MD -MT apps/payuzuc/CMakeFiles/payuzuc.dir/fsw/src/payuzuc_utils.c.o -MF CMakeFiles/payuzuc.dir/fsw/src/payuzuc_utils.c.o.d -o CMakeFiles/payuzuc.dir/fsw/src/payuzuc_utils.c.o -c /home/hj/Documents/COSMIC_FSW/apps/payuzuc/fsw/src/payuzuc_utils.c
[ 76%] Linking C shared module payuzuc.so
cd /home/hj/Documents/COSMIC_FSW/build/i686-linux-gnu/default_cpu1/apps/payuzuc && /usr/bin/cmake -E cmake_link_script CMakeFiles/payuzuc.dir/link.txt --verbose=1
/usr/bin/gcc -fPIC -g -shared  -o payuzuc.so CMakeFiles/payuzuc.dir/fsw/src/payuzuc_task.c.o CMakeFiles/payuzuc.dir/fsw/src/payuzuc_cmds.c.o CMakeFiles/payuzuc.dir/fsw/src/payuzuc_dispatch.c.o CMakeFiles/payuzuc.dir/fsw/src/payuzuc_utils.c.o 
[ 76%] Built target payuzuc
make  -f apps/sc/CMakeFiles/sc.dir/build.make apps/sc/CMakeFiles/sc.dir/depend
cd /home/hj/Documents/COSMIC_FSW/build/i686-linux-gnu/default_cpu1 && /usr/bin/cmake -E cmake_depends "Unix Makefiles" /home/hj/Documents/COSMIC_FSW/cfe /home/hj/Documents/COSMIC_FSW/apps/sc /home/hj/Documents/COSMIC_FSW/build/i686-linux-gnu/default_cpu1 /home/hj/Documents/COSMIC_FSW/build/i686-linux-gnu/default_cpu1/apps/sc /home/hj/Documents/COSMIC_FSW/build/i686-linux-gnu/default_cpu1/apps/sc/CMakeFiles/sc.dir/DependInfo.cmake --color=
Dependencies file "apps/sc/CMakeFiles/sc.dir/fsw/src/sc_app.c.o.d" is newer than depends file "/home/hj/Documents/COSMIC_FSW/build/i686-linux-gnu/default_cpu1/apps/sc/CMakeFiles/sc.dir/compiler_depend.internal".
Dependencies file "apps/sc/CMakeFiles/sc.dir/fsw/src/sc_atsrq.c.o.d" is newer than depends file "/home/hj/Documents/COSMIC_FSW/build/i686-linux-gnu/default_cpu1/apps/sc/CMakeFiles/sc.dir/compiler_depend.internal".
Dependencies file "apps/sc/CMakeFiles/sc.dir/fsw/src/sc_cmds.c.o.d" is newer than depends file "/home/hj/Documents/COSMIC_FSW/build/i686-linux-gnu/default_cpu1/apps/sc/CMakeFiles/sc.dir/compiler_depend.internal".
Dependencies file "apps/sc/CMakeFiles/sc.dir/fsw/src/sc_dispatch.c.o.d" is newer than depends file "/home/hj/Documents/COSMIC_FSW/build/i686-linux-gnu/default_cpu1/apps/sc/CMakeFiles/sc.dir/compiler_depend.internal".
Dependencies file "apps/sc/CMakeFiles/sc.dir/fsw/src/sc_loads.c.o.d" is newer than depends file "/home/hj/Documents/COSMIC_FSW/build/i686-linux-gnu/default_cpu1/apps/sc/CMakeFiles/sc.dir/compiler_depend.internal".
Dependencies file "apps/sc/CMakeFiles/sc.dir/fsw/src/sc_rtsrq.c.o.d" is newer than depends file "/home/hj/Documents/COSMIC_FSW/build/i686-linux-gnu/default_cpu1/apps/sc/CMakeFiles/sc.dir/compiler_depend.internal".
Dependencies file "apps/sc/CMakeFiles/sc.dir/fsw/src/sc_state.c.o.d" is newer than depends file "/home/hj/Documents/COSMIC_FSW/build/i686-linux-gnu/default_cpu1/apps/sc/CMakeFiles/sc.dir/compiler_depend.internal".
Dependencies file "apps/sc/CMakeFiles/sc.dir/fsw/src/sc_utils.c.o.d" is newer than depends file "/home/hj/Documents/COSMIC_FSW/build/i686-linux-gnu/default_cpu1/apps/sc/CMakeFiles/sc.dir/compiler_depend.internal".
Consolidate compiler generated dependencies of target sc
make  -f apps/sc/CMakeFiles/sc.dir/build.make apps/sc/CMakeFiles/sc.dir/build
[ 77%] Building C object apps/sc/CMakeFiles/sc.dir/fsw/src/sc_rtsrq.c.o
cd /home/hj/Documents/COSMIC_FSW/build/i686-linux-gnu/default_cpu1/apps/sc && /usr/bin/gcc -D_LINUX_OS_ -D_POSIX_OS_ -D_XOPEN_SOURCE=600 -Dsc_EXPORTS -I/home/hj/Documents/COSMIC_FSW/build/inc -I/home/hj/Documents/COSMIC_FSW/build/i686-linux-gnu/default_cpu1/inc -I/home/hj/Documents/COSMIC_FSW/apps/sc/fsw/inc -I/home/hj/Documents/COSMIC_FSW/cfe/modules/core_api/fsw/inc -I/home/hj/Documents/COSMIC_FSW/cfe/modules/es/fsw/inc -I/home/hj/Documents/COSMIC_FSW/cfe/modules/evs/fsw/inc -I/home/hj/Documents/COSMIC_FSW/cfe/modules/fs/fsw/inc -I/home/hj/Documents/COSMIC_FSW/cfe/modules/sb/fsw/inc -I/home/hj/Documents/COSMIC_FSW/cfe/modules/tbl/fsw/inc -I/home/hj/Documents/COSMIC_FSW/cfe/modules/time/fsw/inc -I/home/hj/Documents/COSMIC_FSW/osal/src/os/inc -I/home/hj/Documents/COSMIC_FSW/build/i686-linux-gnu/default_cpu1/osal/inc -I/home/hj/Documents/COSMIC_FSW/psp/fsw/inc -I/home/hj/Documents/COSMIC_FSW/psp/fsw/modules/iodriver/inc -I/home/hj/Documents/COSMIC_FSW/cfe/modules/msg/fsw/inc -I/home/hj/Documents/COSMIC_FSW/cfe/modules/resourceid/fsw/inc -I/home/hj/Documents/COSMIC_FSW/cfe/modules/config/fsw/inc -I/home/hj/Documents/COSMIC_FSW/cfe/modules/srl/fsw/inc -I/home/hj/Documents/COSMIC_FSW/cfe/modules/rf/fsw/inc -g -fPIC -std=c99 -pedantic -Wall -Wstrict-prototypes -Wwrite-strings -Wpointer-arith -Werror -Wno-format-truncation -Wno-stringop-truncation -MD -MT apps/sc/CMakeFiles/sc.dir/fsw/src/sc_rtsrq.c.o -MF CMakeFiles/sc.dir/fsw/src/sc_rtsrq.c.o.d -o CMakeFiles/sc.dir/fsw/src/sc_rtsrq.c.o -c /home/hj/Documents/COSMIC_FSW/apps/sc/fsw/src/sc_rtsrq.c
[ 77%] Building C object apps/sc/CMakeFiles/sc.dir/fsw/src/sc_utils.c.o
cd /home/hj/Documents/COSMIC_FSW/build/i686-linux-gnu/default_cpu1/apps/sc && /usr/bin/gcc -D_LINUX_OS_ -D_POSIX_OS_ -D_XOPEN_SOURCE=600 -Dsc_EXPORTS -I/home/hj/Documents/COSMIC_FSW/build/inc -I/home/hj/Documents/COSMIC_FSW/build/i686-linux-gnu/default_cpu1/inc -I/home/hj/Documents/COSMIC_FSW/apps/sc/fsw/inc -I/home/hj/Documents/COSMIC_FSW/cfe/modules/core_api/fsw/inc -I/home/hj/Documents/COSMIC_FSW/cfe/modules/es/fsw/inc -I/home/hj/Documents/COSMIC_FSW/cfe/modules/evs/fsw/inc -I/home/hj/Documents/COSMIC_FSW/cfe/modules/fs/fsw/inc -I/home/hj/Documents/COSMIC_FSW/cfe/modules/sb/fsw/inc -I/home/hj/Documents/COSMIC_FSW/cfe/modules/tbl/fsw/inc -I/home/hj/Documents/COSMIC_FSW/cfe/modules/time/fsw/inc -I/home/hj/Documents/COSMIC_FSW/osal/src/os/inc -I/home/hj/Documents/COSMIC_FSW/build/i686-linux-gnu/default_cpu1/osal/inc -I/home/hj/Documents/COSMIC_FSW/psp/fsw/inc -I/home/hj/Documents/COSMIC_FSW/psp/fsw/modules/iodriver/inc -I/home/hj/Documents/COSMIC_FSW/cfe/modules/msg/fsw/inc -I/home/hj/Documents/COSMIC_FSW/cfe/modules/resourceid/fsw/inc -I/home/hj/Documents/COSMIC_FSW/cfe/modules/config/fsw/inc -I/home/hj/Documents/COSMIC_FSW/cfe/modules/srl/fsw/inc -I/home/hj/Documents/COSMIC_FSW/cfe/modules/rf/fsw/inc -g -fPIC -std=c99 -pedantic -Wall -Wstrict-prototypes -Wwrite-strings -Wpointer-arith -Werror -Wno-format-truncation -Wno-stringop-truncation -MD -MT apps/sc/CMakeFiles/sc.dir/fsw/src/sc_utils.c.o -MF CMakeFiles/sc.dir/fsw/src/sc_utils.c.o.d -o CMakeFiles/sc.dir/fsw/src/sc_utils.c.o -c /home/hj/Documents/COSMIC_FSW/apps/sc/fsw/src/sc_utils.c
[ 77%] Building C object apps/sc/CMakeFiles/sc.dir/fsw/src/sc_app.c.o
cd /home/hj/Documents/COSMIC_FSW/build/i686-linux-gnu/default_cpu1/apps/sc && /usr/bin/gcc -D_LINUX_OS_ -D_POSIX_OS_ -D_XOPEN_SOURCE=600 -Dsc_EXPORTS -I/home/hj/Documents/COSMIC_FSW/build/inc -I/home/hj/Documents/COSMIC_FSW/build/i686-linux-gnu/default_cpu1/inc -I/home/hj/Documents/COSMIC_FSW/apps/sc/fsw/inc -I/home/hj/Documents/COSMIC_FSW/cfe/modules/core_api/fsw/inc -I/home/hj/Documents/COSMIC_FSW/cfe/modules/es/fsw/inc -I/home/hj/Documents/COSMIC_FSW/cfe/modules/evs/fsw/inc -I/home/hj/Documents/COSMIC_FSW/cfe/modules/fs/fsw/inc -I/home/hj/Documents/COSMIC_FSW/cfe/modules/sb/fsw/inc -I/home/hj/Documents/COSMIC_FSW/cfe/modules/tbl/fsw/inc -I/home/hj/Documents/COSMIC_FSW/cfe/modules/time/fsw/inc -I/home/hj/Documents/COSMIC_FSW/osal/src/os/inc -I/home/hj/Documents/COSMIC_FSW/build/i686-linux-gnu/default_cpu1/osal/inc -I/home/hj/Documents/COSMIC_FSW/psp/fsw/inc -I/home/hj/Documents/COSMIC_FSW/psp/fsw/modules/iodriver/inc -I/home/hj/Documents/COSMIC_FSW/cfe/modules/msg/fsw/inc -I/home/hj/Documents/COSMIC_FSW/cfe/modules/resourceid/fsw/inc -I/home/hj/Documents/COSMIC_FSW/cfe/modules/config/fsw/inc -I/home/hj/Documents/COSMIC_FSW/cfe/modules/srl/fsw/inc -I/home/hj/Documents/COSMIC_FSW/cfe/modules/rf/fsw/inc -g -fPIC -std=c99 -pedantic -Wall -Wstrict-prototypes -Wwrite-strings -Wpointer-arith -Werror -Wno-format-truncation -Wno-stringop-truncation -MD -MT apps/sc/CMakeFiles/sc.dir/fsw/src/sc_app.c.o -MF CMakeFiles/sc.dir/fsw/src/sc_app.c.o.d -o CMakeFiles/sc.dir/fsw/src/sc_app.c.o -c /home/hj/Documents/COSMIC_FSW/apps/sc/fsw/src/sc_app.c
[ 77%] Building C object apps/sc/CMakeFiles/sc.dir/fsw/src/sc_atsrq.c.o
cd /home/hj/Documents/COSMIC_FSW/build/i686-linux-gnu/default_cpu1/apps/sc && /usr/bin/gcc -D_LINUX_OS_ -D_POSIX_OS_ -D_XOPEN_SOURCE=600 -Dsc_EXPORTS -I/home/hj/Documents/COSMIC_FSW/build/inc -I/home/hj/Documents/COSMIC_FSW/build/i686-linux-gnu/default_cpu1/inc -I/home/hj/Documents/COSMIC_FSW/apps/sc/fsw/inc -I/home/hj/Documents/COSMIC_FSW/cfe/modules/core_api/fsw/inc -I/home/hj/Documents/COSMIC_FSW/cfe/modules/es/fsw/inc -I/home/hj/Documents/COSMIC_FSW/cfe/modules/evs/fsw/inc -I/home/hj/Documents/COSMIC_FSW/cfe/modules/fs/fsw/inc -I/home/hj/Documents/COSMIC_FSW/cfe/modules/sb/fsw/inc -I/home/hj/Documents/COSMIC_FSW/cfe/modules/tbl/fsw/inc -I/home/hj/Documents/COSMIC_FSW/cfe/modules/time/fsw/inc -I/home/hj/Documents/COSMIC_FSW/osal/src/os/inc -I/home/hj/Documents/COSMIC_FSW/build/i686-linux-gnu/default_cpu1/osal/inc -I/home/hj/Documents/COSMIC_FSW/psp/fsw/inc -I/home/hj/Documents/COSMIC_FSW/psp/fsw/modules/iodriver/inc -I/home/hj/Documents/COSMIC_FSW/cfe/modules/msg/fsw/inc -I/home/hj/Documents/COSMIC_FSW/cfe/modules/resourceid/fsw/inc -I/home/hj/Documents/COSMIC_FSW/cfe/modules/config/fsw/inc -I/home/hj/Documents/COSMIC_FSW/cfe/modules/srl/fsw/inc -I/home/hj/Documents/COSMIC_FSW/cfe/modules/rf/fsw/inc -g -fPIC -std=c99 -pedantic -Wall -Wstrict-prototypes -Wwrite-strings -Wpointer-arith -Werror -Wno-format-truncation -Wno-stringop-truncation -MD -MT apps/sc/CMakeFiles/sc.dir/fsw/src/sc_atsrq.c.o -MF CMakeFiles/sc.dir/fsw/src/sc_atsrq.c.o.d -o CMakeFiles/sc.dir/fsw/src/sc_atsrq.c.o -c /home/hj/Documents/COSMIC_FSW/apps/sc/fsw/src/sc_atsrq.c
[ 79%] Building C object apps/sc/CMakeFiles/sc.dir/fsw/src/sc_state.c.o
cd /home/hj/Documents/COSMIC_FSW/build/i686-linux-gnu/default_cpu1/apps/sc && /usr/bin/gcc -D_LINUX_OS_ -D_POSIX_OS_ -D_XOPEN_SOURCE=600 -Dsc_EXPORTS -I/home/hj/Documents/COSMIC_FSW/build/inc -I/home/hj/Documents/COSMIC_FSW/build/i686-linux-gnu/default_cpu1/inc -I/home/hj/Documents/COSMIC_FSW/apps/sc/fsw/inc -I/home/hj/Documents/COSMIC_FSW/cfe/modules/core_api/fsw/inc -I/home/hj/Documents/COSMIC_FSW/cfe/modules/es/fsw/inc -I/home/hj/Documents/COSMIC_FSW/cfe/modules/evs/fsw/inc -I/home/hj/Documents/COSMIC_FSW/cfe/modules/fs/fsw/inc -I/home/hj/Documents/COSMIC_FSW/cfe/modules/sb/fsw/inc -I/home/hj/Documents/COSMIC_FSW/cfe/modules/tbl/fsw/inc -I/home/hj/Documents/COSMIC_FSW/cfe/modules/time/fsw/inc -I/home/hj/Documents/COSMIC_FSW/osal/src/os/inc -I/home/hj/Documents/COSMIC_FSW/build/i686-linux-gnu/default_cpu1/osal/inc -I/home/hj/Documents/COSMIC_FSW/psp/fsw/inc -I/home/hj/Documents/COSMIC_FSW/psp/fsw/modules/iodriver/inc -I/home/hj/Documents/COSMIC_FSW/cfe/modules/msg/fsw/inc -I/home/hj/Documents/COSMIC_FSW/cfe/modules/resourceid/fsw/inc -I/home/hj/Documents/COSMIC_FSW/cfe/modules/config/fsw/inc -I/home/hj/Documents/COSMIC_FSW/cfe/modules/srl/fsw/inc -I/home/hj/Documents/COSMIC_FSW/cfe/modules/rf/fsw/inc -g -fPIC -std=c99 -pedantic -Wall -Wstrict-prototypes -Wwrite-strings -Wpointer-arith -Werror -Wno-format-truncation -Wno-stringop-truncation -MD -MT apps/sc/CMakeFiles/sc.dir/fsw/src/sc_state.c.o -MF CMakeFiles/sc.dir/fsw/src/sc_state.c.o.d -o CMakeFiles/sc.dir/fsw/src/sc_state.c.o -c /home/hj/Documents/COSMIC_FSW/apps/sc/fsw/src/sc_state.c
[ 79%] Building C object apps/sc/CMakeFiles/sc.dir/fsw/src/sc_loads.c.o
cd /home/hj/Documents/COSMIC_FSW/build/i686-linux-gnu/default_cpu1/apps/sc && /usr/bin/gcc -D_LINUX_OS_ -D_POSIX_OS_ -D_XOPEN_SOURCE=600 -Dsc_EXPORTS -I/home/hj/Documents/COSMIC_FSW/build/inc -I/home/hj/Documents/COSMIC_FSW/build/i686-linux-gnu/default_cpu1/inc -I/home/hj/Documents/COSMIC_FSW/apps/sc/fsw/inc -I/home/hj/Documents/COSMIC_FSW/cfe/modules/core_api/fsw/inc -I/home/hj/Documents/COSMIC_FSW/cfe/modules/es/fsw/inc -I/home/hj/Documents/COSMIC_FSW/cfe/modules/evs/fsw/inc -I/home/hj/Documents/COSMIC_FSW/cfe/modules/fs/fsw/inc -I/home/hj/Documents/COSMIC_FSW/cfe/modules/sb/fsw/inc -I/home/hj/Documents/COSMIC_FSW/cfe/modules/tbl/fsw/inc -I/home/hj/Documents/COSMIC_FSW/cfe/modules/time/fsw/inc -I/home/hj/Documents/COSMIC_FSW/osal/src/os/inc -I/home/hj/Documents/COSMIC_FSW/build/i686-linux-gnu/default_cpu1/osal/inc -I/home/hj/Documents/COSMIC_FSW/psp/fsw/inc -I/home/hj/Documents/COSMIC_FSW/psp/fsw/modules/iodriver/inc -I/home/hj/Documents/COSMIC_FSW/cfe/modules/msg/fsw/inc -I/home/hj/Documents/COSMIC_FSW/cfe/modules/resourceid/fsw/inc -I/home/hj/Documents/COSMIC_FSW/cfe/modules/config/fsw/inc -I/home/hj/Documents/COSMIC_FSW/cfe/modules/srl/fsw/inc -I/home/hj/Documents/COSMIC_FSW/cfe/modules/rf/fsw/inc -g -fPIC -std=c99 -pedantic -Wall -Wstrict-prototypes -Wwrite-strings -Wpointer-arith -Werror -Wno-format-truncation -Wno-stringop-truncation -MD -MT apps/sc/CMakeFiles/sc.dir/fsw/src/sc_loads.c.o -MF CMakeFiles/sc.dir/fsw/src/sc_loads.c.o.d -o CMakeFiles/sc.dir/fsw/src/sc_loads.c.o -c /home/hj/Documents/COSMIC_FSW/apps/sc/fsw/src/sc_loads.c
[ 79%] Building C object apps/sc/CMakeFiles/sc.dir/fsw/src/sc_cmds.c.o
cd /home/hj/Documents/COSMIC_FSW/build/i686-linux-gnu/default_cpu1/apps/sc && /usr/bin/gcc -D_LINUX_OS_ -D_POSIX_OS_ -D_XOPEN_SOURCE=600 -Dsc_EXPORTS -I/home/hj/Documents/COSMIC_FSW/build/inc -I/home/hj/Documents/COSMIC_FSW/build/i686-linux-gnu/default_cpu1/inc -I/home/hj/Documents/COSMIC_FSW/apps/sc/fsw/inc -I/home/hj/Documents/COSMIC_FSW/cfe/modules/core_api/fsw/inc -I/home/hj/Documents/COSMIC_FSW/cfe/modules/es/fsw/inc -I/home/hj/Documents/COSMIC_FSW/cfe/modules/evs/fsw/inc -I/home/hj/Documents/COSMIC_FSW/cfe/modules/fs/fsw/inc -I/home/hj/Documents/COSMIC_FSW/cfe/modules/sb/fsw/inc -I/home/hj/Documents/COSMIC_FSW/cfe/modules/tbl/fsw/inc -I/home/hj/Documents/COSMIC_FSW/cfe/modules/time/fsw/inc -I/home/hj/Documents/COSMIC_FSW/osal/src/os/inc -I/home/hj/Documents/COSMIC_FSW/build/i686-linux-gnu/default_cpu1/osal/inc -I/home/hj/Documents/COSMIC_FSW/psp/fsw/inc -I/home/hj/Documents/COSMIC_FSW/psp/fsw/modules/iodriver/inc -I/home/hj/Documents/COSMIC_FSW/cfe/modules/msg/fsw/inc -I/home/hj/Documents/COSMIC_FSW/cfe/modules/resourceid/fsw/inc -I/home/hj/Documents/COSMIC_FSW/cfe/modules/config/fsw/inc -I/home/hj/Documents/COSMIC_FSW/cfe/modules/srl/fsw/inc -I/home/hj/Documents/COSMIC_FSW/cfe/modules/rf/fsw/inc -g -fPIC -std=c99 -pedantic -Wall -Wstrict-prototypes -Wwrite-strings -Wpointer-arith -Werror -Wno-format-truncation -Wno-stringop-truncation -MD -MT apps/sc/CMakeFiles/sc.dir/fsw/src/sc_cmds.c.o -MF CMakeFiles/sc.dir/fsw/src/sc_cmds.c.o.d -o CMakeFiles/sc.dir/fsw/src/sc_cmds.c.o -c /home/hj/Documents/COSMIC_FSW/apps/sc/fsw/src/sc_cmds.c
[ 79%] Building C object apps/sc/CMakeFiles/sc.dir/fsw/src/sc_dispatch.c.o
cd /home/hj/Documents/COSMIC_FSW/build/i686-linux-gnu/default_cpu1/apps/sc && /usr/bin/gcc -D_LINUX_OS_ -D_POSIX_OS_ -D_XOPEN_SOURCE=600 -Dsc_EXPORTS -I/home/hj/Documents/COSMIC_FSW/build/inc -I/home/hj/Documents/COSMIC_FSW/build/i686-linux-gnu/default_cpu1/inc -I/home/hj/Documents/COSMIC_FSW/apps/sc/fsw/inc -I/home/hj/Documents/COSMIC_FSW/cfe/modules/core_api/fsw/inc -I/home/hj/Documents/COSMIC_FSW/cfe/modules/es/fsw/inc -I/home/hj/Documents/COSMIC_FSW/cfe/modules/evs/fsw/inc -I/home/hj/Documents/COSMIC_FSW/cfe/modules/fs/fsw/inc -I/home/hj/Documents/COSMIC_FSW/cfe/modules/sb/fsw/inc -I/home/hj/Documents/COSMIC_FSW/cfe/modules/tbl/fsw/inc -I/home/hj/Documents/COSMIC_FSW/cfe/modules/time/fsw/inc -I/home/hj/Documents/COSMIC_FSW/osal/src/os/inc -I/home/hj/Documents/COSMIC_FSW/build/i686-linux-gnu/default_cpu1/osal/inc -I/home/hj/Documents/COSMIC_FSW/psp/fsw/inc -I/home/hj/Documents/COSMIC_FSW/psp/fsw/modules/iodriver/inc -I/home/hj/Documents/COSMIC_FSW/cfe/modules/msg/fsw/inc -I/home/hj/Documents/COSMIC_FSW/cfe/modules/resourceid/fsw/inc -I/home/hj/Documents/COSMIC_FSW/cfe/modules/config/fsw/inc -I/home/hj/Documents/COSMIC_FSW/cfe/modules/srl/fsw/inc -I/home/hj/Documents/COSMIC_FSW/cfe/modules/rf/fsw/inc -g -fPIC -std=c99 -pedantic -Wall -Wstrict-prototypes -Wwrite-strings -Wpointer-arith -Werror -Wno-format-truncation -Wno-stringop-truncation -MD -MT apps/sc/CMakeFiles/sc.dir/fsw/src/sc_dispatch.c.o -MF CMakeFiles/sc.dir/fsw/src/sc_dispatch.c.o.d -o CMakeFiles/sc.dir/fsw/src/sc_dispatch.c.o -c /home/hj/Documents/COSMIC_FSW/apps/sc/fsw/src/sc_dispatch.c
[ 80%] Linking C shared module sc.so
cd /home/hj/Documents/COSMIC_FSW/build/i686-linux-gnu/default_cpu1/apps/sc && /usr/bin/cmake -E cmake_link_script CMakeFiles/sc.dir/link.txt --verbose=1
/usr/bin/gcc -fPIC -g -shared  -o sc.so CMakeFiles/sc.dir/fsw/src/sc_rtsrq.c.o CMakeFiles/sc.dir/fsw/src/sc_utils.c.o CMakeFiles/sc.dir/fsw/src/sc_app.c.o CMakeFiles/sc.dir/fsw/src/sc_atsrq.c.o CMakeFiles/sc.dir/fsw/src/sc_state.c.o CMakeFiles/sc.dir/fsw/src/sc_loads.c.o CMakeFiles/sc.dir/fsw/src/sc_cmds.c.o CMakeFiles/sc.dir/fsw/src/sc_dispatch.c.o 
[ 80%] Built target sc
make  -f apps/lc/CMakeFiles/lc.dir/build.make apps/lc/CMakeFiles/lc.dir/depend
cd /home/hj/Documents/COSMIC_FSW/build/i686-linux-gnu/default_cpu1 && /usr/bin/cmake -E cmake_depends "Unix Makefiles" /home/hj/Documents/COSMIC_FSW/cfe /home/hj/Documents/COSMIC_FSW/apps/lc /home/hj/Documents/COSMIC_FSW/build/i686-linux-gnu/default_cpu1 /home/hj/Documents/COSMIC_FSW/build/i686-linux-gnu/default_cpu1/apps/lc /home/hj/Documents/COSMIC_FSW/build/i686-linux-gnu/default_cpu1/apps/lc/CMakeFiles/lc.dir/DependInfo.cmake --color=
Dependencies file "apps/lc/CMakeFiles/lc.dir/fsw/src/lc_action.c.o.d" is newer than depends file "/home/hj/Documents/COSMIC_FSW/build/i686-linux-gnu/default_cpu1/apps/lc/CMakeFiles/lc.dir/compiler_depend.internal".
Dependencies file "apps/lc/CMakeFiles/lc.dir/fsw/src/lc_app.c.o.d" is newer than depends file "/home/hj/Documents/COSMIC_FSW/build/i686-linux-gnu/default_cpu1/apps/lc/CMakeFiles/lc.dir/compiler_depend.internal".
Dependencies file "apps/lc/CMakeFiles/lc.dir/fsw/src/lc_cmds.c.o.d" is newer than depends file "/home/hj/Documents/COSMIC_FSW/build/i686-linux-gnu/default_cpu1/apps/lc/CMakeFiles/lc.dir/compiler_depend.internal".
Dependencies file "apps/lc/CMakeFiles/lc.dir/fsw/src/lc_custom.c.o.d" is newer than depends file "/home/hj/Documents/COSMIC_FSW/build/i686-linux-gnu/default_cpu1/apps/lc/CMakeFiles/lc.dir/compiler_depend.internal".
Dependencies file "apps/lc/CMakeFiles/lc.dir/fsw/src/lc_dispatch.c.o.d" is newer than depends file "/home/hj/Documents/COSMIC_FSW/build/i686-linux-gnu/default_cpu1/apps/lc/CMakeFiles/lc.dir/compiler_depend.internal".
Dependencies file "apps/lc/CMakeFiles/lc.dir/fsw/src/lc_utils.c.o.d" is newer than depends file "/home/hj/Documents/COSMIC_FSW/build/i686-linux-gnu/default_cpu1/apps/lc/CMakeFiles/lc.dir/compiler_depend.internal".
Dependencies file "apps/lc/CMakeFiles/lc.dir/fsw/src/lc_watch.c.o.d" is newer than depends file "/home/hj/Documents/COSMIC_FSW/build/i686-linux-gnu/default_cpu1/apps/lc/CMakeFiles/lc.dir/compiler_depend.internal".
Consolidate compiler generated dependencies of target lc
make  -f apps/lc/CMakeFiles/lc.dir/build.make apps/lc/CMakeFiles/lc.dir/build
[ 80%] Building C object apps/lc/CMakeFiles/lc.dir/fsw/src/lc_custom.c.o
cd /home/hj/Documents/COSMIC_FSW/build/i686-linux-gnu/default_cpu1/apps/lc && /usr/bin/gcc -D_LINUX_OS_ -D_POSIX_OS_ -D_XOPEN_SOURCE=600 -Dlc_EXPORTS -I/home/hj/Documents/COSMIC_FSW/build/inc -I/home/hj/Documents/COSMIC_FSW/build/i686-linux-gnu/default_cpu1/inc -I/home/hj/Documents/COSMIC_FSW/apps/lc/fsw/inc -I/home/hj/Documents/COSMIC_FSW/cfe/modules/core_api/fsw/inc -I/home/hj/Documents/COSMIC_FSW/cfe/modules/es/fsw/inc -I/home/hj/Documents/COSMIC_FSW/cfe/modules/evs/fsw/inc -I/home/hj/Documents/COSMIC_FSW/cfe/modules/fs/fsw/inc -I/home/hj/Documents/COSMIC_FSW/cfe/modules/sb/fsw/inc -I/home/hj/Documents/COSMIC_FSW/cfe/modules/tbl/fsw/inc -I/home/hj/Documents/COSMIC_FSW/cfe/modules/time/fsw/inc -I/home/hj/Documents/COSMIC_FSW/osal/src/os/inc -I/home/hj/Documents/COSMIC_FSW/build/i686-linux-gnu/default_cpu1/osal/inc -I/home/hj/Documents/COSMIC_FSW/psp/fsw/inc -I/home/hj/Documents/COSMIC_FSW/psp/fsw/modules/iodriver/inc -I/home/hj/Documents/COSMIC_FSW/cfe/modules/msg/fsw/inc -I/home/hj/Documents/COSMIC_FSW/cfe/modules/resourceid/fsw/inc -I/home/hj/Documents/COSMIC_FSW/cfe/modules/config/fsw/inc -I/home/hj/Documents/COSMIC_FSW/cfe/modules/srl/fsw/inc -I/home/hj/Documents/COSMIC_FSW/cfe/modules/rf/fsw/inc -g -fPIC -std=c99 -pedantic -Wall -Wstrict-prototypes -Wwrite-strings -Wpointer-arith -Werror -Wno-format-truncation -Wno-stringop-truncation -MD -MT apps/lc/CMakeFiles/lc.dir/fsw/src/lc_custom.c.o -MF CMakeFiles/lc.dir/fsw/src/lc_custom.c.o.d -o CMakeFiles/lc.dir/fsw/src/lc_custom.c.o -c /home/hj/Documents/COSMIC_FSW/apps/lc/fsw/src/lc_custom.c
[ 80%] Building C object apps/lc/CMakeFiles/lc.dir/fsw/src/lc_app.c.o
cd /home/hj/Documents/COSMIC_FSW/build/i686-linux-gnu/default_cpu1/apps/lc && /usr/bin/gcc -D_LINUX_OS_ -D_POSIX_OS_ -D_XOPEN_SOURCE=600 -Dlc_EXPORTS -I/home/hj/Documents/COSMIC_FSW/build/inc -I/home/hj/Documents/COSMIC_FSW/build/i686-linux-gnu/default_cpu1/inc -I/home/hj/Documents/COSMIC_FSW/apps/lc/fsw/inc -I/home/hj/Documents/COSMIC_FSW/cfe/modules/core_api/fsw/inc -I/home/hj/Documents/COSMIC_FSW/cfe/modules/es/fsw/inc -I/home/hj/Documents/COSMIC_FSW/cfe/modules/evs/fsw/inc -I/home/hj/Documents/COSMIC_FSW/cfe/modules/fs/fsw/inc -I/home/hj/Documents/COSMIC_FSW/cfe/modules/sb/fsw/inc -I/home/hj/Documents/COSMIC_FSW/cfe/modules/tbl/fsw/inc -I/home/hj/Documents/COSMIC_FSW/cfe/modules/time/fsw/inc -I/home/hj/Documents/COSMIC_FSW/osal/src/os/inc -I/home/hj/Documents/COSMIC_FSW/build/i686-linux-gnu/default_cpu1/osal/inc -I/home/hj/Documents/COSMIC_FSW/psp/fsw/inc -I/home/hj/Documents/COSMIC_FSW/psp/fsw/modules/iodriver/inc -I/home/hj/Documents/COSMIC_FSW/cfe/modules/msg/fsw/inc -I/home/hj/Documents/COSMIC_FSW/cfe/modules/resourceid/fsw/inc -I/home/hj/Documents/COSMIC_FSW/cfe/modules/config/fsw/inc -I/home/hj/Documents/COSMIC_FSW/cfe/modules/srl/fsw/inc -I/home/hj/Documents/COSMIC_FSW/cfe/modules/rf/fsw/inc -g -fPIC -std=c99 -pedantic -Wall -Wstrict-prototypes -Wwrite-strings -Wpointer-arith -Werror -Wno-format-truncation -Wno-stringop-truncation -MD -MT apps/lc/CMakeFiles/lc.dir/fsw/src/lc_app.c.o -MF CMakeFiles/lc.dir/fsw/src/lc_app.c.o.d -o CMakeFiles/lc.dir/fsw/src/lc_app.c.o -c /home/hj/Documents/COSMIC_FSW/apps/lc/fsw/src/lc_app.c
[ 81%] Building C object apps/lc/CMakeFiles/lc.dir/fsw/src/lc_cmds.c.o
cd /home/hj/Documents/COSMIC_FSW/build/i686-linux-gnu/default_cpu1/apps/lc && /usr/bin/gcc -D_LINUX_OS_ -D_POSIX_OS_ -D_XOPEN_SOURCE=600 -Dlc_EXPORTS -I/home/hj/Documents/COSMIC_FSW/build/inc -I/home/hj/Documents/COSMIC_FSW/build/i686-linux-gnu/default_cpu1/inc -I/home/hj/Documents/COSMIC_FSW/apps/lc/fsw/inc -I/home/hj/Documents/COSMIC_FSW/cfe/modules/core_api/fsw/inc -I/home/hj/Documents/COSMIC_FSW/cfe/modules/es/fsw/inc -I/home/hj/Documents/COSMIC_FSW/cfe/modules/evs/fsw/inc -I/home/hj/Documents/COSMIC_FSW/cfe/modules/fs/fsw/inc -I/home/hj/Documents/COSMIC_FSW/cfe/modules/sb/fsw/inc -I/home/hj/Documents/COSMIC_FSW/cfe/modules/tbl/fsw/inc -I/home/hj/Documents/COSMIC_FSW/cfe/modules/time/fsw/inc -I/home/hj/Documents/COSMIC_FSW/osal/src/os/inc -I/home/hj/Documents/COSMIC_FSW/build/i686-linux-gnu/default_cpu1/osal/inc -I/home/hj/Documents/COSMIC_FSW/psp/fsw/inc -I/home/hj/Documents/COSMIC_FSW/psp/fsw/modules/iodriver/inc -I/home/hj/Documents/COSMIC_FSW/cfe/modules/msg/fsw/inc -I/home/hj/Documents/COSMIC_FSW/cfe/modules/resourceid/fsw/inc -I/home/hj/Documents/COSMIC_FSW/cfe/modules/config/fsw/inc -I/home/hj/Documents/COSMIC_FSW/cfe/modules/srl/fsw/inc -I/home/hj/Documents/COSMIC_FSW/cfe/modules/rf/fsw/inc -g -fPIC -std=c99 -pedantic -Wall -Wstrict-prototypes -Wwrite-strings -Wpointer-arith -Werror -Wno-format-truncation -Wno-stringop-truncation -MD -MT apps/lc/CMakeFiles/lc.dir/fsw/src/lc_cmds.c.o -MF CMakeFiles/lc.dir/fsw/src/lc_cmds.c.o.d -o CMakeFiles/lc.dir/fsw/src/lc_cmds.c.o -c /home/hj/Documents/COSMIC_FSW/apps/lc/fsw/src/lc_cmds.c
[ 81%] Building C object apps/lc/CMakeFiles/lc.dir/fsw/src/lc_dispatch.c.o
cd /home/hj/Documents/COSMIC_FSW/build/i686-linux-gnu/default_cpu1/apps/lc && /usr/bin/gcc -D_LINUX_OS_ -D_POSIX_OS_ -D_XOPEN_SOURCE=600 -Dlc_EXPORTS -I/home/hj/Documents/COSMIC_FSW/build/inc -I/home/hj/Documents/COSMIC_FSW/build/i686-linux-gnu/default_cpu1/inc -I/home/hj/Documents/COSMIC_FSW/apps/lc/fsw/inc -I/home/hj/Documents/COSMIC_FSW/cfe/modules/core_api/fsw/inc -I/home/hj/Documents/COSMIC_FSW/cfe/modules/es/fsw/inc -I/home/hj/Documents/COSMIC_FSW/cfe/modules/evs/fsw/inc -I/home/hj/Documents/COSMIC_FSW/cfe/modules/fs/fsw/inc -I/home/hj/Documents/COSMIC_FSW/cfe/modules/sb/fsw/inc -I/home/hj/Documents/COSMIC_FSW/cfe/modules/tbl/fsw/inc -I/home/hj/Documents/COSMIC_FSW/cfe/modules/time/fsw/inc -I/home/hj/Documents/COSMIC_FSW/osal/src/os/inc -I/home/hj/Documents/COSMIC_FSW/build/i686-linux-gnu/default_cpu1/osal/inc -I/home/hj/Documents/COSMIC_FSW/psp/fsw/inc -I/home/hj/Documents/COSMIC_FSW/psp/fsw/modules/iodriver/inc -I/home/hj/Documents/COSMIC_FSW/cfe/modules/msg/fsw/inc -I/home/hj/Documents/COSMIC_FSW/cfe/modules/resourceid/fsw/inc -I/home/hj/Documents/COSMIC_FSW/cfe/modules/config/fsw/inc -I/home/hj/Documents/COSMIC_FSW/cfe/modules/srl/fsw/inc -I/home/hj/Documents/COSMIC_FSW/cfe/modules/rf/fsw/inc -g -fPIC -std=c99 -pedantic -Wall -Wstrict-prototypes -Wwrite-strings -Wpointer-arith -Werror -Wno-format-truncation -Wno-stringop-truncation -MD -MT apps/lc/CMakeFiles/lc.dir/fsw/src/lc_dispatch.c.o -MF CMakeFiles/lc.dir/fsw/src/lc_dispatch.c.o.d -o CMakeFiles/lc.dir/fsw/src/lc_dispatch.c.o -c /home/hj/Documents/COSMIC_FSW/apps/lc/fsw/src/lc_dispatch.c
[ 81%] Building C object apps/lc/CMakeFiles/lc.dir/fsw/src/lc_watch.c.o
cd /home/hj/Documents/COSMIC_FSW/build/i686-linux-gnu/default_cpu1/apps/lc && /usr/bin/gcc -D_LINUX_OS_ -D_POSIX_OS_ -D_XOPEN_SOURCE=600 -Dlc_EXPORTS -I/home/hj/Documents/COSMIC_FSW/build/inc -I/home/hj/Documents/COSMIC_FSW/build/i686-linux-gnu/default_cpu1/inc -I/home/hj/Documents/COSMIC_FSW/apps/lc/fsw/inc -I/home/hj/Documents/COSMIC_FSW/cfe/modules/core_api/fsw/inc -I/home/hj/Documents/COSMIC_FSW/cfe/modules/es/fsw/inc -I/home/hj/Documents/COSMIC_FSW/cfe/modules/evs/fsw/inc -I/home/hj/Documents/COSMIC_FSW/cfe/modules/fs/fsw/inc -I/home/hj/Documents/COSMIC_FSW/cfe/modules/sb/fsw/inc -I/home/hj/Documents/COSMIC_FSW/cfe/modules/tbl/fsw/inc -I/home/hj/Documents/COSMIC_FSW/cfe/modules/time/fsw/inc -I/home/hj/Documents/COSMIC_FSW/osal/src/os/inc -I/home/hj/Documents/COSMIC_FSW/build/i686-linux-gnu/default_cpu1/osal/inc -I/home/hj/Documents/COSMIC_FSW/psp/fsw/inc -I/home/hj/Documents/COSMIC_FSW/psp/fsw/modules/iodriver/inc -I/home/hj/Documents/COSMIC_FSW/cfe/modules/msg/fsw/inc -I/home/hj/Documents/COSMIC_FSW/cfe/modules/resourceid/fsw/inc -I/home/hj/Documents/COSMIC_FSW/cfe/modules/config/fsw/inc -I/home/hj/Documents/COSMIC_FSW/cfe/modules/srl/fsw/inc -I/home/hj/Documents/COSMIC_FSW/cfe/modules/rf/fsw/inc -g -fPIC -std=c99 -pedantic -Wall -Wstrict-prototypes -Wwrite-strings -Wpointer-arith -Werror -Wno-format-truncation -Wno-stringop-truncation -MD -MT apps/lc/CMakeFiles/lc.dir/fsw/src/lc_watch.c.o -MF CMakeFiles/lc.dir/fsw/src/lc_watch.c.o.d -o CMakeFiles/lc.dir/fsw/src/lc_watch.c.o -c /home/hj/Documents/COSMIC_FSW/apps/lc/fsw/src/lc_watch.c
[ 81%] Building C object apps/lc/CMakeFiles/lc.dir/fsw/src/lc_action.c.o
cd /home/hj/Documents/COSMIC_FSW/build/i686-linux-gnu/default_cpu1/apps/lc && /usr/bin/gcc -D_LINUX_OS_ -D_POSIX_OS_ -D_XOPEN_SOURCE=600 -Dlc_EXPORTS -I/home/hj/Documents/COSMIC_FSW/build/inc -I/home/hj/Documents/COSMIC_FSW/build/i686-linux-gnu/default_cpu1/inc -I/home/hj/Documents/COSMIC_FSW/apps/lc/fsw/inc -I/home/hj/Documents/COSMIC_FSW/cfe/modules/core_api/fsw/inc -I/home/hj/Documents/COSMIC_FSW/cfe/modules/es/fsw/inc -I/home/hj/Documents/COSMIC_FSW/cfe/modules/evs/fsw/inc -I/home/hj/Documents/COSMIC_FSW/cfe/modules/fs/fsw/inc -I/home/hj/Documents/COSMIC_FSW/cfe/modules/sb/fsw/inc -I/home/hj/Documents/COSMIC_FSW/cfe/modules/tbl/fsw/inc -I/home/hj/Documents/COSMIC_FSW/cfe/modules/time/fsw/inc -I/home/hj/Documents/COSMIC_FSW/osal/src/os/inc -I/home/hj/Documents/COSMIC_FSW/build/i686-linux-gnu/default_cpu1/osal/inc -I/home/hj/Documents/COSMIC_FSW/psp/fsw/inc -I/home/hj/Documents/COSMIC_FSW/psp/fsw/modules/iodriver/inc -I/home/hj/Documents/COSMIC_FSW/cfe/modules/msg/fsw/inc -I/home/hj/Documents/COSMIC_FSW/cfe/modules/resourceid/fsw/inc -I/home/hj/Documents/COSMIC_FSW/cfe/modules/config/fsw/inc -I/home/hj/Documents/COSMIC_FSW/cfe/modules/srl/fsw/inc -I/home/hj/Documents/COSMIC_FSW/cfe/modules/rf/fsw/inc -g -fPIC -std=c99 -pedantic -Wall -Wstrict-prototypes -Wwrite-strings -Wpointer-arith -Werror -Wno-format-truncation -Wno-stringop-truncation -MD -MT apps/lc/CMakeFiles/lc.dir/fsw/src/lc_action.c.o -MF CMakeFiles/lc.dir/fsw/src/lc_action.c.o.d -o CMakeFiles/lc.dir/fsw/src/lc_action.c.o -c /home/hj/Documents/COSMIC_FSW/apps/lc/fsw/src/lc_action.c
[ 81%] Building C object apps/lc/CMakeFiles/lc.dir/fsw/src/lc_utils.c.o
cd /home/hj/Documents/COSMIC_FSW/build/i686-linux-gnu/default_cpu1/apps/lc && /usr/bin/gcc -D_LINUX_OS_ -D_POSIX_OS_ -D_XOPEN_SOURCE=600 -Dlc_EXPORTS -I/home/hj/Documents/COSMIC_FSW/build/inc -I/home/hj/Documents/COSMIC_FSW/build/i686-linux-gnu/default_cpu1/inc -I/home/hj/Documents/COSMIC_FSW/apps/lc/fsw/inc -I/home/hj/Documents/COSMIC_FSW/cfe/modules/core_api/fsw/inc -I/home/hj/Documents/COSMIC_FSW/cfe/modules/es/fsw/inc -I/home/hj/Documents/COSMIC_FSW/cfe/modules/evs/fsw/inc -I/home/hj/Documents/COSMIC_FSW/cfe/modules/fs/fsw/inc -I/home/hj/Documents/COSMIC_FSW/cfe/modules/sb/fsw/inc -I/home/hj/Documents/COSMIC_FSW/cfe/modules/tbl/fsw/inc -I/home/hj/Documents/COSMIC_FSW/cfe/modules/time/fsw/inc -I/home/hj/Documents/COSMIC_FSW/osal/src/os/inc -I/home/hj/Documents/COSMIC_FSW/build/i686-linux-gnu/default_cpu1/osal/inc -I/home/hj/Documents/COSMIC_FSW/psp/fsw/inc -I/home/hj/Documents/COSMIC_FSW/psp/fsw/modules/iodriver/inc -I/home/hj/Documents/COSMIC_FSW/cfe/modules/msg/fsw/inc -I/home/hj/Documents/COSMIC_FSW/cfe/modules/resourceid/fsw/inc -I/home/hj/Documents/COSMIC_FSW/cfe/modules/config/fsw/inc -I/home/hj/Documents/COSMIC_FSW/cfe/modules/srl/fsw/inc -I/home/hj/Documents/COSMIC_FSW/cfe/modules/rf/fsw/inc -g -fPIC -std=c99 -pedantic -Wall -Wstrict-prototypes -Wwrite-strings -Wpointer-arith -Werror -Wno-format-truncation -Wno-stringop-truncation -MD -MT apps/lc/CMakeFiles/lc.dir/fsw/src/lc_utils.c.o -MF CMakeFiles/lc.dir/fsw/src/lc_utils.c.o.d -o CMakeFiles/lc.dir/fsw/src/lc_utils.c.o -c /home/hj/Documents/COSMIC_FSW/apps/lc/fsw/src/lc_utils.c
[ 83%] Linking C shared module lc.so
cd /home/hj/Documents/COSMIC_FSW/build/i686-linux-gnu/default_cpu1/apps/lc && /usr/bin/cmake -E cmake_link_script CMakeFiles/lc.dir/link.txt --verbose=1
/usr/bin/gcc -fPIC -g -shared  -o lc.so CMakeFiles/lc.dir/fsw/src/lc_custom.c.o CMakeFiles/lc.dir/fsw/src/lc_app.c.o CMakeFiles/lc.dir/fsw/src/lc_cmds.c.o CMakeFiles/lc.dir/fsw/src/lc_dispatch.c.o CMakeFiles/lc.dir/fsw/src/lc_watch.c.o CMakeFiles/lc.dir/fsw/src/lc_action.c.o CMakeFiles/lc.dir/fsw/src/lc_utils.c.o 
[ 83%] Built target lc
make  -f apps/hk/CMakeFiles/hk.dir/build.make apps/hk/CMakeFiles/hk.dir/depend
cd /home/hj/Documents/COSMIC_FSW/build/i686-linux-gnu/default_cpu1 && /usr/bin/cmake -E cmake_depends "Unix Makefiles" /home/hj/Documents/COSMIC_FSW/cfe /home/hj/Documents/COSMIC_FSW/apps/hk /home/hj/Documents/COSMIC_FSW/build/i686-linux-gnu/default_cpu1 /home/hj/Documents/COSMIC_FSW/build/i686-linux-gnu/default_cpu1/apps/hk /home/hj/Documents/COSMIC_FSW/build/i686-linux-gnu/default_cpu1/apps/hk/CMakeFiles/hk.dir/DependInfo.cmake --color=
Dependencies file "apps/hk/CMakeFiles/hk.dir/fsw/src/hk_app.c.o.d" is newer than depends file "/home/hj/Documents/COSMIC_FSW/build/i686-linux-gnu/default_cpu1/apps/hk/CMakeFiles/hk.dir/compiler_depend.internal".
Dependencies file "apps/hk/CMakeFiles/hk.dir/fsw/src/hk_dispatch.c.o.d" is newer than depends file "/home/hj/Documents/COSMIC_FSW/build/i686-linux-gnu/default_cpu1/apps/hk/CMakeFiles/hk.dir/compiler_depend.internal".
Dependencies file "apps/hk/CMakeFiles/hk.dir/fsw/src/hk_utils.c.o.d" is newer than depends file "/home/hj/Documents/COSMIC_FSW/build/i686-linux-gnu/default_cpu1/apps/hk/CMakeFiles/hk.dir/compiler_depend.internal".
Consolidate compiler generated dependencies of target hk
make  -f apps/hk/CMakeFiles/hk.dir/build.make apps/hk/CMakeFiles/hk.dir/build
[ 84%] Building C object apps/hk/CMakeFiles/hk.dir/fsw/src/hk_app.c.o
cd /home/hj/Documents/COSMIC_FSW/build/i686-linux-gnu/default_cpu1/apps/hk && /usr/bin/gcc -D_LINUX_OS_ -D_POSIX_OS_ -D_XOPEN_SOURCE=600 -Dhk_EXPORTS -I/home/hj/Documents/COSMIC_FSW/build/inc -I/home/hj/Documents/COSMIC_FSW/build/i686-linux-gnu/default_cpu1/inc -I/home/hj/Documents/COSMIC_FSW/apps/hk/fsw/inc -I/home/hj/Documents/COSMIC_FSW/cfe/modules/core_api/fsw/inc -I/home/hj/Documents/COSMIC_FSW/cfe/modules/es/fsw/inc -I/home/hj/Documents/COSMIC_FSW/cfe/modules/evs/fsw/inc -I/home/hj/Documents/COSMIC_FSW/cfe/modules/fs/fsw/inc -I/home/hj/Documents/COSMIC_FSW/cfe/modules/sb/fsw/inc -I/home/hj/Documents/COSMIC_FSW/cfe/modules/tbl/fsw/inc -I/home/hj/Documents/COSMIC_FSW/cfe/modules/time/fsw/inc -I/home/hj/Documents/COSMIC_FSW/osal/src/os/inc -I/home/hj/Documents/COSMIC_FSW/build/i686-linux-gnu/default_cpu1/osal/inc -I/home/hj/Documents/COSMIC_FSW/psp/fsw/inc -I/home/hj/Documents/COSMIC_FSW/psp/fsw/modules/iodriver/inc -I/home/hj/Documents/COSMIC_FSW/cfe/modules/msg/fsw/inc -I/home/hj/Documents/COSMIC_FSW/cfe/modules/resourceid/fsw/inc -I/home/hj/Documents/COSMIC_FSW/cfe/modules/config/fsw/inc -I/home/hj/Documents/COSMIC_FSW/cfe/modules/srl/fsw/inc -I/home/hj/Documents/COSMIC_FSW/cfe/modules/rf/fsw/inc -g -fPIC -std=c99 -pedantic -Wall -Wstrict-prototypes -Wwrite-strings -Wpointer-arith -Werror -Wno-format-truncation -Wno-stringop-truncation -MD -MT apps/hk/CMakeFiles/hk.dir/fsw/src/hk_app.c.o -MF CMakeFiles/hk.dir/fsw/src/hk_app.c.o.d -o CMakeFiles/hk.dir/fsw/src/hk_app.c.o -c /home/hj/Documents/COSMIC_FSW/apps/hk/fsw/src/hk_app.c
[ 84%] Building C object apps/hk/CMakeFiles/hk.dir/fsw/src/hk_dispatch.c.o
cd /home/hj/Documents/COSMIC_FSW/build/i686-linux-gnu/default_cpu1/apps/hk && /usr/bin/gcc -D_LINUX_OS_ -D_POSIX_OS_ -D_XOPEN_SOURCE=600 -Dhk_EXPORTS -I/home/hj/Documents/COSMIC_FSW/build/inc -I/home/hj/Documents/COSMIC_FSW/build/i686-linux-gnu/default_cpu1/inc -I/home/hj/Documents/COSMIC_FSW/apps/hk/fsw/inc -I/home/hj/Documents/COSMIC_FSW/cfe/modules/core_api/fsw/inc -I/home/hj/Documents/COSMIC_FSW/cfe/modules/es/fsw/inc -I/home/hj/Documents/COSMIC_FSW/cfe/modules/evs/fsw/inc -I/home/hj/Documents/COSMIC_FSW/cfe/modules/fs/fsw/inc -I/home/hj/Documents/COSMIC_FSW/cfe/modules/sb/fsw/inc -I/home/hj/Documents/COSMIC_FSW/cfe/modules/tbl/fsw/inc -I/home/hj/Documents/COSMIC_FSW/cfe/modules/time/fsw/inc -I/home/hj/Documents/COSMIC_FSW/osal/src/os/inc -I/home/hj/Documents/COSMIC_FSW/build/i686-linux-gnu/default_cpu1/osal/inc -I/home/hj/Documents/COSMIC_FSW/psp/fsw/inc -I/home/hj/Documents/COSMIC_FSW/psp/fsw/modules/iodriver/inc -I/home/hj/Documents/COSMIC_FSW/cfe/modules/msg/fsw/inc -I/home/hj/Documents/COSMIC_FSW/cfe/modules/resourceid/fsw/inc -I/home/hj/Documents/COSMIC_FSW/cfe/modules/config/fsw/inc -I/home/hj/Documents/COSMIC_FSW/cfe/modules/srl/fsw/inc -I/home/hj/Documents/COSMIC_FSW/cfe/modules/rf/fsw/inc -g -fPIC -std=c99 -pedantic -Wall -Wstrict-prototypes -Wwrite-strings -Wpointer-arith -Werror -Wno-format-truncation -Wno-stringop-truncation -MD -MT apps/hk/CMakeFiles/hk.dir/fsw/src/hk_dispatch.c.o -MF CMakeFiles/hk.dir/fsw/src/hk_dispatch.c.o.d -o CMakeFiles/hk.dir/fsw/src/hk_dispatch.c.o -c /home/hj/Documents/COSMIC_FSW/apps/hk/fsw/src/hk_dispatch.c
[ 84%] Building C object apps/hk/CMakeFiles/hk.dir/fsw/src/hk_utils.c.o
cd /home/hj/Documents/COSMIC_FSW/build/i686-linux-gnu/default_cpu1/apps/hk && /usr/bin/gcc -D_LINUX_OS_ -D_POSIX_OS_ -D_XOPEN_SOURCE=600 -Dhk_EXPORTS -I/home/hj/Documents/COSMIC_FSW/build/inc -I/home/hj/Documents/COSMIC_FSW/build/i686-linux-gnu/default_cpu1/inc -I/home/hj/Documents/COSMIC_FSW/apps/hk/fsw/inc -I/home/hj/Documents/COSMIC_FSW/cfe/modules/core_api/fsw/inc -I/home/hj/Documents/COSMIC_FSW/cfe/modules/es/fsw/inc -I/home/hj/Documents/COSMIC_FSW/cfe/modules/evs/fsw/inc -I/home/hj/Documents/COSMIC_FSW/cfe/modules/fs/fsw/inc -I/home/hj/Documents/COSMIC_FSW/cfe/modules/sb/fsw/inc -I/home/hj/Documents/COSMIC_FSW/cfe/modules/tbl/fsw/inc -I/home/hj/Documents/COSMIC_FSW/cfe/modules/time/fsw/inc -I/home/hj/Documents/COSMIC_FSW/osal/src/os/inc -I/home/hj/Documents/COSMIC_FSW/build/i686-linux-gnu/default_cpu1/osal/inc -I/home/hj/Documents/COSMIC_FSW/psp/fsw/inc -I/home/hj/Documents/COSMIC_FSW/psp/fsw/modules/iodriver/inc -I/home/hj/Documents/COSMIC_FSW/cfe/modules/msg/fsw/inc -I/home/hj/Documents/COSMIC_FSW/cfe/modules/resourceid/fsw/inc -I/home/hj/Documents/COSMIC_FSW/cfe/modules/config/fsw/inc -I/home/hj/Documents/COSMIC_FSW/cfe/modules/srl/fsw/inc -I/home/hj/Documents/COSMIC_FSW/cfe/modules/rf/fsw/inc -g -fPIC -std=c99 -pedantic -Wall -Wstrict-prototypes -Wwrite-strings -Wpointer-arith -Werror -Wno-format-truncation -Wno-stringop-truncation -MD -MT apps/hk/CMakeFiles/hk.dir/fsw/src/hk_utils.c.o -MF CMakeFiles/hk.dir/fsw/src/hk_utils.c.o.d -o CMakeFiles/hk.dir/fsw/src/hk_utils.c.o -c /home/hj/Documents/COSMIC_FSW/apps/hk/fsw/src/hk_utils.c
[ 84%] Linking C shared module hk.so
cd /home/hj/Documents/COSMIC_FSW/build/i686-linux-gnu/default_cpu1/apps/hk && /usr/bin/cmake -E cmake_link_script CMakeFiles/hk.dir/link.txt --verbose=1
/usr/bin/gcc -fPIC -g -shared  -o hk.so CMakeFiles/hk.dir/fsw/src/hk_app.c.o CMakeFiles/hk.dir/fsw/src/hk_dispatch.c.o CMakeFiles/hk.dir/fsw/src/hk_utils.c.o 
[ 84%] Built target hk
make  -f apps/payuzut/CMakeFiles/payuzut.dir/build.make apps/payuzut/CMakeFiles/payuzut.dir/depend
cd /home/hj/Documents/COSMIC_FSW/build/i686-linux-gnu/default_cpu1 && /usr/bin/cmake -E cmake_depends "Unix Makefiles" /home/hj/Documents/COSMIC_FSW/cfe /home/hj/Documents/COSMIC_FSW/apps/payuzut /home/hj/Documents/COSMIC_FSW/build/i686-linux-gnu/default_cpu1 /home/hj/Documents/COSMIC_FSW/build/i686-linux-gnu/default_cpu1/apps/payuzut /home/hj/Documents/COSMIC_FSW/build/i686-linux-gnu/default_cpu1/apps/payuzut/CMakeFiles/payuzut.dir/DependInfo.cmake --color=
Dependencies file "apps/payuzut/CMakeFiles/payuzut.dir/fsw/src/payuzut_cmds.c.o.d" is newer than depends file "/home/hj/Documents/COSMIC_FSW/build/i686-linux-gnu/default_cpu1/apps/payuzut/CMakeFiles/payuzut.dir/compiler_depend.internal".
Dependencies file "apps/payuzut/CMakeFiles/payuzut.dir/fsw/src/payuzut_dispatch.c.o.d" is newer than depends file "/home/hj/Documents/COSMIC_FSW/build/i686-linux-gnu/default_cpu1/apps/payuzut/CMakeFiles/payuzut.dir/compiler_depend.internal".
Dependencies file "apps/payuzut/CMakeFiles/payuzut.dir/fsw/src/payuzut_task.c.o.d" is newer than depends file "/home/hj/Documents/COSMIC_FSW/build/i686-linux-gnu/default_cpu1/apps/payuzut/CMakeFiles/payuzut.dir/compiler_depend.internal".
Dependencies file "apps/payuzut/CMakeFiles/payuzut.dir/fsw/src/payuzut_utils.c.o.d" is newer than depends file "/home/hj/Documents/COSMIC_FSW/build/i686-linux-gnu/default_cpu1/apps/payuzut/CMakeFiles/payuzut.dir/compiler_depend.internal".
Consolidate compiler generated dependencies of target payuzut
make  -f apps/payuzut/CMakeFiles/payuzut.dir/build.make apps/payuzut/CMakeFiles/payuzut.dir/build
[ 86%] Building C object apps/payuzut/CMakeFiles/payuzut.dir/fsw/src/payuzut_task.c.o
cd /home/hj/Documents/COSMIC_FSW/build/i686-linux-gnu/default_cpu1/apps/payuzut && /usr/bin/gcc -D_LINUX_OS_ -D_POSIX_OS_ -D_XOPEN_SOURCE=600 -Dpayuzut_EXPORTS -I/home/hj/Documents/COSMIC_FSW/build/inc -I/home/hj/Documents/COSMIC_FSW/build/i686-linux-gnu/default_cpu1/inc -I/home/hj/Documents/COSMIC_FSW/apps/payuzut/fsw/inc -I/home/hj/Documents/COSMIC_FSW/cfe/modules/core_api/fsw/inc -I/home/hj/Documents/COSMIC_FSW/cfe/modules/es/fsw/inc -I/home/hj/Documents/COSMIC_FSW/cfe/modules/evs/fsw/inc -I/home/hj/Documents/COSMIC_FSW/cfe/modules/fs/fsw/inc -I/home/hj/Documents/COSMIC_FSW/cfe/modules/sb/fsw/inc -I/home/hj/Documents/COSMIC_FSW/cfe/modules/tbl/fsw/inc -I/home/hj/Documents/COSMIC_FSW/cfe/modules/time/fsw/inc -I/home/hj/Documents/COSMIC_FSW/osal/src/os/inc -I/home/hj/Documents/COSMIC_FSW/build/i686-linux-gnu/default_cpu1/osal/inc -I/home/hj/Documents/COSMIC_FSW/psp/fsw/inc -I/home/hj/Documents/COSMIC_FSW/psp/fsw/modules/iodriver/inc -I/home/hj/Documents/COSMIC_FSW/cfe/modules/msg/fsw/inc -I/home/hj/Documents/COSMIC_FSW/cfe/modules/resourceid/fsw/inc -I/home/hj/Documents/COSMIC_FSW/cfe/modules/config/fsw/inc -I/home/hj/Documents/COSMIC_FSW/cfe/modules/srl/fsw/inc -I/home/hj/Documents/COSMIC_FSW/cfe/modules/rf/fsw/inc -g -fPIC -std=c99 -pedantic -Wall -Wstrict-prototypes -Wwrite-strings -Wpointer-arith -Werror -Wno-format-truncation -Wno-stringop-truncation -MD -MT apps/payuzut/CMakeFiles/payuzut.dir/fsw/src/payuzut_task.c.o -MF CMakeFiles/payuzut.dir/fsw/src/payuzut_task.c.o.d -o CMakeFiles/payuzut.dir/fsw/src/payuzut_task.c.o -c /home/hj/Documents/COSMIC_FSW/apps/payuzut/fsw/src/payuzut_task.c
[ 86%] Building C object apps/payuzut/CMakeFiles/payuzut.dir/fsw/src/payuzut_cmds.c.o
cd /home/hj/Documents/COSMIC_FSW/build/i686-linux-gnu/default_cpu1/apps/payuzut && /usr/bin/gcc -D_LINUX_OS_ -D_POSIX_OS_ -D_XOPEN_SOURCE=600 -Dpayuzut_EXPORTS -I/home/hj/Documents/COSMIC_FSW/build/inc -I/home/hj/Documents/COSMIC_FSW/build/i686-linux-gnu/default_cpu1/inc -I/home/hj/Documents/COSMIC_FSW/apps/payuzut/fsw/inc -I/home/hj/Documents/COSMIC_FSW/cfe/modules/core_api/fsw/inc -I/home/hj/Documents/COSMIC_FSW/cfe/modules/es/fsw/inc -I/home/hj/Documents/COSMIC_FSW/cfe/modules/evs/fsw/inc -I/home/hj/Documents/COSMIC_FSW/cfe/modules/fs/fsw/inc -I/home/hj/Documents/COSMIC_FSW/cfe/modules/sb/fsw/inc -I/home/hj/Documents/COSMIC_FSW/cfe/modules/tbl/fsw/inc -I/home/hj/Documents/COSMIC_FSW/cfe/modules/time/fsw/inc -I/home/hj/Documents/COSMIC_FSW/osal/src/os/inc -I/home/hj/Documents/COSMIC_FSW/build/i686-linux-gnu/default_cpu1/osal/inc -I/home/hj/Documents/COSMIC_FSW/psp/fsw/inc -I/home/hj/Documents/COSMIC_FSW/psp/fsw/modules/iodriver/inc -I/home/hj/Documents/COSMIC_FSW/cfe/modules/msg/fsw/inc -I/home/hj/Documents/COSMIC_FSW/cfe/modules/resourceid/fsw/inc -I/home/hj/Documents/COSMIC_FSW/cfe/modules/config/fsw/inc -I/home/hj/Documents/COSMIC_FSW/cfe/modules/srl/fsw/inc -I/home/hj/Documents/COSMIC_FSW/cfe/modules/rf/fsw/inc -g -fPIC -std=c99 -pedantic -Wall -Wstrict-prototypes -Wwrite-strings -Wpointer-arith -Werror -Wno-format-truncation -Wno-stringop-truncation -MD -MT apps/payuzut/CMakeFiles/payuzut.dir/fsw/src/payuzut_cmds.c.o -MF CMakeFiles/payuzut.dir/fsw/src/payuzut_cmds.c.o.d -o CMakeFiles/payuzut.dir/fsw/src/payuzut_cmds.c.o -c /home/hj/Documents/COSMIC_FSW/apps/payuzut/fsw/src/payuzut_cmds.c
[ 86%] Building C object apps/payuzut/CMakeFiles/payuzut.dir/fsw/src/payuzut_dispatch.c.o
cd /home/hj/Documents/COSMIC_FSW/build/i686-linux-gnu/default_cpu1/apps/payuzut && /usr/bin/gcc -D_LINUX_OS_ -D_POSIX_OS_ -D_XOPEN_SOURCE=600 -Dpayuzut_EXPORTS -I/home/hj/Documents/COSMIC_FSW/build/inc -I/home/hj/Documents/COSMIC_FSW/build/i686-linux-gnu/default_cpu1/inc -I/home/hj/Documents/COSMIC_FSW/apps/payuzut/fsw/inc -I/home/hj/Documents/COSMIC_FSW/cfe/modules/core_api/fsw/inc -I/home/hj/Documents/COSMIC_FSW/cfe/modules/es/fsw/inc -I/home/hj/Documents/COSMIC_FSW/cfe/modules/evs/fsw/inc -I/home/hj/Documents/COSMIC_FSW/cfe/modules/fs/fsw/inc -I/home/hj/Documents/COSMIC_FSW/cfe/modules/sb/fsw/inc -I/home/hj/Documents/COSMIC_FSW/cfe/modules/tbl/fsw/inc -I/home/hj/Documents/COSMIC_FSW/cfe/modules/time/fsw/inc -I/home/hj/Documents/COSMIC_FSW/osal/src/os/inc -I/home/hj/Documents/COSMIC_FSW/build/i686-linux-gnu/default_cpu1/osal/inc -I/home/hj/Documents/COSMIC_FSW/psp/fsw/inc -I/home/hj/Documents/COSMIC_FSW/psp/fsw/modules/iodriver/inc -I/home/hj/Documents/COSMIC_FSW/cfe/modules/msg/fsw/inc -I/home/hj/Documents/COSMIC_FSW/cfe/modules/resourceid/fsw/inc -I/home/hj/Documents/COSMIC_FSW/cfe/modules/config/fsw/inc -I/home/hj/Documents/COSMIC_FSW/cfe/modules/srl/fsw/inc -I/home/hj/Documents/COSMIC_FSW/cfe/modules/rf/fsw/inc -g -fPIC -std=c99 -pedantic -Wall -Wstrict-prototypes -Wwrite-strings -Wpointer-arith -Werror -Wno-format-truncation -Wno-stringop-truncation -MD -MT apps/payuzut/CMakeFiles/payuzut.dir/fsw/src/payuzut_dispatch.c.o -MF CMakeFiles/payuzut.dir/fsw/src/payuzut_dispatch.c.o.d -o CMakeFiles/payuzut.dir/fsw/src/payuzut_dispatch.c.o -c /home/hj/Documents/COSMIC_FSW/apps/payuzut/fsw/src/payuzut_dispatch.c
[ 87%] Linking C shared module payuzut.so
cd /home/hj/Documents/COSMIC_FSW/build/i686-linux-gnu/default_cpu1/apps/payuzut && /usr/bin/cmake -E cmake_link_script CMakeFiles/payuzut.dir/link.txt --verbose=1
/usr/bin/gcc -fPIC -g -shared  -o payuzut.so CMakeFiles/payuzut.dir/fsw/src/payuzut_task.c.o CMakeFiles/payuzut.dir/fsw/src/payuzut_cmds.c.o CMakeFiles/payuzut.dir/fsw/src/payuzut_dispatch.c.o CMakeFiles/payuzut.dir/fsw/src/payuzut_utils.c.o 
[ 87%] Built target payuzut
make  -f apps/sp/CMakeFiles/sp.dir/build.make apps/sp/CMakeFiles/sp.dir/depend
cd /home/hj/Documents/COSMIC_FSW/build/i686-linux-gnu/default_cpu1 && /usr/bin/cmake -E cmake_depends "Unix Makefiles" /home/hj/Documents/COSMIC_FSW/cfe /home/hj/Documents/COSMIC_FSW/apps/sp /home/hj/Documents/COSMIC_FSW/build/i686-linux-gnu/default_cpu1 /home/hj/Documents/COSMIC_FSW/build/i686-linux-gnu/default_cpu1/apps/sp /home/hj/Documents/COSMIC_FSW/build/i686-linux-gnu/default_cpu1/apps/sp/CMakeFiles/sp.dir/DependInfo.cmake --color=
Dependencies file "apps/sp/CMakeFiles/sp.dir/fsw/src/sp_cmds.c.o.d" is newer than depends file "/home/hj/Documents/COSMIC_FSW/build/i686-linux-gnu/default_cpu1/apps/sp/CMakeFiles/sp.dir/compiler_depend.internal".
Dependencies file "apps/sp/CMakeFiles/sp.dir/fsw/src/sp_task.c.o.d" is newer than depends file "/home/hj/Documents/COSMIC_FSW/build/i686-linux-gnu/default_cpu1/apps/sp/CMakeFiles/sp.dir/compiler_depend.internal".
Consolidate compiler generated dependencies of target sp
make  -f apps/sp/CMakeFiles/sp.dir/build.make apps/sp/CMakeFiles/sp.dir/build
[ 88%] Building C object apps/sp/CMakeFiles/sp.dir/fsw/src/sp_task.c.o
cd /home/hj/Documents/COSMIC_FSW/build/i686-linux-gnu/default_cpu1/apps/sp && /usr/bin/gcc -D_LINUX_OS_ -D_POSIX_OS_ -D_XOPEN_SOURCE=600 -Dsp_EXPORTS -I/home/hj/Documents/COSMIC_FSW/build/inc -I/home/hj/Documents/COSMIC_FSW/build/i686-linux-gnu/default_cpu1/inc -I/home/hj/Documents/COSMIC_FSW/apps/sp/fsw/inc -I/home/hj/Documents/COSMIC_FSW/cfe/modules/core_api/fsw/inc -I/home/hj/Documents/COSMIC_FSW/cfe/modules/es/fsw/inc -I/home/hj/Documents/COSMIC_FSW/cfe/modules/evs/fsw/inc -I/home/hj/Documents/COSMIC_FSW/cfe/modules/fs/fsw/inc -I/home/hj/Documents/COSMIC_FSW/cfe/modules/sb/fsw/inc -I/home/hj/Documents/COSMIC_FSW/cfe/modules/tbl/fsw/inc -I/home/hj/Documents/COSMIC_FSW/cfe/modules/time/fsw/inc -I/home/hj/Documents/COSMIC_FSW/osal/src/os/inc -I/home/hj/Documents/COSMIC_FSW/build/i686-linux-gnu/default_cpu1/osal/inc -I/home/hj/Documents/COSMIC_FSW/psp/fsw/inc -I/home/hj/Documents/COSMIC_FSW/psp/fsw/modules/iodriver/inc -I/home/hj/Documents/COSMIC_FSW/cfe/modules/msg/fsw/inc -I/home/hj/Documents/COSMIC_FSW/cfe/modules/resourceid/fsw/inc -I/home/hj/Documents/COSMIC_FSW/cfe/modules/config/fsw/inc -I/home/hj/Documents/COSMIC_FSW/cfe/modules/srl/fsw/inc -I/home/hj/Documents/COSMIC_FSW/cfe/modules/rf/fsw/inc -g -fPIC -std=c99 -pedantic -Wall -Wstrict-prototypes -Wwrite-strings -Wpointer-arith -Werror -Wno-format-truncation -Wno-stringop-truncation -MD -MT apps/sp/CMakeFiles/sp.dir/fsw/src/sp_task.c.o -MF CMakeFiles/sp.dir/fsw/src/sp_task.c.o.d -o CMakeFiles/sp.dir/fsw/src/sp_task.c.o -c /home/hj/Documents/COSMIC_FSW/apps/sp/fsw/src/sp_task.c
[ 88%] Building C object apps/sp/CMakeFiles/sp.dir/fsw/src/sp_cmds.c.o
cd /home/hj/Documents/COSMIC_FSW/build/i686-linux-gnu/default_cpu1/apps/sp && /usr/bin/gcc -D_LINUX_OS_ -D_POSIX_OS_ -D_XOPEN_SOURCE=600 -Dsp_EXPORTS -I/home/hj/Documents/COSMIC_FSW/build/inc -I/home/hj/Documents/COSMIC_FSW/build/i686-linux-gnu/default_cpu1/inc -I/home/hj/Documents/COSMIC_FSW/apps/sp/fsw/inc -I/home/hj/Documents/COSMIC_FSW/cfe/modules/core_api/fsw/inc -I/home/hj/Documents/COSMIC_FSW/cfe/modules/es/fsw/inc -I/home/hj/Documents/COSMIC_FSW/cfe/modules/evs/fsw/inc -I/home/hj/Documents/COSMIC_FSW/cfe/modules/fs/fsw/inc -I/home/hj/Documents/COSMIC_FSW/cfe/modules/sb/fsw/inc -I/home/hj/Documents/COSMIC_FSW/cfe/modules/tbl/fsw/inc -I/home/hj/Documents/COSMIC_FSW/cfe/modules/time/fsw/inc -I/home/hj/Documents/COSMIC_FSW/osal/src/os/inc -I/home/hj/Documents/COSMIC_FSW/build/i686-linux-gnu/default_cpu1/osal/inc -I/home/hj/Documents/COSMIC_FSW/psp/fsw/inc -I/home/hj/Documents/COSMIC_FSW/psp/fsw/modules/iodriver/inc -I/home/hj/Documents/COSMIC_FSW/cfe/modules/msg/fsw/inc -I/home/hj/Documents/COSMIC_FSW/cfe/modules/resourceid/fsw/inc -I/home/hj/Documents/COSMIC_FSW/cfe/modules/config/fsw/inc -I/home/hj/Documents/COSMIC_FSW/cfe/modules/srl/fsw/inc -I/home/hj/Documents/COSMIC_FSW/cfe/modules/rf/fsw/inc -g -fPIC -std=c99 -pedantic -Wall -Wstrict-prototypes -Wwrite-strings -Wpointer-arith -Werror -Wno-format-truncation -Wno-stringop-truncation -MD -MT apps/sp/CMakeFiles/sp.dir/fsw/src/sp_cmds.c.o -MF CMakeFiles/sp.dir/fsw/src/sp_cmds.c.o.d -o CMakeFiles/sp.dir/fsw/src/sp_cmds.c.o -c /home/hj/Documents/COSMIC_FSW/apps/sp/fsw/src/sp_cmds.c
